--
-- PostgreSQL database dump
--

\restrict bpNFZbTW6mFcASyPLcLO3wgdgas6UgopgTmGFMmeFOZZlBbiCYoqwuNp6LGyGMI

-- Dumped from database version 14.18 (Ubuntu 14.18-0ubuntu0.22.04.1)
-- Dumped by pg_dump version 16.10 (Ubuntu 16.10-0ubuntu0.24.04.1)

SET statement_timeout = 0;
SET lock_timeout = 0;
SET idle_in_transaction_session_timeout = 0;
SET client_encoding = 'UTF8';
SET standard_conforming_strings = on;
SELECT pg_catalog.set_config('search_path', '', false);
SET check_function_bodies = false;
SET xmloption = content;
SET client_min_messages = warning;
SET row_security = off;

--
-- Name: public; Type: SCHEMA; Schema: -; Owner: postgres
--

-- *not* creating schema, since initdb creates it


ALTER SCHEMA public OWNER TO postgres;

SET default_tablespace = '';

SET default_table_access_method = heap;

--
-- Name: assetapp_asset; Type: TABLE; Schema: public; Owner: postgres
--

CREATE TABLE public.assetapp_asset (
    id bigint NOT NULL,
    created_on timestamp with time zone NOT NULL,
    updated_on timestamp with time zone NOT NULL,
    is_deleted boolean NOT NULL,
    name character varying(250) NOT NULL,
    unique_id character varying(250) NOT NULL,
    image character varying(100),
    vendor character varying(255),
    model character varying(255),
    user_config jsonb NOT NULL,
    system_config jsonb NOT NULL,
    location_id bigint NOT NULL,
    parent_asset_id bigint,
    category_id bigint NOT NULL,
    maker_id bigint,
    type_id bigint
);


ALTER TABLE public.assetapp_asset OWNER TO postgres;

--
-- Name: assetapp_asset_id_seq; Type: SEQUENCE; Schema: public; Owner: postgres
--

ALTER TABLE public.assetapp_asset ALTER COLUMN id ADD GENERATED BY DEFAULT AS IDENTITY (
    SEQUENCE NAME public.assetapp_asset_id_seq
    START WITH 1
    INCREMENT BY 1
    NO MINVALUE
    NO MAXVALUE
    CACHE 1
);


--
-- Name: assetapp_assetcategory; Type: TABLE; Schema: public; Owner: postgres
--

CREATE TABLE public.assetapp_assetcategory (
    id bigint NOT NULL,
    created_on timestamp with time zone NOT NULL,
    updated_on timestamp with time zone NOT NULL,
    is_deleted boolean NOT NULL,
    name character varying(200) NOT NULL,
    description text,
    schema jsonb,
    parent_category_id bigint
);


ALTER TABLE public.assetapp_assetcategory OWNER TO postgres;

--
-- Name: assetapp_assetcategory_id_seq; Type: SEQUENCE; Schema: public; Owner: postgres
--

ALTER TABLE public.assetapp_assetcategory ALTER COLUMN id ADD GENERATED BY DEFAULT AS IDENTITY (
    SEQUENCE NAME public.assetapp_assetcategory_id_seq
    START WITH 1
    INCREMENT BY 1
    NO MINVALUE
    NO MAXVALUE
    CACHE 1
);


--
-- Name: assetapp_assetcost; Type: TABLE; Schema: public; Owner: postgres
--

CREATE TABLE public.assetapp_assetcost (
    id bigint NOT NULL,
    created_on timestamp with time zone NOT NULL,
    updated_on timestamp with time zone NOT NULL,
    is_deleted boolean NOT NULL,
    purchase_cost double precision NOT NULL,
    life_span integer NOT NULL,
    depreciation_method character varying(4) NOT NULL,
    total_units double precision NOT NULL,
    units_used_to_date double precision NOT NULL,
    depreciation_cost double precision NOT NULL,
    actual_cost double precision NOT NULL,
    user_config jsonb NOT NULL,
    system_config jsonb NOT NULL,
    asset_id bigint NOT NULL,
    unit_id bigint NOT NULL,
    CONSTRAINT assetapp_assetcost_life_span_check CHECK ((life_span >= 0))
);


ALTER TABLE public.assetapp_assetcost OWNER TO postgres;

--
-- Name: assetapp_assetcost_id_seq; Type: SEQUENCE; Schema: public; Owner: postgres
--

ALTER TABLE public.assetapp_assetcost ALTER COLUMN id ADD GENERATED BY DEFAULT AS IDENTITY (
    SEQUENCE NAME public.assetapp_assetcost_id_seq
    START WITH 1
    INCREMENT BY 1
    NO MINVALUE
    NO MAXVALUE
    CACHE 1
);


--
-- Name: assetapp_assetlog; Type: TABLE; Schema: public; Owner: postgres
--

CREATE TABLE public.assetapp_assetlog (
    id bigint NOT NULL,
    created_on timestamp with time zone NOT NULL,
    updated_on timestamp with time zone NOT NULL,
    is_deleted boolean NOT NULL,
    change_type character varying(255) NOT NULL,
    value_change_from double precision NOT NULL,
    value_change_to double precision NOT NULL,
    value_changed_by double precision NOT NULL,
    change_date date NOT NULL,
    meta_data jsonb,
    asset_id bigint NOT NULL
);


ALTER TABLE public.assetapp_assetlog OWNER TO postgres;

--
-- Name: assetapp_assetlog_id_seq; Type: SEQUENCE; Schema: public; Owner: postgres
--

ALTER TABLE public.assetapp_assetlog ALTER COLUMN id ADD GENERATED BY DEFAULT AS IDENTITY (
    SEQUENCE NAME public.assetapp_assetlog_id_seq
    START WITH 1
    INCREMENT BY 1
    NO MINVALUE
    NO MAXVALUE
    CACHE 1
);


--
-- Name: assetapp_assetmaintenance; Type: TABLE; Schema: public; Owner: postgres
--

CREATE TABLE public.assetapp_assetmaintenance (
    id bigint NOT NULL,
    created_on timestamp with time zone NOT NULL,
    updated_on timestamp with time zone NOT NULL,
    is_deleted boolean NOT NULL,
    scheduled_date date NOT NULL,
    performed_date date,
    performed_by character varying(255),
    description text NOT NULL,
    status character varying(20) NOT NULL,
    cost double precision NOT NULL,
    downtime_hours double precision NOT NULL,
    document character varying(100),
    remarks text,
    is_recurring boolean NOT NULL,
    recurrence_interval_days integer,
    next_scheduled_date date,
    asset_id bigint NOT NULL,
    maintenance_type_id bigint NOT NULL,
    CONSTRAINT assetapp_assetmaintenance_recurrence_interval_days_check CHECK ((recurrence_interval_days >= 0))
);


ALTER TABLE public.assetapp_assetmaintenance OWNER TO postgres;

--
-- Name: assetapp_assetmaintenance_id_seq; Type: SEQUENCE; Schema: public; Owner: postgres
--

ALTER TABLE public.assetapp_assetmaintenance ALTER COLUMN id ADD GENERATED BY DEFAULT AS IDENTITY (
    SEQUENCE NAME public.assetapp_assetmaintenance_id_seq
    START WITH 1
    INCREMENT BY 1
    NO MINVALUE
    NO MAXVALUE
    CACHE 1
);


--
-- Name: assetapp_assetmaintenancetype; Type: TABLE; Schema: public; Owner: postgres
--

CREATE TABLE public.assetapp_assetmaintenancetype (
    id bigint NOT NULL,
    created_on timestamp with time zone NOT NULL,
    updated_on timestamp with time zone NOT NULL,
    is_deleted boolean NOT NULL,
    name character varying(250) NOT NULL
);


ALTER TABLE public.assetapp_assetmaintenancetype OWNER TO postgres;

--
-- Name: assetapp_assetmaintenancetype_id_seq; Type: SEQUENCE; Schema: public; Owner: postgres
--

ALTER TABLE public.assetapp_assetmaintenancetype ALTER COLUMN id ADD GENERATED BY DEFAULT AS IDENTITY (
    SEQUENCE NAME public.assetapp_assetmaintenancetype_id_seq
    START WITH 1
    INCREMENT BY 1
    NO MINVALUE
    NO MAXVALUE
    CACHE 1
);


--
-- Name: assetapp_assetmaker; Type: TABLE; Schema: public; Owner: postgres
--

CREATE TABLE public.assetapp_assetmaker (
    id bigint NOT NULL,
    created_on timestamp with time zone NOT NULL,
    updated_on timestamp with time zone NOT NULL,
    is_deleted boolean NOT NULL,
    name character varying(500) NOT NULL
);


ALTER TABLE public.assetapp_assetmaker OWNER TO postgres;

--
-- Name: assetapp_assetmaker_id_seq; Type: SEQUENCE; Schema: public; Owner: postgres
--

ALTER TABLE public.assetapp_assetmaker ALTER COLUMN id ADD GENERATED BY DEFAULT AS IDENTITY (
    SEQUENCE NAME public.assetapp_assetmaker_id_seq
    START WITH 1
    INCREMENT BY 1
    NO MINVALUE
    NO MAXVALUE
    CACHE 1
);


--
-- Name: assetapp_assetmonitor; Type: TABLE; Schema: public; Owner: postgres
--

CREATE TABLE public.assetapp_assetmonitor (
    id bigint NOT NULL,
    created_on timestamp with time zone NOT NULL,
    updated_on timestamp with time zone NOT NULL,
    is_deleted boolean NOT NULL,
    value double precision NOT NULL,
    threshold double precision NOT NULL,
    last_threshold double precision NOT NULL,
    workflow_id bigint NOT NULL
);


ALTER TABLE public.assetapp_assetmonitor OWNER TO postgres;

--
-- Name: assetapp_assetmonitor_id_seq; Type: SEQUENCE; Schema: public; Owner: postgres
--

ALTER TABLE public.assetapp_assetmonitor ALTER COLUMN id ADD GENERATED BY DEFAULT AS IDENTITY (
    SEQUENCE NAME public.assetapp_assetmonitor_id_seq
    START WITH 1
    INCREMENT BY 1
    NO MINVALUE
    NO MAXVALUE
    CACHE 1
);


--
-- Name: assetapp_assetsupervisor; Type: TABLE; Schema: public; Owner: postgres
--

CREATE TABLE public.assetapp_assetsupervisor (
    id bigint NOT NULL,
    created_on timestamp with time zone NOT NULL,
    updated_on timestamp with time zone NOT NULL,
    is_deleted boolean NOT NULL,
    role character varying(250) NOT NULL,
    asset_id bigint NOT NULL,
    employee_id integer NOT NULL
);


ALTER TABLE public.assetapp_assetsupervisor OWNER TO postgres;

--
-- Name: assetapp_assetsupervisor_id_seq; Type: SEQUENCE; Schema: public; Owner: postgres
--

ALTER TABLE public.assetapp_assetsupervisor ALTER COLUMN id ADD GENERATED BY DEFAULT AS IDENTITY (
    SEQUENCE NAME public.assetapp_assetsupervisor_id_seq
    START WITH 1
    INCREMENT BY 1
    NO MINVALUE
    NO MAXVALUE
    CACHE 1
);


--
-- Name: assetapp_assettype; Type: TABLE; Schema: public; Owner: postgres
--

CREATE TABLE public.assetapp_assettype (
    id bigint NOT NULL,
    created_on timestamp with time zone NOT NULL,
    updated_on timestamp with time zone NOT NULL,
    is_deleted boolean NOT NULL,
    name character varying(200) NOT NULL,
    description text,
    category_id bigint NOT NULL,
    parent_type_id bigint
);


ALTER TABLE public.assetapp_assettype OWNER TO postgres;

--
-- Name: assetapp_assettype_id_seq; Type: SEQUENCE; Schema: public; Owner: postgres
--

ALTER TABLE public.assetapp_assettype ALTER COLUMN id ADD GENERATED BY DEFAULT AS IDENTITY (
    SEQUENCE NAME public.assetapp_assettype_id_seq
    START WITH 1
    INCREMENT BY 1
    NO MINVALUE
    NO MAXVALUE
    CACHE 1
);


--
-- Name: assetapp_maintenanceforms; Type: TABLE; Schema: public; Owner: postgres
--

CREATE TABLE public.assetapp_maintenanceforms (
    id bigint NOT NULL,
    created_on timestamp with time zone NOT NULL,
    updated_on timestamp with time zone NOT NULL,
    is_deleted boolean NOT NULL,
    task_name character varying(255) NOT NULL,
    description text NOT NULL,
    frequency_day integer NOT NULL,
    asset_id bigint NOT NULL,
    form_id_id bigint NOT NULL,
    workflow_id bigint NOT NULL
);


ALTER TABLE public.assetapp_maintenanceforms OWNER TO postgres;

--
-- Name: assetapp_maintenanceforms_id_seq; Type: SEQUENCE; Schema: public; Owner: postgres
--

ALTER TABLE public.assetapp_maintenanceforms ALTER COLUMN id ADD GENERATED BY DEFAULT AS IDENTITY (
    SEQUENCE NAME public.assetapp_maintenanceforms_id_seq
    START WITH 1
    INCREMENT BY 1
    NO MINVALUE
    NO MAXVALUE
    CACHE 1
);


--
-- Name: auth_group; Type: TABLE; Schema: public; Owner: postgres
--

CREATE TABLE public.auth_group (
    id integer NOT NULL,
    name character varying(150) NOT NULL
);


ALTER TABLE public.auth_group OWNER TO postgres;

--
-- Name: auth_group_id_seq; Type: SEQUENCE; Schema: public; Owner: postgres
--

ALTER TABLE public.auth_group ALTER COLUMN id ADD GENERATED BY DEFAULT AS IDENTITY (
    SEQUENCE NAME public.auth_group_id_seq
    START WITH 1
    INCREMENT BY 1
    NO MINVALUE
    NO MAXVALUE
    CACHE 1
);


--
-- Name: auth_group_permissions; Type: TABLE; Schema: public; Owner: postgres
--

CREATE TABLE public.auth_group_permissions (
    id bigint NOT NULL,
    group_id integer NOT NULL,
    permission_id integer NOT NULL
);


ALTER TABLE public.auth_group_permissions OWNER TO postgres;

--
-- Name: auth_group_permissions_id_seq; Type: SEQUENCE; Schema: public; Owner: postgres
--

ALTER TABLE public.auth_group_permissions ALTER COLUMN id ADD GENERATED BY DEFAULT AS IDENTITY (
    SEQUENCE NAME public.auth_group_permissions_id_seq
    START WITH 1
    INCREMENT BY 1
    NO MINVALUE
    NO MAXVALUE
    CACHE 1
);


--
-- Name: auth_permission; Type: TABLE; Schema: public; Owner: postgres
--

CREATE TABLE public.auth_permission (
    id integer NOT NULL,
    name character varying(255) NOT NULL,
    content_type_id integer NOT NULL,
    codename character varying(100) NOT NULL
);


ALTER TABLE public.auth_permission OWNER TO postgres;

--
-- Name: auth_permission_id_seq; Type: SEQUENCE; Schema: public; Owner: postgres
--

ALTER TABLE public.auth_permission ALTER COLUMN id ADD GENERATED BY DEFAULT AS IDENTITY (
    SEQUENCE NAME public.auth_permission_id_seq
    START WITH 1
    INCREMENT BY 1
    NO MINVALUE
    NO MAXVALUE
    CACHE 1
);


--
-- Name: auth_user; Type: TABLE; Schema: public; Owner: postgres
--

CREATE TABLE public.auth_user (
    id integer NOT NULL,
    password character varying(128) NOT NULL,
    last_login timestamp with time zone,
    is_superuser boolean NOT NULL,
    username character varying(150) NOT NULL,
    first_name character varying(150) NOT NULL,
    last_name character varying(150) NOT NULL,
    email character varying(254) NOT NULL,
    is_staff boolean NOT NULL,
    is_active boolean NOT NULL,
    date_joined timestamp with time zone NOT NULL
);


ALTER TABLE public.auth_user OWNER TO postgres;

--
-- Name: auth_user_groups; Type: TABLE; Schema: public; Owner: postgres
--

CREATE TABLE public.auth_user_groups (
    id bigint NOT NULL,
    user_id integer NOT NULL,
    group_id integer NOT NULL
);


ALTER TABLE public.auth_user_groups OWNER TO postgres;

--
-- Name: auth_user_groups_id_seq; Type: SEQUENCE; Schema: public; Owner: postgres
--

ALTER TABLE public.auth_user_groups ALTER COLUMN id ADD GENERATED BY DEFAULT AS IDENTITY (
    SEQUENCE NAME public.auth_user_groups_id_seq
    START WITH 1
    INCREMENT BY 1
    NO MINVALUE
    NO MAXVALUE
    CACHE 1
);


--
-- Name: auth_user_id_seq; Type: SEQUENCE; Schema: public; Owner: postgres
--

ALTER TABLE public.auth_user ALTER COLUMN id ADD GENERATED BY DEFAULT AS IDENTITY (
    SEQUENCE NAME public.auth_user_id_seq
    START WITH 1
    INCREMENT BY 1
    NO MINVALUE
    NO MAXVALUE
    CACHE 1
);


--
-- Name: auth_user_user_permissions; Type: TABLE; Schema: public; Owner: postgres
--

CREATE TABLE public.auth_user_user_permissions (
    id bigint NOT NULL,
    user_id integer NOT NULL,
    permission_id integer NOT NULL
);


ALTER TABLE public.auth_user_user_permissions OWNER TO postgres;

--
-- Name: auth_user_user_permissions_id_seq; Type: SEQUENCE; Schema: public; Owner: postgres
--

ALTER TABLE public.auth_user_user_permissions ALTER COLUMN id ADD GENERATED BY DEFAULT AS IDENTITY (
    SEQUENCE NAME public.auth_user_user_permissions_id_seq
    START WITH 1
    INCREMENT BY 1
    NO MINVALUE
    NO MAXVALUE
    CACHE 1
);


--
-- Name: authtoken_token; Type: TABLE; Schema: public; Owner: postgres
--

CREATE TABLE public.authtoken_token (
    key character varying(40) NOT NULL,
    created timestamp with time zone NOT NULL,
    user_id integer NOT NULL
);


ALTER TABLE public.authtoken_token OWNER TO postgres;

--
-- Name: compliance_assessmenttype; Type: TABLE; Schema: public; Owner: postgres
--

CREATE TABLE public.compliance_assessmenttype (
    id bigint NOT NULL,
    name character varying(255) NOT NULL,
    created_at timestamp with time zone NOT NULL
);


ALTER TABLE public.compliance_assessmenttype OWNER TO postgres;

--
-- Name: compliance_assessmenttype_id_seq; Type: SEQUENCE; Schema: public; Owner: postgres
--

ALTER TABLE public.compliance_assessmenttype ALTER COLUMN id ADD GENERATED BY DEFAULT AS IDENTITY (
    SEQUENCE NAME public.compliance_assessmenttype_id_seq
    START WITH 1
    INCREMENT BY 1
    NO MINVALUE
    NO MAXVALUE
    CACHE 1
);


--
-- Name: compliance_bisstandard; Type: TABLE; Schema: public; Owner: postgres
--

CREATE TABLE public.compliance_bisstandard (
    id bigint NOT NULL,
    standard_code character varying(100) NOT NULL,
    description text
);


ALTER TABLE public.compliance_bisstandard OWNER TO postgres;

--
-- Name: compliance_bisstandard_id_seq; Type: SEQUENCE; Schema: public; Owner: postgres
--

ALTER TABLE public.compliance_bisstandard ALTER COLUMN id ADD GENERATED BY DEFAULT AS IDENTITY (
    SEQUENCE NAME public.compliance_bisstandard_id_seq
    START WITH 1
    INCREMENT BY 1
    NO MINVALUE
    NO MAXVALUE
    CACHE 1
);


--
-- Name: compliance_bom; Type: TABLE; Schema: public; Owner: postgres
--

CREATE TABLE public.compliance_bom (
    id bigint NOT NULL,
    rm_code character varying(50) NOT NULL,
    real_world_name character varying(100) NOT NULL,
    critical_threshold character varying(100) NOT NULL,
    bis_standard_id bigint,
    function_id bigint NOT NULL,
    raw_material_grade_id bigint NOT NULL,
    product_id bigint NOT NULL
);


ALTER TABLE public.compliance_bom OWNER TO postgres;

--
-- Name: compliance_bom_id_seq; Type: SEQUENCE; Schema: public; Owner: postgres
--

ALTER TABLE public.compliance_bom ALTER COLUMN id ADD GENERATED BY DEFAULT AS IDENTITY (
    SEQUENCE NAME public.compliance_bom_id_seq
    START WITH 1
    INCREMENT BY 1
    NO MINVALUE
    NO MAXVALUE
    CACHE 1
);


--
-- Name: compliance_dosageform; Type: TABLE; Schema: public; Owner: postgres
--

CREATE TABLE public.compliance_dosageform (
    id bigint NOT NULL,
    name character varying(255) NOT NULL,
    created_at timestamp with time zone NOT NULL
);


ALTER TABLE public.compliance_dosageform OWNER TO postgres;

--
-- Name: compliance_dosageform_id_seq; Type: SEQUENCE; Schema: public; Owner: postgres
--

ALTER TABLE public.compliance_dosageform ALTER COLUMN id ADD GENERATED BY DEFAULT AS IDENTITY (
    SEQUENCE NAME public.compliance_dosageform_id_seq
    START WITH 1
    INCREMENT BY 1
    NO MINVALUE
    NO MAXVALUE
    CACHE 1
);


--
-- Name: compliance_fmeadepartment; Type: TABLE; Schema: public; Owner: postgres
--

CREATE TABLE public.compliance_fmeadepartment (
    id bigint NOT NULL,
    name character varying(255) NOT NULL,
    created_at timestamp with time zone NOT NULL
);


ALTER TABLE public.compliance_fmeadepartment OWNER TO postgres;

--
-- Name: compliance_fmeadepartment_id_seq; Type: SEQUENCE; Schema: public; Owner: postgres
--

ALTER TABLE public.compliance_fmeadepartment ALTER COLUMN id ADD GENERATED BY DEFAULT AS IDENTITY (
    SEQUENCE NAME public.compliance_fmeadepartment_id_seq
    START WITH 1
    INCREMENT BY 1
    NO MINVALUE
    NO MAXVALUE
    CACHE 1
);


--
-- Name: compliance_material; Type: TABLE; Schema: public; Owner: postgres
--

CREATE TABLE public.compliance_material (
    id bigint NOT NULL,
    description text,
    function_id bigint NOT NULL,
    material_id bigint NOT NULL,
    product_id bigint NOT NULL
);


ALTER TABLE public.compliance_material OWNER TO postgres;

--
-- Name: compliance_material_id_seq; Type: SEQUENCE; Schema: public; Owner: postgres
--

ALTER TABLE public.compliance_material ALTER COLUMN id ADD GENERATED BY DEFAULT AS IDENTITY (
    SEQUENCE NAME public.compliance_material_id_seq
    START WITH 1
    INCREMENT BY 1
    NO MINVALUE
    NO MAXVALUE
    CACHE 1
);


--
-- Name: compliance_material_parameters; Type: TABLE; Schema: public; Owner: postgres
--

CREATE TABLE public.compliance_material_parameters (
    id bigint NOT NULL,
    material_id bigint NOT NULL,
    materialparameters_id bigint NOT NULL
);


ALTER TABLE public.compliance_material_parameters OWNER TO postgres;

--
-- Name: compliance_material_parameters_id_seq; Type: SEQUENCE; Schema: public; Owner: postgres
--

ALTER TABLE public.compliance_material_parameters ALTER COLUMN id ADD GENERATED BY DEFAULT AS IDENTITY (
    SEQUENCE NAME public.compliance_material_parameters_id_seq
    START WITH 1
    INCREMENT BY 1
    NO MINVALUE
    NO MAXVALUE
    CACHE 1
);


--
-- Name: compliance_materialfunction; Type: TABLE; Schema: public; Owner: postgres
--

CREATE TABLE public.compliance_materialfunction (
    id bigint NOT NULL,
    name character varying(255) NOT NULL,
    created_at timestamp with time zone NOT NULL
);


ALTER TABLE public.compliance_materialfunction OWNER TO postgres;

--
-- Name: compliance_materialfunction_id_seq; Type: SEQUENCE; Schema: public; Owner: postgres
--

ALTER TABLE public.compliance_materialfunction ALTER COLUMN id ADD GENERATED BY DEFAULT AS IDENTITY (
    SEQUENCE NAME public.compliance_materialfunction_id_seq
    START WITH 1
    INCREMENT BY 1
    NO MINVALUE
    NO MAXVALUE
    CACHE 1
);


--
-- Name: compliance_materialgrade; Type: TABLE; Schema: public; Owner: postgres
--

CREATE TABLE public.compliance_materialgrade (
    id bigint NOT NULL,
    name character varying(100) NOT NULL,
    description text
);


ALTER TABLE public.compliance_materialgrade OWNER TO postgres;

--
-- Name: compliance_materialgrade_id_seq; Type: SEQUENCE; Schema: public; Owner: postgres
--

ALTER TABLE public.compliance_materialgrade ALTER COLUMN id ADD GENERATED BY DEFAULT AS IDENTITY (
    SEQUENCE NAME public.compliance_materialgrade_id_seq
    START WITH 1
    INCREMENT BY 1
    NO MINVALUE
    NO MAXVALUE
    CACHE 1
);


--
-- Name: compliance_materialname; Type: TABLE; Schema: public; Owner: postgres
--

CREATE TABLE public.compliance_materialname (
    id bigint NOT NULL,
    name character varying(255) NOT NULL,
    "desc" text,
    created_at timestamp with time zone NOT NULL
);


ALTER TABLE public.compliance_materialname OWNER TO postgres;

--
-- Name: compliance_materialname_id_seq; Type: SEQUENCE; Schema: public; Owner: postgres
--

ALTER TABLE public.compliance_materialname ALTER COLUMN id ADD GENERATED BY DEFAULT AS IDENTITY (
    SEQUENCE NAME public.compliance_materialname_id_seq
    START WITH 1
    INCREMENT BY 1
    NO MINVALUE
    NO MAXVALUE
    CACHE 1
);


--
-- Name: compliance_materialparam; Type: TABLE; Schema: public; Owner: postgres
--

CREATE TABLE public.compliance_materialparam (
    id bigint NOT NULL,
    threshold character varying(100) NOT NULL,
    optimum_value character varying(100),
    material_id bigint NOT NULL,
    parameters_id bigint NOT NULL,
    test_method_id bigint
);


ALTER TABLE public.compliance_materialparam OWNER TO postgres;

--
-- Name: compliance_materialparam_id_seq; Type: SEQUENCE; Schema: public; Owner: postgres
--

ALTER TABLE public.compliance_materialparam ALTER COLUMN id ADD GENERATED BY DEFAULT AS IDENTITY (
    SEQUENCE NAME public.compliance_materialparam_id_seq
    START WITH 1
    INCREMENT BY 1
    NO MINVALUE
    NO MAXVALUE
    CACHE 1
);


--
-- Name: compliance_materialparameters; Type: TABLE; Schema: public; Owner: postgres
--

CREATE TABLE public.compliance_materialparameters (
    id bigint NOT NULL,
    name character varying(255) NOT NULL,
    unit character varying(255),
    created_at timestamp with time zone NOT NULL
);


ALTER TABLE public.compliance_materialparameters OWNER TO postgres;

--
-- Name: compliance_materialparameters_id_seq; Type: SEQUENCE; Schema: public; Owner: postgres
--

ALTER TABLE public.compliance_materialparameters ALTER COLUMN id ADD GENERATED BY DEFAULT AS IDENTITY (
    SEQUENCE NAME public.compliance_materialparameters_id_seq
    START WITH 1
    INCREMENT BY 1
    NO MINVALUE
    NO MAXVALUE
    CACHE 1
);


--
-- Name: compliance_parameterunit; Type: TABLE; Schema: public; Owner: postgres
--

CREATE TABLE public.compliance_parameterunit (
    id bigint NOT NULL,
    name character varying(255) NOT NULL
);


ALTER TABLE public.compliance_parameterunit OWNER TO postgres;

--
-- Name: compliance_parameterunit_id_seq; Type: SEQUENCE; Schema: public; Owner: postgres
--

ALTER TABLE public.compliance_parameterunit ALTER COLUMN id ADD GENERATED BY DEFAULT AS IDENTITY (
    SEQUENCE NAME public.compliance_parameterunit_id_seq
    START WITH 1
    INCREMENT BY 1
    NO MINVALUE
    NO MAXVALUE
    CACHE 1
);


--
-- Name: compliance_processcontrol; Type: TABLE; Schema: public; Owner: postgres
--

CREATE TABLE public.compliance_processcontrol (
    id bigint NOT NULL,
    name character varying(255) NOT NULL,
    unit character varying(255)
);


ALTER TABLE public.compliance_processcontrol OWNER TO postgres;

--
-- Name: compliance_processcontrol_id_seq; Type: SEQUENCE; Schema: public; Owner: postgres
--

ALTER TABLE public.compliance_processcontrol ALTER COLUMN id ADD GENERATED BY DEFAULT AS IDENTITY (
    SEQUENCE NAME public.compliance_processcontrol_id_seq
    START WITH 1
    INCREMENT BY 1
    NO MINVALUE
    NO MAXVALUE
    CACHE 1
);


--
-- Name: compliance_processcontrolthreshold; Type: TABLE; Schema: public; Owner: postgres
--

CREATE TABLE public.compliance_processcontrolthreshold (
    id bigint NOT NULL,
    description text,
    threshold_range character varying(100) NOT NULL,
    impact_if_out_of_range text NOT NULL,
    process_control_id bigint NOT NULL,
    product_id bigint NOT NULL
);


ALTER TABLE public.compliance_processcontrolthreshold OWNER TO postgres;

--
-- Name: compliance_processcontrolthreshold_id_seq; Type: SEQUENCE; Schema: public; Owner: postgres
--

ALTER TABLE public.compliance_processcontrolthreshold ALTER COLUMN id ADD GENERATED BY DEFAULT AS IDENTITY (
    SEQUENCE NAME public.compliance_processcontrolthreshold_id_seq
    START WITH 1
    INCREMENT BY 1
    NO MINVALUE
    NO MAXVALUE
    CACHE 1
);


--
-- Name: compliance_product; Type: TABLE; Schema: public; Owner: postgres
--

CREATE TABLE public.compliance_product (
    id bigint NOT NULL,
    name character varying(255) NOT NULL,
    code character varying(100) NOT NULL,
    description text,
    sop_doc character varying(300),
    created_at timestamp with time zone NOT NULL
);


ALTER TABLE public.compliance_product OWNER TO postgres;

--
-- Name: compliance_product_dosage; Type: TABLE; Schema: public; Owner: postgres
--

CREATE TABLE public.compliance_product_dosage (
    id bigint NOT NULL,
    product_id bigint NOT NULL,
    dosageform_id bigint NOT NULL
);


ALTER TABLE public.compliance_product_dosage OWNER TO postgres;

--
-- Name: compliance_product_dosage_id_seq; Type: SEQUENCE; Schema: public; Owner: postgres
--

ALTER TABLE public.compliance_product_dosage ALTER COLUMN id ADD GENERATED BY DEFAULT AS IDENTITY (
    SEQUENCE NAME public.compliance_product_dosage_id_seq
    START WITH 1
    INCREMENT BY 1
    NO MINVALUE
    NO MAXVALUE
    CACHE 1
);


--
-- Name: compliance_product_id_seq; Type: SEQUENCE; Schema: public; Owner: postgres
--

ALTER TABLE public.compliance_product ALTER COLUMN id ADD GENERATED BY DEFAULT AS IDENTITY (
    SEQUENCE NAME public.compliance_product_id_seq
    START WITH 1
    INCREMENT BY 1
    NO MINVALUE
    NO MAXVALUE
    CACHE 1
);


--
-- Name: compliance_sodcalibration; Type: TABLE; Schema: public; Owner: postgres
--

CREATE TABLE public.compliance_sodcalibration (
    id bigint NOT NULL,
    input_data jsonb,
    calibration_data jsonb,
    created_at timestamp with time zone NOT NULL
);


ALTER TABLE public.compliance_sodcalibration OWNER TO postgres;

--
-- Name: compliance_sodcalibration_id_seq; Type: SEQUENCE; Schema: public; Owner: postgres
--

ALTER TABLE public.compliance_sodcalibration ALTER COLUMN id ADD GENERATED BY DEFAULT AS IDENTITY (
    SEQUENCE NAME public.compliance_sodcalibration_id_seq
    START WITH 1
    INCREMENT BY 1
    NO MINVALUE
    NO MAXVALUE
    CACHE 1
);


--
-- Name: compliance_sopdocument; Type: TABLE; Schema: public; Owner: postgres
--

CREATE TABLE public.compliance_sopdocument (
    id bigint NOT NULL,
    title character varying(255) NOT NULL,
    uploaded_file character varying(100) NOT NULL,
    uploaded_at timestamp with time zone NOT NULL
);


ALTER TABLE public.compliance_sopdocument OWNER TO postgres;

--
-- Name: compliance_sopdocument_id_seq; Type: SEQUENCE; Schema: public; Owner: postgres
--

ALTER TABLE public.compliance_sopdocument ALTER COLUMN id ADD GENERATED BY DEFAULT AS IDENTITY (
    SEQUENCE NAME public.compliance_sopdocument_id_seq
    START WITH 1
    INCREMENT BY 1
    NO MINVALUE
    NO MAXVALUE
    CACHE 1
);


--
-- Name: compliance_sopsection; Type: TABLE; Schema: public; Owner: postgres
--

CREATE TABLE public.compliance_sopsection (
    id bigint NOT NULL,
    section_heading character varying(255) NOT NULL,
    content text NOT NULL,
    sop_document_id bigint NOT NULL
);


ALTER TABLE public.compliance_sopsection OWNER TO postgres;

--
-- Name: compliance_sopsection_id_seq; Type: SEQUENCE; Schema: public; Owner: postgres
--

ALTER TABLE public.compliance_sopsection ALTER COLUMN id ADD GENERATED BY DEFAULT AS IDENTITY (
    SEQUENCE NAME public.compliance_sopsection_id_seq
    START WITH 1
    INCREMENT BY 1
    NO MINVALUE
    NO MAXVALUE
    CACHE 1
);


--
-- Name: compliance_testmethod; Type: TABLE; Schema: public; Owner: postgres
--

CREATE TABLE public.compliance_testmethod (
    id bigint NOT NULL,
    name character varying(255) NOT NULL,
    description text,
    created_at timestamp with time zone NOT NULL
);


ALTER TABLE public.compliance_testmethod OWNER TO postgres;

--
-- Name: compliance_testmethod_id_seq; Type: SEQUENCE; Schema: public; Owner: postgres
--

ALTER TABLE public.compliance_testmethod ALTER COLUMN id ADD GENERATED BY DEFAULT AS IDENTITY (
    SEQUENCE NAME public.compliance_testmethod_id_seq
    START WITH 1
    INCREMENT BY 1
    NO MINVALUE
    NO MAXVALUE
    CACHE 1
);


--
-- Name: compliance_usercompliencehistory; Type: TABLE; Schema: public; Owner: postgres
--

CREATE TABLE public.compliance_usercompliencehistory (
    id bigint NOT NULL,
    file_name character varying(255),
    dt timestamp with time zone NOT NULL,
    json_doc jsonb,
    gap_len integer,
    status character varying(50) NOT NULL,
    score numeric(5,2),
    file character varying(100),
    document_id bigint,
    user_id integer NOT NULL
);


ALTER TABLE public.compliance_usercompliencehistory OWNER TO postgres;

--
-- Name: compliance_usercompliencehistory_id_seq; Type: SEQUENCE; Schema: public; Owner: postgres
--

ALTER TABLE public.compliance_usercompliencehistory ALTER COLUMN id ADD GENERATED BY DEFAULT AS IDENTITY (
    SEQUENCE NAME public.compliance_usercompliencehistory_id_seq
    START WITH 1
    INCREMENT BY 1
    NO MINVALUE
    NO MAXVALUE
    CACHE 1
);


--
-- Name: compliance_usercompliencehistory_sections; Type: TABLE; Schema: public; Owner: postgres
--

CREATE TABLE public.compliance_usercompliencehistory_sections (
    id bigint NOT NULL,
    usercompliencehistory_id bigint NOT NULL,
    sopsection_id bigint NOT NULL
);


ALTER TABLE public.compliance_usercompliencehistory_sections OWNER TO postgres;

--
-- Name: compliance_usercompliencehistory_sections_id_seq; Type: SEQUENCE; Schema: public; Owner: postgres
--

ALTER TABLE public.compliance_usercompliencehistory_sections ALTER COLUMN id ADD GENERATED BY DEFAULT AS IDENTITY (
    SEQUENCE NAME public.compliance_usercompliencehistory_sections_id_seq
    START WITH 1
    INCREMENT BY 1
    NO MINVALUE
    NO MAXVALUE
    CACHE 1
);


--
-- Name: compliance_userfmeahistory; Type: TABLE; Schema: public; Owner: postgres
--

CREATE TABLE public.compliance_userfmeahistory (
    id bigint NOT NULL,
    request_data jsonb,
    fmea jsonb,
    summary jsonb,
    risk_summary jsonb,
    insights jsonb,
    created_at timestamp with time zone NOT NULL,
    user_id integer NOT NULL
);


ALTER TABLE public.compliance_userfmeahistory OWNER TO postgres;

--
-- Name: compliance_userfmeahistory_id_seq; Type: SEQUENCE; Schema: public; Owner: postgres
--

ALTER TABLE public.compliance_userfmeahistory ALTER COLUMN id ADD GENERATED BY DEFAULT AS IDENTITY (
    SEQUENCE NAME public.compliance_userfmeahistory_id_seq
    START WITH 1
    INCREMENT BY 1
    NO MINVALUE
    NO MAXVALUE
    CACHE 1
);


--
-- Name: configapp_addfield; Type: TABLE; Schema: public; Owner: postgres
--

CREATE TABLE public.configapp_addfield (
    id bigint NOT NULL,
    created_on timestamp with time zone NOT NULL,
    updated_on timestamp with time zone NOT NULL,
    is_deleted boolean NOT NULL,
    form_key character varying(100) NOT NULL,
    group_key character varying(100),
    description text,
    user_config jsonb NOT NULL
);


ALTER TABLE public.configapp_addfield OWNER TO postgres;

--
-- Name: configapp_addfield_id_seq; Type: SEQUENCE; Schema: public; Owner: postgres
--

ALTER TABLE public.configapp_addfield ALTER COLUMN id ADD GENERATED BY DEFAULT AS IDENTITY (
    SEQUENCE NAME public.configapp_addfield_id_seq
    START WITH 1
    INCREMENT BY 1
    NO MINVALUE
    NO MAXVALUE
    CACHE 1
);


--
-- Name: configapp_addfieldlog; Type: TABLE; Schema: public; Owner: postgres
--

CREATE TABLE public.configapp_addfieldlog (
    id bigint NOT NULL,
    created_on timestamp with time zone NOT NULL,
    updated_on timestamp with time zone NOT NULL,
    is_deleted boolean NOT NULL,
    update_details jsonb NOT NULL,
    previous_description text,
    new_description text,
    add_field_id bigint NOT NULL
);


ALTER TABLE public.configapp_addfieldlog OWNER TO postgres;

--
-- Name: configapp_addfieldlog_id_seq; Type: SEQUENCE; Schema: public; Owner: postgres
--

ALTER TABLE public.configapp_addfieldlog ALTER COLUMN id ADD GENERATED BY DEFAULT AS IDENTITY (
    SEQUENCE NAME public.configapp_addfieldlog_id_seq
    START WITH 1
    INCREMENT BY 1
    NO MINVALUE
    NO MAXVALUE
    CACHE 1
);


--
-- Name: configapp_additionalfield; Type: TABLE; Schema: public; Owner: postgres
--

CREATE TABLE public.configapp_additionalfield (
    id bigint NOT NULL,
    created_on timestamp with time zone NOT NULL,
    updated_on timestamp with time zone NOT NULL,
    is_deleted boolean NOT NULL,
    user_config jsonb NOT NULL
);


ALTER TABLE public.configapp_additionalfield OWNER TO postgres;

--
-- Name: configapp_additionalfield_id_seq; Type: SEQUENCE; Schema: public; Owner: postgres
--

ALTER TABLE public.configapp_additionalfield ALTER COLUMN id ADD GENERATED BY DEFAULT AS IDENTITY (
    SEQUENCE NAME public.configapp_additionalfield_id_seq
    START WITH 1
    INCREMENT BY 1
    NO MINVALUE
    NO MAXVALUE
    CACHE 1
);


--
-- Name: configapp_additionalfieldlog; Type: TABLE; Schema: public; Owner: postgres
--

CREATE TABLE public.configapp_additionalfieldlog (
    id bigint NOT NULL,
    update_details jsonb NOT NULL,
    created_at timestamp with time zone NOT NULL,
    additional_field_id bigint NOT NULL
);


ALTER TABLE public.configapp_additionalfieldlog OWNER TO postgres;

--
-- Name: configapp_additionalfieldlog_id_seq; Type: SEQUENCE; Schema: public; Owner: postgres
--

ALTER TABLE public.configapp_additionalfieldlog ALTER COLUMN id ADD GENERATED BY DEFAULT AS IDENTITY (
    SEQUENCE NAME public.configapp_additionalfieldlog_id_seq
    START WITH 1
    INCREMENT BY 1
    NO MINVALUE
    NO MAXVALUE
    CACHE 1
);


--
-- Name: configapp_department; Type: TABLE; Schema: public; Owner: postgres
--

CREATE TABLE public.configapp_department (
    id bigint NOT NULL,
    created_on timestamp with time zone NOT NULL,
    updated_on timestamp with time zone NOT NULL,
    is_deleted boolean NOT NULL,
    department_name character varying(100) NOT NULL,
    department_code character varying(50) NOT NULL,
    description text,
    status boolean NOT NULL,
    system_config jsonb NOT NULL,
    user_config jsonb NOT NULL,
    parent_department_id bigint,
    head_of_department_id integer
);


ALTER TABLE public.configapp_department OWNER TO postgres;

--
-- Name: configapp_department_id_seq; Type: SEQUENCE; Schema: public; Owner: postgres
--

ALTER TABLE public.configapp_department ALTER COLUMN id ADD GENERATED BY DEFAULT AS IDENTITY (
    SEQUENCE NAME public.configapp_department_id_seq
    START WITH 1
    INCREMENT BY 1
    NO MINVALUE
    NO MAXVALUE
    CACHE 1
);


--
-- Name: configapp_designation; Type: TABLE; Schema: public; Owner: postgres
--

CREATE TABLE public.configapp_designation (
    id bigint NOT NULL,
    created_on timestamp with time zone NOT NULL,
    updated_on timestamp with time zone NOT NULL,
    is_deleted boolean NOT NULL,
    designation_name character varying(100) NOT NULL,
    designation_code character varying(50) NOT NULL,
    description text,
    status boolean NOT NULL,
    system_config jsonb NOT NULL,
    user_config jsonb NOT NULL,
    reporting_to_id bigint
);


ALTER TABLE public.configapp_designation OWNER TO postgres;

--
-- Name: configapp_designation_id_seq; Type: SEQUENCE; Schema: public; Owner: postgres
--

ALTER TABLE public.configapp_designation ALTER COLUMN id ADD GENERATED BY DEFAULT AS IDENTITY (
    SEQUENCE NAME public.configapp_designation_id_seq
    START WITH 1
    INCREMENT BY 1
    NO MINVALUE
    NO MAXVALUE
    CACHE 1
);


--
-- Name: configapp_employee; Type: TABLE; Schema: public; Owner: postgres
--

CREATE TABLE public.configapp_employee (
    created_on timestamp with time zone NOT NULL,
    updated_on timestamp with time zone NOT NULL,
    is_deleted boolean NOT NULL,
    user_id integer NOT NULL,
    first_name character varying(70) NOT NULL,
    last_name character varying(70) NOT NULL,
    email character varying(70) NOT NULL,
    username character varying(70) NOT NULL,
    phone bigint,
    employee_type character varying(20) NOT NULL,
    status boolean NOT NULL,
    can_notify boolean NOT NULL,
    system_config jsonb NOT NULL,
    user_config jsonb NOT NULL,
    department_id bigint,
    designation_id bigint,
    manager_id integer,
    location_id bigint
);


ALTER TABLE public.configapp_employee OWNER TO postgres;

--
-- Name: configapp_employee_role; Type: TABLE; Schema: public; Owner: postgres
--

CREATE TABLE public.configapp_employee_role (
    id bigint NOT NULL,
    employee_id integer NOT NULL,
    role_id bigint NOT NULL
);


ALTER TABLE public.configapp_employee_role OWNER TO postgres;

--
-- Name: configapp_employee_role_id_seq; Type: SEQUENCE; Schema: public; Owner: postgres
--

ALTER TABLE public.configapp_employee_role ALTER COLUMN id ADD GENERATED BY DEFAULT AS IDENTITY (
    SEQUENCE NAME public.configapp_employee_role_id_seq
    START WITH 1
    INCREMENT BY 1
    NO MINVALUE
    NO MAXVALUE
    CACHE 1
);


--
-- Name: configapp_formlist; Type: TABLE; Schema: public; Owner: postgres
--

CREATE TABLE public.configapp_formlist (
    id bigint NOT NULL,
    name character varying(255) NOT NULL,
    key character varying(50) NOT NULL,
    created_at timestamp with time zone NOT NULL
);


ALTER TABLE public.configapp_formlist OWNER TO postgres;

--
-- Name: configapp_formlist_id_seq; Type: SEQUENCE; Schema: public; Owner: postgres
--

ALTER TABLE public.configapp_formlist ALTER COLUMN id ADD GENERATED BY DEFAULT AS IDENTITY (
    SEQUENCE NAME public.configapp_formlist_id_seq
    START WITH 1
    INCREMENT BY 1
    NO MINVALUE
    NO MAXVALUE
    CACHE 1
);


--
-- Name: configapp_location; Type: TABLE; Schema: public; Owner: postgres
--

CREATE TABLE public.configapp_location (
    id bigint NOT NULL,
    created_on timestamp with time zone NOT NULL,
    updated_on timestamp with time zone NOT NULL,
    is_deleted boolean NOT NULL,
    location_name character varying(200) NOT NULL,
    location_code character varying(50) NOT NULL,
    description text,
    status boolean NOT NULL,
    system_config jsonb NOT NULL,
    user_config jsonb NOT NULL,
    parent_location_id bigint,
    location_type_id bigint NOT NULL
);


ALTER TABLE public.configapp_location OWNER TO postgres;

--
-- Name: configapp_location_id_seq; Type: SEQUENCE; Schema: public; Owner: postgres
--

ALTER TABLE public.configapp_location ALTER COLUMN id ADD GENERATED BY DEFAULT AS IDENTITY (
    SEQUENCE NAME public.configapp_location_id_seq
    START WITH 1
    INCREMENT BY 1
    NO MINVALUE
    NO MAXVALUE
    CACHE 1
);


--
-- Name: configapp_locationtype; Type: TABLE; Schema: public; Owner: postgres
--

CREATE TABLE public.configapp_locationtype (
    id bigint NOT NULL,
    created_on timestamp with time zone NOT NULL,
    updated_on timestamp with time zone NOT NULL,
    is_deleted boolean NOT NULL,
    location_type character varying(200) NOT NULL,
    description text,
    parent_location_type_id bigint
);


ALTER TABLE public.configapp_locationtype OWNER TO postgres;

--
-- Name: configapp_locationtype_id_seq; Type: SEQUENCE; Schema: public; Owner: postgres
--

ALTER TABLE public.configapp_locationtype ALTER COLUMN id ADD GENERATED BY DEFAULT AS IDENTITY (
    SEQUENCE NAME public.configapp_locationtype_id_seq
    START WITH 1
    INCREMENT BY 1
    NO MINVALUE
    NO MAXVALUE
    CACHE 1
);


--
-- Name: configapp_organizationhierarchy; Type: TABLE; Schema: public; Owner: postgres
--

CREATE TABLE public.configapp_organizationhierarchy (
    id bigint NOT NULL,
    created_on timestamp with time zone NOT NULL,
    updated_on timestamp with time zone NOT NULL,
    is_deleted boolean NOT NULL,
    department_id bigint NOT NULL,
    designation_id bigint NOT NULL,
    parent_org_hierarchy_id bigint
);


ALTER TABLE public.configapp_organizationhierarchy OWNER TO postgres;

--
-- Name: configapp_organizationhierarchy_id_seq; Type: SEQUENCE; Schema: public; Owner: postgres
--

ALTER TABLE public.configapp_organizationhierarchy ALTER COLUMN id ADD GENERATED BY DEFAULT AS IDENTITY (
    SEQUENCE NAME public.configapp_organizationhierarchy_id_seq
    START WITH 1
    INCREMENT BY 1
    NO MINVALUE
    NO MAXVALUE
    CACHE 1
);


--
-- Name: configapp_role; Type: TABLE; Schema: public; Owner: postgres
--

CREATE TABLE public.configapp_role (
    id bigint NOT NULL,
    created_on timestamp with time zone NOT NULL,
    updated_on timestamp with time zone NOT NULL,
    is_deleted boolean NOT NULL,
    role_name character varying(100) NOT NULL,
    role_code character varying(50) NOT NULL,
    description text,
    status boolean NOT NULL,
    system_config jsonb NOT NULL,
    user_config jsonb NOT NULL,
    parent_role_id bigint
);


ALTER TABLE public.configapp_role OWNER TO postgres;

--
-- Name: configapp_role_id_seq; Type: SEQUENCE; Schema: public; Owner: postgres
--

ALTER TABLE public.configapp_role ALTER COLUMN id ADD GENERATED BY DEFAULT AS IDENTITY (
    SEQUENCE NAME public.configapp_role_id_seq
    START WITH 1
    INCREMENT BY 1
    NO MINVALUE
    NO MAXVALUE
    CACHE 1
);


--
-- Name: configapp_rolehierarchy; Type: TABLE; Schema: public; Owner: postgres
--

CREATE TABLE public.configapp_rolehierarchy (
    id bigint NOT NULL,
    created_on timestamp with time zone NOT NULL,
    updated_on timestamp with time zone NOT NULL,
    is_deleted boolean NOT NULL,
    parent_role_hierarchy_id bigint,
    role_id bigint NOT NULL
);


ALTER TABLE public.configapp_rolehierarchy OWNER TO postgres;

--
-- Name: configapp_rolehierarchy_id_seq; Type: SEQUENCE; Schema: public; Owner: postgres
--

ALTER TABLE public.configapp_rolehierarchy ALTER COLUMN id ADD GENERATED BY DEFAULT AS IDENTITY (
    SEQUENCE NAME public.configapp_rolehierarchy_id_seq
    START WITH 1
    INCREMENT BY 1
    NO MINVALUE
    NO MAXVALUE
    CACHE 1
);


--
-- Name: configapp_userrole; Type: TABLE; Schema: public; Owner: postgres
--

CREATE TABLE public.configapp_userrole (
    id bigint NOT NULL,
    created_on timestamp with time zone NOT NULL,
    updated_on timestamp with time zone NOT NULL,
    is_deleted boolean NOT NULL,
    is_active boolean NOT NULL,
    system_config jsonb NOT NULL,
    user_config jsonb NOT NULL,
    role_id bigint NOT NULL,
    user_id integer NOT NULL
);


ALTER TABLE public.configapp_userrole OWNER TO postgres;

--
-- Name: configapp_userrole_id_seq; Type: SEQUENCE; Schema: public; Owner: postgres
--

ALTER TABLE public.configapp_userrole ALTER COLUMN id ADD GENERATED BY DEFAULT AS IDENTITY (
    SEQUENCE NAME public.configapp_userrole_id_seq
    START WITH 1
    INCREMENT BY 1
    NO MINVALUE
    NO MAXVALUE
    CACHE 1
);


--
-- Name: django_admin_log; Type: TABLE; Schema: public; Owner: postgres
--

CREATE TABLE public.django_admin_log (
    id integer NOT NULL,
    action_time timestamp with time zone NOT NULL,
    object_id text,
    object_repr character varying(200) NOT NULL,
    action_flag smallint NOT NULL,
    change_message text NOT NULL,
    content_type_id integer,
    user_id integer NOT NULL,
    CONSTRAINT django_admin_log_action_flag_check CHECK ((action_flag >= 0))
);


ALTER TABLE public.django_admin_log OWNER TO postgres;

--
-- Name: django_admin_log_id_seq; Type: SEQUENCE; Schema: public; Owner: postgres
--

ALTER TABLE public.django_admin_log ALTER COLUMN id ADD GENERATED BY DEFAULT AS IDENTITY (
    SEQUENCE NAME public.django_admin_log_id_seq
    START WITH 1
    INCREMENT BY 1
    NO MINVALUE
    NO MAXVALUE
    CACHE 1
);


--
-- Name: django_apscheduler_djangojob; Type: TABLE; Schema: public; Owner: postgres
--

CREATE TABLE public.django_apscheduler_djangojob (
    id character varying(255) NOT NULL,
    next_run_time timestamp with time zone,
    job_state bytea NOT NULL
);


ALTER TABLE public.django_apscheduler_djangojob OWNER TO postgres;

--
-- Name: django_apscheduler_djangojobexecution; Type: TABLE; Schema: public; Owner: postgres
--

CREATE TABLE public.django_apscheduler_djangojobexecution (
    id bigint NOT NULL,
    status character varying(50) NOT NULL,
    run_time timestamp with time zone NOT NULL,
    duration numeric(15,2),
    finished numeric(15,2),
    exception character varying(1000),
    traceback text,
    job_id character varying(255) NOT NULL
);


ALTER TABLE public.django_apscheduler_djangojobexecution OWNER TO postgres;

--
-- Name: django_apscheduler_djangojobexecution_id_seq; Type: SEQUENCE; Schema: public; Owner: postgres
--

ALTER TABLE public.django_apscheduler_djangojobexecution ALTER COLUMN id ADD GENERATED BY DEFAULT AS IDENTITY (
    SEQUENCE NAME public.django_apscheduler_djangojobexecution_id_seq
    START WITH 1
    INCREMENT BY 1
    NO MINVALUE
    NO MAXVALUE
    CACHE 1
);


--
-- Name: django_content_type; Type: TABLE; Schema: public; Owner: postgres
--

CREATE TABLE public.django_content_type (
    id integer NOT NULL,
    app_label character varying(100) NOT NULL,
    model character varying(100) NOT NULL
);


ALTER TABLE public.django_content_type OWNER TO postgres;

--
-- Name: django_content_type_id_seq; Type: SEQUENCE; Schema: public; Owner: postgres
--

ALTER TABLE public.django_content_type ALTER COLUMN id ADD GENERATED BY DEFAULT AS IDENTITY (
    SEQUENCE NAME public.django_content_type_id_seq
    START WITH 1
    INCREMENT BY 1
    NO MINVALUE
    NO MAXVALUE
    CACHE 1
);


--
-- Name: django_migrations; Type: TABLE; Schema: public; Owner: postgres
--

CREATE TABLE public.django_migrations (
    id bigint NOT NULL,
    app character varying(255) NOT NULL,
    name character varying(255) NOT NULL,
    applied timestamp with time zone NOT NULL
);


ALTER TABLE public.django_migrations OWNER TO postgres;

--
-- Name: django_migrations_id_seq; Type: SEQUENCE; Schema: public; Owner: postgres
--

ALTER TABLE public.django_migrations ALTER COLUMN id ADD GENERATED BY DEFAULT AS IDENTITY (
    SEQUENCE NAME public.django_migrations_id_seq
    START WITH 1
    INCREMENT BY 1
    NO MINVALUE
    NO MAXVALUE
    CACHE 1
);


--
-- Name: django_session; Type: TABLE; Schema: public; Owner: postgres
--

CREATE TABLE public.django_session (
    session_key character varying(40) NOT NULL,
    session_data text NOT NULL,
    expire_date timestamp with time zone NOT NULL
);


ALTER TABLE public.django_session OWNER TO postgres;

--
-- Name: djangoapp_access_module; Type: TABLE; Schema: public; Owner: postgres
--

CREATE TABLE public.djangoapp_access_module (
    id bigint NOT NULL,
    module_name character varying(100) NOT NULL
);


ALTER TABLE public.djangoapp_access_module OWNER TO postgres;

--
-- Name: djangoapp_access_module_config; Type: TABLE; Schema: public; Owner: postgres
--

CREATE TABLE public.djangoapp_access_module_config (
    id bigint NOT NULL,
    create_access boolean NOT NULL,
    read_access boolean NOT NULL,
    update_access boolean NOT NULL,
    delete_access boolean NOT NULL,
    module_name_id bigint NOT NULL,
    role_id bigint NOT NULL
);


ALTER TABLE public.djangoapp_access_module_config OWNER TO postgres;

--
-- Name: djangoapp_access_module_config_id_seq; Type: SEQUENCE; Schema: public; Owner: postgres
--

ALTER TABLE public.djangoapp_access_module_config ALTER COLUMN id ADD GENERATED BY DEFAULT AS IDENTITY (
    SEQUENCE NAME public.djangoapp_access_module_config_id_seq
    START WITH 1
    INCREMENT BY 1
    NO MINVALUE
    NO MAXVALUE
    CACHE 1
);


--
-- Name: djangoapp_access_module_id_seq; Type: SEQUENCE; Schema: public; Owner: postgres
--

ALTER TABLE public.djangoapp_access_module ALTER COLUMN id ADD GENERATED BY DEFAULT AS IDENTITY (
    SEQUENCE NAME public.djangoapp_access_module_id_seq
    START WITH 1
    INCREMENT BY 1
    NO MINVALUE
    NO MAXVALUE
    CACHE 1
);


--
-- Name: djangoapp_api_list; Type: TABLE; Schema: public; Owner: postgres
--

CREATE TABLE public.djangoapp_api_list (
    id bigint NOT NULL,
    api_endpoint character varying(300),
    api_type character varying(250),
    create_access boolean NOT NULL,
    read_access boolean NOT NULL,
    update_access boolean NOT NULL,
    delete_access boolean NOT NULL,
    module_name_id bigint NOT NULL
);


ALTER TABLE public.djangoapp_api_list OWNER TO postgres;

--
-- Name: djangoapp_api_list_id_seq; Type: SEQUENCE; Schema: public; Owner: postgres
--

ALTER TABLE public.djangoapp_api_list ALTER COLUMN id ADD GENERATED BY DEFAULT AS IDENTITY (
    SEQUENCE NAME public.djangoapp_api_list_id_seq
    START WITH 1
    INCREMENT BY 1
    NO MINVALUE
    NO MAXVALUE
    CACHE 1
);


--
-- Name: djangoapp_apiresource_config; Type: TABLE; Schema: public; Owner: postgres
--

CREATE TABLE public.djangoapp_apiresource_config (
    id bigint NOT NULL,
    api_url character varying(60) NOT NULL
);


ALTER TABLE public.djangoapp_apiresource_config OWNER TO postgres;

--
-- Name: djangoapp_apiresource_config_id_seq; Type: SEQUENCE; Schema: public; Owner: postgres
--

ALTER TABLE public.djangoapp_apiresource_config ALTER COLUMN id ADD GENERATED BY DEFAULT AS IDENTITY (
    SEQUENCE NAME public.djangoapp_apiresource_config_id_seq
    START WITH 1
    INCREMENT BY 1
    NO MINVALUE
    NO MAXVALUE
    CACHE 1
);


--
-- Name: djangoapp_apiresource_grouppermission_config; Type: TABLE; Schema: public; Owner: postgres
--

CREATE TABLE public.djangoapp_apiresource_grouppermission_config (
    id bigint NOT NULL,
    api_url_id bigint NOT NULL,
    designation_id bigint NOT NULL
);


ALTER TABLE public.djangoapp_apiresource_grouppermission_config OWNER TO postgres;

--
-- Name: djangoapp_apiresource_grouppermission_config_id_seq; Type: SEQUENCE; Schema: public; Owner: postgres
--

ALTER TABLE public.djangoapp_apiresource_grouppermission_config ALTER COLUMN id ADD GENERATED BY DEFAULT AS IDENTITY (
    SEQUENCE NAME public.djangoapp_apiresource_grouppermission_config_id_seq
    START WITH 1
    INCREMENT BY 1
    NO MINVALUE
    NO MAXVALUE
    CACHE 1
);


--
-- Name: djangoapp_dashboard_menu_config; Type: TABLE; Schema: public; Owner: postgres
--

CREATE TABLE public.djangoapp_dashboard_menu_config (
    id bigint NOT NULL,
    menu character varying(60) NOT NULL
);


ALTER TABLE public.djangoapp_dashboard_menu_config OWNER TO postgres;

--
-- Name: djangoapp_dashboard_menu_config_id_seq; Type: SEQUENCE; Schema: public; Owner: postgres
--

ALTER TABLE public.djangoapp_dashboard_menu_config ALTER COLUMN id ADD GENERATED BY DEFAULT AS IDENTITY (
    SEQUENCE NAME public.djangoapp_dashboard_menu_config_id_seq
    START WITH 1
    INCREMENT BY 1
    NO MINVALUE
    NO MAXVALUE
    CACHE 1
);


--
-- Name: djangoapp_dashboard_menu_grouppermission_config; Type: TABLE; Schema: public; Owner: postgres
--

CREATE TABLE public.djangoapp_dashboard_menu_grouppermission_config (
    id bigint NOT NULL,
    designation_id bigint NOT NULL,
    menu_grouppermission_id bigint NOT NULL
);


ALTER TABLE public.djangoapp_dashboard_menu_grouppermission_config OWNER TO postgres;

--
-- Name: djangoapp_dashboard_menu_grouppermission_config_id_seq; Type: SEQUENCE; Schema: public; Owner: postgres
--

ALTER TABLE public.djangoapp_dashboard_menu_grouppermission_config ALTER COLUMN id ADD GENERATED BY DEFAULT AS IDENTITY (
    SEQUENCE NAME public.djangoapp_dashboard_menu_grouppermission_config_id_seq
    START WITH 1
    INCREMENT BY 1
    NO MINVALUE
    NO MAXVALUE
    CACHE 1
);


--
-- Name: djangoapp_duplicate_access_module_config; Type: TABLE; Schema: public; Owner: postgres
--

CREATE TABLE public.djangoapp_duplicate_access_module_config (
    id bigint NOT NULL,
    module_name_id character varying(100) NOT NULL,
    create_access boolean NOT NULL,
    read_access boolean NOT NULL,
    update_access boolean NOT NULL,
    delete_access boolean NOT NULL,
    role_id_id bigint NOT NULL
);


ALTER TABLE public.djangoapp_duplicate_access_module_config OWNER TO postgres;

--
-- Name: djangoapp_duplicate_access_module_config_id_seq; Type: SEQUENCE; Schema: public; Owner: postgres
--

ALTER TABLE public.djangoapp_duplicate_access_module_config ALTER COLUMN id ADD GENERATED BY DEFAULT AS IDENTITY (
    SEQUENCE NAME public.djangoapp_duplicate_access_module_config_id_seq
    START WITH 1
    INCREMENT BY 1
    NO MINVALUE
    NO MAXVALUE
    CACHE 1
);


--
-- Name: djangoapp_emailconfiguration; Type: TABLE; Schema: public; Owner: postgres
--

CREATE TABLE public.djangoapp_emailconfiguration (
    id bigint NOT NULL,
    created_on timestamp with time zone NOT NULL,
    updated_on timestamp with time zone NOT NULL,
    is_deleted boolean NOT NULL,
    smtp_host character varying(255) NOT NULL,
    smtp_port integer NOT NULL,
    smtp_user character varying(254) NOT NULL,
    smtp_password character varying(255) NOT NULL,
    use_tls boolean NOT NULL,
    use_ssl boolean NOT NULL,
    CONSTRAINT djangoapp_emailconfiguration_smtp_port_check CHECK ((smtp_port >= 0))
);


ALTER TABLE public.djangoapp_emailconfiguration OWNER TO postgres;

--
-- Name: djangoapp_emailconfiguration_id_seq; Type: SEQUENCE; Schema: public; Owner: postgres
--

ALTER TABLE public.djangoapp_emailconfiguration ALTER COLUMN id ADD GENERATED BY DEFAULT AS IDENTITY (
    SEQUENCE NAME public.djangoapp_emailconfiguration_id_seq
    START WITH 1
    INCREMENT BY 1
    NO MINVALUE
    NO MAXVALUE
    CACHE 1
);


--
-- Name: djangoapp_forgot_password_log; Type: TABLE; Schema: public; Owner: postgres
--

CREATE TABLE public.djangoapp_forgot_password_log (
    id bigint NOT NULL,
    created_on timestamp with time zone NOT NULL,
    updated_on timestamp with time zone NOT NULL,
    is_deleted boolean NOT NULL,
    first_name character varying(100),
    last_name character varying(100),
    email character varying(100),
    otp character varying(100)
);


ALTER TABLE public.djangoapp_forgot_password_log OWNER TO postgres;

--
-- Name: djangoapp_forgot_password_log_id_seq; Type: SEQUENCE; Schema: public; Owner: postgres
--

ALTER TABLE public.djangoapp_forgot_password_log ALTER COLUMN id ADD GENERATED BY DEFAULT AS IDENTITY (
    SEQUENCE NAME public.djangoapp_forgot_password_log_id_seq
    START WITH 1
    INCREMENT BY 1
    NO MINVALUE
    NO MAXVALUE
    CACHE 1
);


--
-- Name: djangoapp_licence_config; Type: TABLE; Schema: public; Owner: postgres
--

CREATE TABLE public.djangoapp_licence_config (
    id bigint NOT NULL,
    encrypted_key character varying(200) NOT NULL,
    dt timestamp with time zone NOT NULL
);


ALTER TABLE public.djangoapp_licence_config OWNER TO postgres;

--
-- Name: djangoapp_licence_config_id_seq; Type: SEQUENCE; Schema: public; Owner: postgres
--

ALTER TABLE public.djangoapp_licence_config ALTER COLUMN id ADD GENERATED BY DEFAULT AS IDENTITY (
    SEQUENCE NAME public.djangoapp_licence_config_id_seq
    START WITH 1
    INCREMENT BY 1
    NO MINVALUE
    NO MAXVALUE
    CACHE 1
);


--
-- Name: djangoapp_linedata_config; Type: TABLE; Schema: public; Owner: postgres
--

CREATE TABLE public.djangoapp_linedata_config (
    id bigint NOT NULL,
    line character varying(50) NOT NULL,
    variant character varying(70) NOT NULL,
    relay character varying(70) NOT NULL,
    rec_time timestamp with time zone NOT NULL
);


ALTER TABLE public.djangoapp_linedata_config OWNER TO postgres;

--
-- Name: djangoapp_linedata_config_id_seq; Type: SEQUENCE; Schema: public; Owner: postgres
--

ALTER TABLE public.djangoapp_linedata_config ALTER COLUMN id ADD GENERATED BY DEFAULT AS IDENTITY (
    SEQUENCE NAME public.djangoapp_linedata_config_id_seq
    START WITH 1
    INCREMENT BY 1
    NO MINVALUE
    NO MAXVALUE
    CACHE 1
);


--
-- Name: djangoapp_otp_records; Type: TABLE; Schema: public; Owner: postgres
--

CREATE TABLE public.djangoapp_otp_records (
    id bigint NOT NULL,
    created_on timestamp with time zone NOT NULL,
    updated_on timestamp with time zone NOT NULL,
    is_deleted boolean NOT NULL,
    contact bigint,
    otp bigint NOT NULL,
    generated_at timestamp with time zone,
    email character varying(100) NOT NULL
);


ALTER TABLE public.djangoapp_otp_records OWNER TO postgres;

--
-- Name: djangoapp_otp_records_id_seq; Type: SEQUENCE; Schema: public; Owner: postgres
--

ALTER TABLE public.djangoapp_otp_records ALTER COLUMN id ADD GENERATED BY DEFAULT AS IDENTITY (
    SEQUENCE NAME public.djangoapp_otp_records_id_seq
    START WITH 1
    INCREMENT BY 1
    NO MINVALUE
    NO MAXVALUE
    CACHE 1
);


--
-- Name: documentapp_document; Type: TABLE; Schema: public; Owner: postgres
--

CREATE TABLE public.documentapp_document (
    id bigint NOT NULL,
    created_on timestamp with time zone NOT NULL,
    updated_on timestamp with time zone NOT NULL,
    is_deleted boolean NOT NULL,
    title character varying(255),
    document_number character varying(100),
    document_type character varying(50),
    description text,
    file_id character varying(255),
    expiry_date date,
    parent_file_id character varying(255),
    is_dms boolean NOT NULL,
    review_months integer,
    is_confidential boolean NOT NULL,
    lifecycle_status character varying(20) NOT NULL,
    retired_on timestamp with time zone,
    archived_on timestamp with time zone,
    created_by_id integer,
    department_id bigint,
    uploaded_in_ticket_id bigint,
    folder_id bigint,
    download_permission_id bigint
);


ALTER TABLE public.documentapp_document OWNER TO postgres;

--
-- Name: documentapp_document_id_seq; Type: SEQUENCE; Schema: public; Owner: postgres
--

ALTER TABLE public.documentapp_document ALTER COLUMN id ADD GENERATED BY DEFAULT AS IDENTITY (
    SEQUENCE NAME public.documentapp_document_id_seq
    START WITH 1
    INCREMENT BY 1
    NO MINVALUE
    NO MAXVALUE
    CACHE 1
);


--
-- Name: documentapp_document_raised_tickets; Type: TABLE; Schema: public; Owner: postgres
--

CREATE TABLE public.documentapp_document_raised_tickets (
    id bigint NOT NULL,
    document_id bigint NOT NULL,
    ticketdetails_id bigint NOT NULL
);


ALTER TABLE public.documentapp_document_raised_tickets OWNER TO postgres;

--
-- Name: documentapp_document_raised_tickets_id_seq; Type: SEQUENCE; Schema: public; Owner: postgres
--

ALTER TABLE public.documentapp_document_raised_tickets ALTER COLUMN id ADD GENERATED BY DEFAULT AS IDENTITY (
    SEQUENCE NAME public.documentapp_document_raised_tickets_id_seq
    START WITH 1
    INCREMENT BY 1
    NO MINVALUE
    NO MAXVALUE
    CACHE 1
);


--
-- Name: documentapp_documentannotation; Type: TABLE; Schema: public; Owner: postgres
--

CREATE TABLE public.documentapp_documentannotation (
    id bigint NOT NULL,
    created_on timestamp with time zone NOT NULL,
    updated_on timestamp with time zone NOT NULL,
    is_deleted boolean NOT NULL,
    annotations_json jsonb NOT NULL,
    remark text,
    created_by_id integer,
    document_version_id bigint NOT NULL
);


ALTER TABLE public.documentapp_documentannotation OWNER TO postgres;

--
-- Name: documentapp_documentannotation_id_seq; Type: SEQUENCE; Schema: public; Owner: postgres
--

ALTER TABLE public.documentapp_documentannotation ALTER COLUMN id ADD GENERATED BY DEFAULT AS IDENTITY (
    SEQUENCE NAME public.documentapp_documentannotation_id_seq
    START WITH 1
    INCREMENT BY 1
    NO MINVALUE
    NO MAXVALUE
    CACHE 1
);


--
-- Name: documentapp_documentexpiryhistory; Type: TABLE; Schema: public; Owner: postgres
--

CREATE TABLE public.documentapp_documentexpiryhistory (
    id bigint NOT NULL,
    created_on timestamp with time zone NOT NULL,
    updated_on timestamp with time zone NOT NULL,
    is_deleted boolean NOT NULL,
    old_expiry_date date NOT NULL,
    new_expiry_date date NOT NULL,
    changed_on timestamp with time zone NOT NULL,
    remarks text,
    changed_by_id integer,
    document_id bigint NOT NULL
);


ALTER TABLE public.documentapp_documentexpiryhistory OWNER TO postgres;

--
-- Name: documentapp_documentexpiryhistory_id_seq; Type: SEQUENCE; Schema: public; Owner: postgres
--

ALTER TABLE public.documentapp_documentexpiryhistory ALTER COLUMN id ADD GENERATED BY DEFAULT AS IDENTITY (
    SEQUENCE NAME public.documentapp_documentexpiryhistory_id_seq
    START WITH 1
    INCREMENT BY 1
    NO MINVALUE
    NO MAXVALUE
    CACHE 1
);


--
-- Name: documentapp_documentfolder; Type: TABLE; Schema: public; Owner: postgres
--

CREATE TABLE public.documentapp_documentfolder (
    id bigint NOT NULL,
    created_on timestamp with time zone NOT NULL,
    updated_on timestamp with time zone NOT NULL,
    is_deleted boolean NOT NULL,
    name character varying(255) NOT NULL
);


ALTER TABLE public.documentapp_documentfolder OWNER TO postgres;

--
-- Name: documentapp_documentfolder_id_seq; Type: SEQUENCE; Schema: public; Owner: postgres
--

ALTER TABLE public.documentapp_documentfolder ALTER COLUMN id ADD GENERATED BY DEFAULT AS IDENTITY (
    SEQUENCE NAME public.documentapp_documentfolder_id_seq
    START WITH 1
    INCREMENT BY 1
    NO MINVALUE
    NO MAXVALUE
    CACHE 1
);


--
-- Name: documentapp_documentretention; Type: TABLE; Schema: public; Owner: postgres
--

CREATE TABLE public.documentapp_documentretention (
    id bigint NOT NULL,
    created_on timestamp with time zone NOT NULL,
    updated_on timestamp with time zone NOT NULL,
    is_deleted boolean NOT NULL,
    retention_period_months integer NOT NULL,
    legal_hold boolean NOT NULL,
    hold_reason text,
    hold_applied_on timestamp with time zone,
    document_id bigint NOT NULL,
    hold_applied_by_id integer,
    CONSTRAINT documentapp_documentretention_retention_period_months_check CHECK ((retention_period_months >= 0))
);


ALTER TABLE public.documentapp_documentretention OWNER TO postgres;

--
-- Name: documentapp_documentretention_id_seq; Type: SEQUENCE; Schema: public; Owner: postgres
--

ALTER TABLE public.documentapp_documentretention ALTER COLUMN id ADD GENERATED BY DEFAULT AS IDENTITY (
    SEQUENCE NAME public.documentapp_documentretention_id_seq
    START WITH 1
    INCREMENT BY 1
    NO MINVALUE
    NO MAXVALUE
    CACHE 1
);


--
-- Name: documentapp_documentsecurity; Type: TABLE; Schema: public; Owner: postgres
--

CREATE TABLE public.documentapp_documentsecurity (
    id bigint NOT NULL,
    created_on timestamp with time zone NOT NULL,
    updated_on timestamp with time zone NOT NULL,
    is_deleted boolean NOT NULL,
    password_hash character varying(64),
    encrypted_password character varying(500) NOT NULL,
    access_count integer NOT NULL,
    last_accessed timestamp with time zone,
    is_active boolean NOT NULL,
    document_version_id bigint NOT NULL,
    CONSTRAINT documentapp_documentsecurity_access_count_check CHECK ((access_count >= 0))
);


ALTER TABLE public.documentapp_documentsecurity OWNER TO postgres;

--
-- Name: documentapp_documentsecurity_id_seq; Type: SEQUENCE; Schema: public; Owner: postgres
--

ALTER TABLE public.documentapp_documentsecurity ALTER COLUMN id ADD GENERATED BY DEFAULT AS IDENTITY (
    SEQUENCE NAME public.documentapp_documentsecurity_id_seq
    START WITH 1
    INCREMENT BY 1
    NO MINVALUE
    NO MAXVALUE
    CACHE 1
);


--
-- Name: documentapp_documentversion; Type: TABLE; Schema: public; Owner: postgres
--

CREATE TABLE public.documentapp_documentversion (
    id bigint NOT NULL,
    created_on timestamp with time zone NOT NULL,
    updated_on timestamp with time zone NOT NULL,
    is_deleted boolean NOT NULL,
    version_number numeric(4,1) NOT NULL,
    is_final boolean NOT NULL,
    uploaded_at timestamp with time zone NOT NULL,
    remarks text,
    file_hash character varying(64),
    is_pdf boolean NOT NULL,
    document_id bigint NOT NULL,
    file_id bigint NOT NULL,
    pdf_file_id bigint,
    ticket_id bigint,
    uploaded_by_id integer
);


ALTER TABLE public.documentapp_documentversion OWNER TO postgres;

--
-- Name: documentapp_documentversion_id_seq; Type: SEQUENCE; Schema: public; Owner: postgres
--

ALTER TABLE public.documentapp_documentversion ALTER COLUMN id ADD GENERATED BY DEFAULT AS IDENTITY (
    SEQUENCE NAME public.documentapp_documentversion_id_seq
    START WITH 1
    INCREMENT BY 1
    NO MINVALUE
    NO MAXVALUE
    CACHE 1
);


--
-- Name: documentapp_downloadpermission; Type: TABLE; Schema: public; Owner: postgres
--

CREATE TABLE public.documentapp_downloadpermission (
    id bigint NOT NULL,
    created_on timestamp with time zone NOT NULL,
    updated_on timestamp with time zone NOT NULL,
    is_deleted boolean NOT NULL,
    name character varying(100) NOT NULL
);


ALTER TABLE public.documentapp_downloadpermission OWNER TO postgres;

--
-- Name: documentapp_downloadpermission_id_seq; Type: SEQUENCE; Schema: public; Owner: postgres
--

ALTER TABLE public.documentapp_downloadpermission ALTER COLUMN id ADD GENERATED BY DEFAULT AS IDENTITY (
    SEQUENCE NAME public.documentapp_downloadpermission_id_seq
    START WITH 1
    INCREMENT BY 1
    NO MINVALUE
    NO MAXVALUE
    CACHE 1
);


--
-- Name: documentapp_periodicreview; Type: TABLE; Schema: public; Owner: postgres
--

CREATE TABLE public.documentapp_periodicreview (
    id bigint NOT NULL,
    created_on timestamp with time zone NOT NULL,
    updated_on timestamp with time zone NOT NULL,
    is_deleted boolean NOT NULL,
    is_review_needed boolean NOT NULL,
    next_review_date date,
    remarks text,
    created_by_id integer,
    document_id bigint NOT NULL
);


ALTER TABLE public.documentapp_periodicreview OWNER TO postgres;

--
-- Name: documentapp_periodicreview_id_seq; Type: SEQUENCE; Schema: public; Owner: postgres
--

ALTER TABLE public.documentapp_periodicreview ALTER COLUMN id ADD GENERATED BY DEFAULT AS IDENTITY (
    SEQUENCE NAME public.documentapp_periodicreview_id_seq
    START WITH 1
    INCREMENT BY 1
    NO MINVALUE
    NO MAXVALUE
    CACHE 1
);


--
-- Name: filemanagement_filemanagement; Type: TABLE; Schema: public; Owner: postgres
--

CREATE TABLE public.filemanagement_filemanagement (
    id bigint NOT NULL,
    guid uuid NOT NULL,
    name character varying(255) NOT NULL,
    tag character varying(100) NOT NULL,
    file_type character varying(100) NOT NULL,
    file character varying(100) NOT NULL,
    meta_data jsonb,
    uploaded_at timestamp with time zone NOT NULL
);


ALTER TABLE public.filemanagement_filemanagement OWNER TO postgres;

--
-- Name: filemanagement_filemanagement_id_seq; Type: SEQUENCE; Schema: public; Owner: postgres
--

ALTER TABLE public.filemanagement_filemanagement ALTER COLUMN id ADD GENERATED BY DEFAULT AS IDENTITY (
    SEQUENCE NAME public.filemanagement_filemanagement_id_seq
    START WITH 1
    INCREMENT BY 1
    NO MINVALUE
    NO MAXVALUE
    CACHE 1
);


--
-- Name: formsapp_checklistform; Type: TABLE; Schema: public; Owner: postgres
--

CREATE TABLE public.formsapp_checklistform (
    id bigint NOT NULL,
    created_on timestamp with time zone NOT NULL,
    updated_on timestamp with time zone NOT NULL,
    is_deleted boolean NOT NULL,
    form jsonb,
    checklist_id bigint NOT NULL,
    section_id bigint NOT NULL
);


ALTER TABLE public.formsapp_checklistform OWNER TO postgres;

--
-- Name: formsapp_checklistform_id_seq; Type: SEQUENCE; Schema: public; Owner: postgres
--

ALTER TABLE public.formsapp_checklistform ALTER COLUMN id ADD GENERATED BY DEFAULT AS IDENTITY (
    SEQUENCE NAME public.formsapp_checklistform_id_seq
    START WITH 1
    INCREMENT BY 1
    NO MINVALUE
    NO MAXVALUE
    CACHE 1
);


--
-- Name: formsapp_datatype; Type: TABLE; Schema: public; Owner: postgres
--

CREATE TABLE public.formsapp_datatype (
    id bigint NOT NULL,
    created_on timestamp with time zone NOT NULL,
    updated_on timestamp with time zone NOT NULL,
    is_deleted boolean NOT NULL,
    name character varying(50) NOT NULL,
    validation_rules jsonb
);


ALTER TABLE public.formsapp_datatype OWNER TO postgres;

--
-- Name: formsapp_datatype_id_seq; Type: SEQUENCE; Schema: public; Owner: postgres
--

ALTER TABLE public.formsapp_datatype ALTER COLUMN id ADD GENERATED BY DEFAULT AS IDENTITY (
    SEQUENCE NAME public.formsapp_datatype_id_seq
    START WITH 1
    INCREMENT BY 1
    NO MINVALUE
    NO MAXVALUE
    CACHE 1
);


--
-- Name: formsapp_fieldtype; Type: TABLE; Schema: public; Owner: postgres
--

CREATE TABLE public.formsapp_fieldtype (
    id bigint NOT NULL,
    created_on timestamp with time zone NOT NULL,
    updated_on timestamp with time zone NOT NULL,
    is_deleted boolean NOT NULL,
    name character varying(50) NOT NULL,
    dynamic boolean NOT NULL,
    endpoint character varying(255),
    validation_rules jsonb,
    "default" boolean NOT NULL,
    data_type_id bigint NOT NULL
);


ALTER TABLE public.formsapp_fieldtype OWNER TO postgres;

--
-- Name: formsapp_fieldtype_id_seq; Type: SEQUENCE; Schema: public; Owner: postgres
--

ALTER TABLE public.formsapp_fieldtype ALTER COLUMN id ADD GENERATED BY DEFAULT AS IDENTITY (
    SEQUENCE NAME public.formsapp_fieldtype_id_seq
    START WITH 1
    INCREMENT BY 1
    NO MINVALUE
    NO MAXVALUE
    CACHE 1
);


--
-- Name: formsapp_form; Type: TABLE; Schema: public; Owner: postgres
--

CREATE TABLE public.formsapp_form (
    id bigint NOT NULL,
    created_on timestamp with time zone NOT NULL,
    updated_on timestamp with time zone NOT NULL,
    is_deleted boolean NOT NULL,
    title character varying(255) NOT NULL,
    description text,
    is_completed boolean NOT NULL,
    system_config jsonb NOT NULL,
    user_config jsonb NOT NULL,
    version integer NOT NULL,
    parent_form_id bigint,
    root_form_id bigint,
    form_type_id bigint NOT NULL,
    CONSTRAINT formsapp_form_version_check CHECK ((version >= 0))
);


ALTER TABLE public.formsapp_form OWNER TO postgres;

--
-- Name: formsapp_form_id_seq; Type: SEQUENCE; Schema: public; Owner: postgres
--

ALTER TABLE public.formsapp_form ALTER COLUMN id ADD GENERATED BY DEFAULT AS IDENTITY (
    SEQUENCE NAME public.formsapp_form_id_seq
    START WITH 1
    INCREMENT BY 1
    NO MINVALUE
    NO MAXVALUE
    CACHE 1
);


--
-- Name: formsapp_formdesign; Type: TABLE; Schema: public; Owner: postgres
--

CREATE TABLE public.formsapp_formdesign (
    id bigint NOT NULL,
    created_on timestamp with time zone NOT NULL,
    updated_on timestamp with time zone NOT NULL,
    is_deleted boolean NOT NULL,
    form_data jsonb,
    form_id bigint NOT NULL
);


ALTER TABLE public.formsapp_formdesign OWNER TO postgres;

--
-- Name: formsapp_formdesign_id_seq; Type: SEQUENCE; Schema: public; Owner: postgres
--

ALTER TABLE public.formsapp_formdesign ALTER COLUMN id ADD GENERATED BY DEFAULT AS IDENTITY (
    SEQUENCE NAME public.formsapp_formdesign_id_seq
    START WITH 1
    INCREMENT BY 1
    NO MINVALUE
    NO MAXVALUE
    CACHE 1
);


--
-- Name: formsapp_formdraft; Type: TABLE; Schema: public; Owner: postgres
--

CREATE TABLE public.formsapp_formdraft (
    id bigint NOT NULL,
    created_on timestamp with time zone NOT NULL,
    updated_on timestamp with time zone NOT NULL,
    is_deleted boolean NOT NULL,
    draft_data jsonb,
    form_id bigint NOT NULL
);


ALTER TABLE public.formsapp_formdraft OWNER TO postgres;

--
-- Name: formsapp_formdraft_id_seq; Type: SEQUENCE; Schema: public; Owner: postgres
--

ALTER TABLE public.formsapp_formdraft ALTER COLUMN id ADD GENERATED BY DEFAULT AS IDENTITY (
    SEQUENCE NAME public.formsapp_formdraft_id_seq
    START WITH 1
    INCREMENT BY 1
    NO MINVALUE
    NO MAXVALUE
    CACHE 1
);


--
-- Name: formsapp_formfields; Type: TABLE; Schema: public; Owner: postgres
--

CREATE TABLE public.formsapp_formfields (
    id bigint NOT NULL,
    created_on timestamp with time zone NOT NULL,
    updated_on timestamp with time zone NOT NULL,
    is_deleted boolean NOT NULL,
    label character varying(255) NOT NULL,
    name character varying(255) NOT NULL,
    required boolean NOT NULL,
    "order" integer NOT NULL,
    additional_info jsonb,
    field_type_id bigint NOT NULL,
    parent_field_id bigint,
    section_id bigint NOT NULL,
    CONSTRAINT formsapp_formfields_order_check CHECK (("order" >= 0))
);


ALTER TABLE public.formsapp_formfields OWNER TO postgres;

--
-- Name: formsapp_formfields_id_seq; Type: SEQUENCE; Schema: public; Owner: postgres
--

ALTER TABLE public.formsapp_formfields ALTER COLUMN id ADD GENERATED BY DEFAULT AS IDENTITY (
    SEQUENCE NAME public.formsapp_formfields_id_seq
    START WITH 1
    INCREMENT BY 1
    NO MINVALUE
    NO MAXVALUE
    CACHE 1
);


--
-- Name: formsapp_formsections; Type: TABLE; Schema: public; Owner: postgres
--

CREATE TABLE public.formsapp_formsections (
    id bigint NOT NULL,
    created_on timestamp with time zone NOT NULL,
    updated_on timestamp with time zone NOT NULL,
    is_deleted boolean NOT NULL,
    name character varying(255) NOT NULL,
    description text,
    "order" integer NOT NULL,
    form_id bigint NOT NULL,
    CONSTRAINT formsapp_formsections_order_check CHECK (("order" >= 0))
);


ALTER TABLE public.formsapp_formsections OWNER TO postgres;

--
-- Name: formsapp_formsections_id_seq; Type: SEQUENCE; Schema: public; Owner: postgres
--

ALTER TABLE public.formsapp_formsections ALTER COLUMN id ADD GENERATED BY DEFAULT AS IDENTITY (
    SEQUENCE NAME public.formsapp_formsections_id_seq
    START WITH 1
    INCREMENT BY 1
    NO MINVALUE
    NO MAXVALUE
    CACHE 1
);


--
-- Name: formsapp_formtype; Type: TABLE; Schema: public; Owner: postgres
--

CREATE TABLE public.formsapp_formtype (
    id bigint NOT NULL,
    created_on timestamp with time zone NOT NULL,
    updated_on timestamp with time zone NOT NULL,
    is_deleted boolean NOT NULL,
    name character varying(100) NOT NULL,
    description text,
    parent_form_type_id bigint
);


ALTER TABLE public.formsapp_formtype OWNER TO postgres;

--
-- Name: formsapp_formtype_id_seq; Type: SEQUENCE; Schema: public; Owner: postgres
--

ALTER TABLE public.formsapp_formtype ALTER COLUMN id ADD GENERATED BY DEFAULT AS IDENTITY (
    SEQUENCE NAME public.formsapp_formtype_id_seq
    START WITH 1
    INCREMENT BY 1
    NO MINVALUE
    NO MAXVALUE
    CACHE 1
);


--
-- Name: formsapp_parameter; Type: TABLE; Schema: public; Owner: postgres
--

CREATE TABLE public.formsapp_parameter (
    id bigint NOT NULL,
    created_on timestamp with time zone NOT NULL,
    updated_on timestamp with time zone NOT NULL,
    is_deleted boolean NOT NULL,
    name character varying(255) NOT NULL
);


ALTER TABLE public.formsapp_parameter OWNER TO postgres;

--
-- Name: formsapp_parameter_id_seq; Type: SEQUENCE; Schema: public; Owner: postgres
--

ALTER TABLE public.formsapp_parameter ALTER COLUMN id ADD GENERATED BY DEFAULT AS IDENTITY (
    SEQUENCE NAME public.formsapp_parameter_id_seq
    START WITH 1
    INCREMENT BY 1
    NO MINVALUE
    NO MAXVALUE
    CACHE 1
);


--
-- Name: formsapp_parameterdata; Type: TABLE; Schema: public; Owner: postgres
--

CREATE TABLE public.formsapp_parameterdata (
    id bigint NOT NULL,
    created_on timestamp with time zone NOT NULL,
    updated_on timestamp with time zone NOT NULL,
    is_deleted boolean NOT NULL,
    is_optional boolean NOT NULL,
    is_monitorable boolean NOT NULL,
    expected_value character varying,
    system_config jsonb NOT NULL,
    user_config jsonb NOT NULL,
    form_list_id bigint NOT NULL,
    name_id bigint NOT NULL,
    unit_id bigint,
    section_id bigint NOT NULL
);


ALTER TABLE public.formsapp_parameterdata OWNER TO postgres;

--
-- Name: formsapp_parameterdata_id_seq; Type: SEQUENCE; Schema: public; Owner: postgres
--

ALTER TABLE public.formsapp_parameterdata ALTER COLUMN id ADD GENERATED BY DEFAULT AS IDENTITY (
    SEQUENCE NAME public.formsapp_parameterdata_id_seq
    START WITH 1
    INCREMENT BY 1
    NO MINVALUE
    NO MAXVALUE
    CACHE 1
);


--
-- Name: formsapp_parameterdatatype; Type: TABLE; Schema: public; Owner: postgres
--

CREATE TABLE public.formsapp_parameterdatatype (
    id bigint NOT NULL,
    created_on timestamp with time zone NOT NULL,
    updated_on timestamp with time zone NOT NULL,
    is_deleted boolean NOT NULL,
    additional_info jsonb,
    data_type_id bigint NOT NULL,
    form_data_id bigint NOT NULL
);


ALTER TABLE public.formsapp_parameterdatatype OWNER TO postgres;

--
-- Name: formsapp_parameterdatatype_id_seq; Type: SEQUENCE; Schema: public; Owner: postgres
--

ALTER TABLE public.formsapp_parameterdatatype ALTER COLUMN id ADD GENERATED BY DEFAULT AS IDENTITY (
    SEQUENCE NAME public.formsapp_parameterdatatype_id_seq
    START WITH 1
    INCREMENT BY 1
    NO MINVALUE
    NO MAXVALUE
    CACHE 1
);


--
-- Name: formsapp_section; Type: TABLE; Schema: public; Owner: postgres
--

CREATE TABLE public.formsapp_section (
    id bigint NOT NULL,
    created_on timestamp with time zone NOT NULL,
    updated_on timestamp with time zone NOT NULL,
    is_deleted boolean NOT NULL,
    name character varying(255) NOT NULL,
    description text
);


ALTER TABLE public.formsapp_section OWNER TO postgres;

--
-- Name: formsapp_section_id_seq; Type: SEQUENCE; Schema: public; Owner: postgres
--

ALTER TABLE public.formsapp_section ALTER COLUMN id ADD GENERATED BY DEFAULT AS IDENTITY (
    SEQUENCE NAME public.formsapp_section_id_seq
    START WITH 1
    INCREMENT BY 1
    NO MINVALUE
    NO MAXVALUE
    CACHE 1
);


--
-- Name: inventoryapp_adddetailsfield; Type: TABLE; Schema: public; Owner: postgres
--

CREATE TABLE public.inventoryapp_adddetailsfield (
    id bigint NOT NULL,
    created_on timestamp with time zone NOT NULL,
    updated_on timestamp with time zone NOT NULL,
    is_deleted boolean NOT NULL,
    detail_config jsonb NOT NULL
);


ALTER TABLE public.inventoryapp_adddetailsfield OWNER TO postgres;

--
-- Name: inventoryapp_adddetailsfield_id_seq; Type: SEQUENCE; Schema: public; Owner: postgres
--

ALTER TABLE public.inventoryapp_adddetailsfield ALTER COLUMN id ADD GENERATED BY DEFAULT AS IDENTITY (
    SEQUENCE NAME public.inventoryapp_adddetailsfield_id_seq
    START WITH 1
    INCREMENT BY 1
    NO MINVALUE
    NO MAXVALUE
    CACHE 1
);


--
-- Name: inventoryapp_adddetailsfieldlog; Type: TABLE; Schema: public; Owner: postgres
--

CREATE TABLE public.inventoryapp_adddetailsfieldlog (
    id bigint NOT NULL,
    created_on timestamp with time zone NOT NULL,
    updated_on timestamp with time zone NOT NULL,
    is_deleted boolean NOT NULL,
    update_details jsonb NOT NULL,
    additional_field_id bigint NOT NULL
);


ALTER TABLE public.inventoryapp_adddetailsfieldlog OWNER TO postgres;

--
-- Name: inventoryapp_adddetailsfieldlog_id_seq; Type: SEQUENCE; Schema: public; Owner: postgres
--

ALTER TABLE public.inventoryapp_adddetailsfieldlog ALTER COLUMN id ADD GENERATED BY DEFAULT AS IDENTITY (
    SEQUENCE NAME public.inventoryapp_adddetailsfieldlog_id_seq
    START WITH 1
    INCREMENT BY 1
    NO MINVALUE
    NO MAXVALUE
    CACHE 1
);


--
-- Name: inventoryapp_addinventoryfield; Type: TABLE; Schema: public; Owner: postgres
--

CREATE TABLE public.inventoryapp_addinventoryfield (
    id bigint NOT NULL,
    created_on timestamp with time zone NOT NULL,
    updated_on timestamp with time zone NOT NULL,
    is_deleted boolean NOT NULL,
    inventory_config jsonb NOT NULL
);


ALTER TABLE public.inventoryapp_addinventoryfield OWNER TO postgres;

--
-- Name: inventoryapp_addinventoryfield_id_seq; Type: SEQUENCE; Schema: public; Owner: postgres
--

ALTER TABLE public.inventoryapp_addinventoryfield ALTER COLUMN id ADD GENERATED BY DEFAULT AS IDENTITY (
    SEQUENCE NAME public.inventoryapp_addinventoryfield_id_seq
    START WITH 1
    INCREMENT BY 1
    NO MINVALUE
    NO MAXVALUE
    CACHE 1
);


--
-- Name: inventoryapp_addinventoryfieldlog; Type: TABLE; Schema: public; Owner: postgres
--

CREATE TABLE public.inventoryapp_addinventoryfieldlog (
    id bigint NOT NULL,
    created_on timestamp with time zone NOT NULL,
    updated_on timestamp with time zone NOT NULL,
    is_deleted boolean NOT NULL,
    update_details jsonb NOT NULL,
    additional_field_id bigint NOT NULL
);


ALTER TABLE public.inventoryapp_addinventoryfieldlog OWNER TO postgres;

--
-- Name: inventoryapp_addinventoryfieldlog_id_seq; Type: SEQUENCE; Schema: public; Owner: postgres
--

ALTER TABLE public.inventoryapp_addinventoryfieldlog ALTER COLUMN id ADD GENERATED BY DEFAULT AS IDENTITY (
    SEQUENCE NAME public.inventoryapp_addinventoryfieldlog_id_seq
    START WITH 1
    INCREMENT BY 1
    NO MINVALUE
    NO MAXVALUE
    CACHE 1
);


--
-- Name: inventoryapp_addinventoryinward; Type: TABLE; Schema: public; Owner: postgres
--

CREATE TABLE public.inventoryapp_addinventoryinward (
    id bigint NOT NULL,
    created_on timestamp with time zone NOT NULL,
    updated_on timestamp with time zone NOT NULL,
    is_deleted boolean NOT NULL,
    inventory_inward_config jsonb NOT NULL
);


ALTER TABLE public.inventoryapp_addinventoryinward OWNER TO postgres;

--
-- Name: inventoryapp_addinventoryinward_id_seq; Type: SEQUENCE; Schema: public; Owner: postgres
--

ALTER TABLE public.inventoryapp_addinventoryinward ALTER COLUMN id ADD GENERATED BY DEFAULT AS IDENTITY (
    SEQUENCE NAME public.inventoryapp_addinventoryinward_id_seq
    START WITH 1
    INCREMENT BY 1
    NO MINVALUE
    NO MAXVALUE
    CACHE 1
);


--
-- Name: inventoryapp_addinventoryinwardlog; Type: TABLE; Schema: public; Owner: postgres
--

CREATE TABLE public.inventoryapp_addinventoryinwardlog (
    id bigint NOT NULL,
    created_on timestamp with time zone NOT NULL,
    updated_on timestamp with time zone NOT NULL,
    is_deleted boolean NOT NULL,
    update_details jsonb NOT NULL,
    additional_field_id bigint NOT NULL
);


ALTER TABLE public.inventoryapp_addinventoryinwardlog OWNER TO postgres;

--
-- Name: inventoryapp_addinventoryinwardlog_id_seq; Type: SEQUENCE; Schema: public; Owner: postgres
--

ALTER TABLE public.inventoryapp_addinventoryinwardlog ALTER COLUMN id ADD GENERATED BY DEFAULT AS IDENTITY (
    SEQUENCE NAME public.inventoryapp_addinventoryinwardlog_id_seq
    START WITH 1
    INCREMENT BY 1
    NO MINVALUE
    NO MAXVALUE
    CACHE 1
);


--
-- Name: inventoryapp_addinventoryoutward; Type: TABLE; Schema: public; Owner: postgres
--

CREATE TABLE public.inventoryapp_addinventoryoutward (
    id bigint NOT NULL,
    created_on timestamp with time zone NOT NULL,
    updated_on timestamp with time zone NOT NULL,
    is_deleted boolean NOT NULL,
    inventory_outward_config jsonb NOT NULL
);


ALTER TABLE public.inventoryapp_addinventoryoutward OWNER TO postgres;

--
-- Name: inventoryapp_addinventoryoutward_id_seq; Type: SEQUENCE; Schema: public; Owner: postgres
--

ALTER TABLE public.inventoryapp_addinventoryoutward ALTER COLUMN id ADD GENERATED BY DEFAULT AS IDENTITY (
    SEQUENCE NAME public.inventoryapp_addinventoryoutward_id_seq
    START WITH 1
    INCREMENT BY 1
    NO MINVALUE
    NO MAXVALUE
    CACHE 1
);


--
-- Name: inventoryapp_addinventoryoutwardlog; Type: TABLE; Schema: public; Owner: postgres
--

CREATE TABLE public.inventoryapp_addinventoryoutwardlog (
    id bigint NOT NULL,
    created_on timestamp with time zone NOT NULL,
    updated_on timestamp with time zone NOT NULL,
    is_deleted boolean NOT NULL,
    update_details jsonb NOT NULL,
    additional_field_id bigint NOT NULL
);


ALTER TABLE public.inventoryapp_addinventoryoutwardlog OWNER TO postgres;

--
-- Name: inventoryapp_addinventoryoutwardlog_id_seq; Type: SEQUENCE; Schema: public; Owner: postgres
--

ALTER TABLE public.inventoryapp_addinventoryoutwardlog ALTER COLUMN id ADD GENERATED BY DEFAULT AS IDENTITY (
    SEQUENCE NAME public.inventoryapp_addinventoryoutwardlog_id_seq
    START WITH 1
    INCREMENT BY 1
    NO MINVALUE
    NO MAXVALUE
    CACHE 1
);


--
-- Name: inventoryapp_criticality; Type: TABLE; Schema: public; Owner: postgres
--

CREATE TABLE public.inventoryapp_criticality (
    id bigint NOT NULL,
    created_on timestamp with time zone NOT NULL,
    updated_on timestamp with time zone NOT NULL,
    is_deleted boolean NOT NULL,
    criticality_name character varying(100) NOT NULL
);


ALTER TABLE public.inventoryapp_criticality OWNER TO postgres;

--
-- Name: inventoryapp_criticality_id_seq; Type: SEQUENCE; Schema: public; Owner: postgres
--

ALTER TABLE public.inventoryapp_criticality ALTER COLUMN id ADD GENERATED BY DEFAULT AS IDENTITY (
    SEQUENCE NAME public.inventoryapp_criticality_id_seq
    START WITH 1
    INCREMENT BY 1
    NO MINVALUE
    NO MAXVALUE
    CACHE 1
);


--
-- Name: inventoryapp_inventorydetails; Type: TABLE; Schema: public; Owner: postgres
--

CREATE TABLE public.inventoryapp_inventorydetails (
    id bigint NOT NULL,
    created_on timestamp with time zone NOT NULL,
    updated_on timestamp with time zone NOT NULL,
    is_deleted boolean NOT NULL,
    inventory_name character varying(255) NOT NULL,
    inventory_code character varying(255) NOT NULL,
    description text,
    max_stock_level integer,
    system_config jsonb NOT NULL,
    user_config jsonb NOT NULL,
    criticality_id bigint,
    parent_inventory_id bigint,
    inventory_type_id bigint NOT NULL,
    rol_id bigint,
    unit_id bigint NOT NULL,
    CONSTRAINT inventoryapp_inventorydetails_max_stock_level_check CHECK ((max_stock_level >= 0))
);


ALTER TABLE public.inventoryapp_inventorydetails OWNER TO postgres;

--
-- Name: inventoryapp_inventorydetails_id_seq; Type: SEQUENCE; Schema: public; Owner: postgres
--

ALTER TABLE public.inventoryapp_inventorydetails ALTER COLUMN id ADD GENERATED BY DEFAULT AS IDENTITY (
    SEQUENCE NAME public.inventoryapp_inventorydetails_id_seq
    START WITH 1
    INCREMENT BY 1
    NO MINVALUE
    NO MAXVALUE
    CACHE 1
);


--
-- Name: inventoryapp_inventoryinward; Type: TABLE; Schema: public; Owner: postgres
--

CREATE TABLE public.inventoryapp_inventoryinward (
    id bigint NOT NULL,
    created_on timestamp with time zone NOT NULL,
    updated_on timestamp with time zone NOT NULL,
    is_deleted boolean NOT NULL,
    purchase_order_number character varying(255) NOT NULL,
    material_receive_note_number character varying(255) NOT NULL,
    qty integer NOT NULL,
    price double precision NOT NULL,
    unit_price double precision,
    inward_date date NOT NULL,
    invoice character varying(100) NOT NULL,
    system_config jsonb NOT NULL,
    user_config jsonb NOT NULL,
    inventory_name_id bigint NOT NULL,
    location_id bigint NOT NULL,
    CONSTRAINT inventoryapp_inventoryinward_qty_check CHECK ((qty >= 0))
);


ALTER TABLE public.inventoryapp_inventoryinward OWNER TO postgres;

--
-- Name: inventoryapp_inventoryinward_id_seq; Type: SEQUENCE; Schema: public; Owner: postgres
--

ALTER TABLE public.inventoryapp_inventoryinward ALTER COLUMN id ADD GENERATED BY DEFAULT AS IDENTITY (
    SEQUENCE NAME public.inventoryapp_inventoryinward_id_seq
    START WITH 1
    INCREMENT BY 1
    NO MINVALUE
    NO MAXVALUE
    CACHE 1
);


--
-- Name: inventoryapp_inventoryoutward; Type: TABLE; Schema: public; Owner: postgres
--

CREATE TABLE public.inventoryapp_inventoryoutward (
    id bigint NOT NULL,
    created_on timestamp with time zone NOT NULL,
    updated_on timestamp with time zone NOT NULL,
    is_deleted boolean NOT NULL,
    outward_number character varying(255) NOT NULL,
    reason text,
    outward_date date NOT NULL,
    quantity integer NOT NULL,
    system_config jsonb NOT NULL,
    user_config jsonb NOT NULL,
    department_id bigint,
    inventory_name_id bigint NOT NULL,
    user_id integer,
    CONSTRAINT inventoryapp_inventoryoutward_quantity_check CHECK ((quantity >= 0))
);


ALTER TABLE public.inventoryapp_inventoryoutward OWNER TO postgres;

--
-- Name: inventoryapp_inventoryoutward_id_seq; Type: SEQUENCE; Schema: public; Owner: postgres
--

ALTER TABLE public.inventoryapp_inventoryoutward ALTER COLUMN id ADD GENERATED BY DEFAULT AS IDENTITY (
    SEQUENCE NAME public.inventoryapp_inventoryoutward_id_seq
    START WITH 1
    INCREMENT BY 1
    NO MINVALUE
    NO MAXVALUE
    CACHE 1
);


--
-- Name: inventoryapp_inventorystockinfo; Type: TABLE; Schema: public; Owner: postgres
--

CREATE TABLE public.inventoryapp_inventorystockinfo (
    id bigint NOT NULL,
    created_on timestamp with time zone NOT NULL,
    updated_on timestamp with time zone NOT NULL,
    is_deleted boolean NOT NULL,
    batch_lot_number character varying(255) NOT NULL,
    stock_level integer NOT NULL,
    system_config jsonb NOT NULL,
    user_config jsonb NOT NULL,
    inventory_name_id bigint NOT NULL,
    location_id bigint NOT NULL,
    CONSTRAINT inventoryapp_inventorystockinfo_stock_level_check CHECK ((stock_level >= 0))
);


ALTER TABLE public.inventoryapp_inventorystockinfo OWNER TO postgres;

--
-- Name: inventoryapp_inventorystockinfo_id_seq; Type: SEQUENCE; Schema: public; Owner: postgres
--

ALTER TABLE public.inventoryapp_inventorystockinfo ALTER COLUMN id ADD GENERATED BY DEFAULT AS IDENTITY (
    SEQUENCE NAME public.inventoryapp_inventorystockinfo_id_seq
    START WITH 1
    INCREMENT BY 1
    NO MINVALUE
    NO MAXVALUE
    CACHE 1
);


--
-- Name: inventoryapp_inventorytype; Type: TABLE; Schema: public; Owner: postgres
--

CREATE TABLE public.inventoryapp_inventorytype (
    id bigint NOT NULL,
    created_on timestamp with time zone NOT NULL,
    updated_on timestamp with time zone NOT NULL,
    is_deleted boolean NOT NULL,
    name character varying(255) NOT NULL,
    parent_inventory_type_id bigint
);


ALTER TABLE public.inventoryapp_inventorytype OWNER TO postgres;

--
-- Name: inventoryapp_inventorytype_id_seq; Type: SEQUENCE; Schema: public; Owner: postgres
--

ALTER TABLE public.inventoryapp_inventorytype ALTER COLUMN id ADD GENERATED BY DEFAULT AS IDENTITY (
    SEQUENCE NAME public.inventoryapp_inventorytype_id_seq
    START WITH 1
    INCREMENT BY 1
    NO MINVALUE
    NO MAXVALUE
    CACHE 1
);


--
-- Name: inventoryapp_rol; Type: TABLE; Schema: public; Owner: postgres
--

CREATE TABLE public.inventoryapp_rol (
    id bigint NOT NULL,
    created_on timestamp with time zone NOT NULL,
    updated_on timestamp with time zone NOT NULL,
    is_deleted boolean NOT NULL,
    rol character varying(255) NOT NULL,
    max_stock_level integer,
    location_id bigint NOT NULL,
    CONSTRAINT inventoryapp_rol_max_stock_level_check CHECK ((max_stock_level >= 0))
);


ALTER TABLE public.inventoryapp_rol OWNER TO postgres;

--
-- Name: inventoryapp_rol_id_seq; Type: SEQUENCE; Schema: public; Owner: postgres
--

ALTER TABLE public.inventoryapp_rol ALTER COLUMN id ADD GENERATED BY DEFAULT AS IDENTITY (
    SEQUENCE NAME public.inventoryapp_rol_id_seq
    START WITH 1
    INCREMENT BY 1
    NO MINVALUE
    NO MAXVALUE
    CACHE 1
);


--
-- Name: inventoryapp_unit; Type: TABLE; Schema: public; Owner: postgres
--

CREATE TABLE public.inventoryapp_unit (
    id bigint NOT NULL,
    created_on timestamp with time zone NOT NULL,
    updated_on timestamp with time zone NOT NULL,
    is_deleted boolean NOT NULL,
    name character varying(255) NOT NULL,
    description text,
    category character varying(50) NOT NULL,
    symbol character varying(50),
    is_base boolean NOT NULL
);


ALTER TABLE public.inventoryapp_unit OWNER TO postgres;

--
-- Name: inventoryapp_unit_id_seq; Type: SEQUENCE; Schema: public; Owner: postgres
--

ALTER TABLE public.inventoryapp_unit ALTER COLUMN id ADD GENERATED BY DEFAULT AS IDENTITY (
    SEQUENCE NAME public.inventoryapp_unit_id_seq
    START WITH 1
    INCREMENT BY 1
    NO MINVALUE
    NO MAXVALUE
    CACHE 1
);


--
-- Name: ticketworkflowapp_actioncriteria; Type: TABLE; Schema: public; Owner: postgres
--

CREATE TABLE public.ticketworkflowapp_actioncriteria (
    id bigint NOT NULL,
    created_on timestamp with time zone NOT NULL,
    updated_on timestamp with time zone NOT NULL,
    is_deleted boolean NOT NULL,
    name character varying(250) NOT NULL
);


ALTER TABLE public.ticketworkflowapp_actioncriteria OWNER TO postgres;

--
-- Name: ticketworkflowapp_actioncriteria_id_seq; Type: SEQUENCE; Schema: public; Owner: postgres
--

ALTER TABLE public.ticketworkflowapp_actioncriteria ALTER COLUMN id ADD GENERATED BY DEFAULT AS IDENTITY (
    SEQUENCE NAME public.ticketworkflowapp_actioncriteria_id_seq
    START WITH 1
    INCREMENT BY 1
    NO MINVALUE
    NO MAXVALUE
    CACHE 1
);


--
-- Name: ticketworkflowapp_actiontype; Type: TABLE; Schema: public; Owner: postgres
--

CREATE TABLE public.ticketworkflowapp_actiontype (
    id bigint NOT NULL,
    created_on timestamp with time zone NOT NULL,
    updated_on timestamp with time zone NOT NULL,
    is_deleted boolean NOT NULL,
    name character varying(250) NOT NULL
);


ALTER TABLE public.ticketworkflowapp_actiontype OWNER TO postgres;

--
-- Name: ticketworkflowapp_actiontype_id_seq; Type: SEQUENCE; Schema: public; Owner: postgres
--

ALTER TABLE public.ticketworkflowapp_actiontype ALTER COLUMN id ADD GENERATED BY DEFAULT AS IDENTITY (
    SEQUENCE NAME public.ticketworkflowapp_actiontype_id_seq
    START WITH 1
    INCREMENT BY 1
    NO MINVALUE
    NO MAXVALUE
    CACHE 1
);


--
-- Name: ticketworkflowapp_customaccesstrack; Type: TABLE; Schema: public; Owner: postgres
--

CREATE TABLE public.ticketworkflowapp_customaccesstrack (
    id bigint NOT NULL,
    dt timestamp with time zone NOT NULL,
    checklist_id bigint NOT NULL,
    section_id bigint NOT NULL,
    ticket_id bigint NOT NULL,
    workflow_stage_id bigint NOT NULL
);


ALTER TABLE public.ticketworkflowapp_customaccesstrack OWNER TO postgres;

--
-- Name: ticketworkflowapp_customaccesstrack_allowed_roles; Type: TABLE; Schema: public; Owner: postgres
--

CREATE TABLE public.ticketworkflowapp_customaccesstrack_allowed_roles (
    id bigint NOT NULL,
    customaccesstrack_id bigint NOT NULL,
    role_id bigint NOT NULL
);


ALTER TABLE public.ticketworkflowapp_customaccesstrack_allowed_roles OWNER TO postgres;

--
-- Name: ticketworkflowapp_customaccesstrack_allowed_roles_id_seq; Type: SEQUENCE; Schema: public; Owner: postgres
--

ALTER TABLE public.ticketworkflowapp_customaccesstrack_allowed_roles ALTER COLUMN id ADD GENERATED BY DEFAULT AS IDENTITY (
    SEQUENCE NAME public.ticketworkflowapp_customaccesstrack_allowed_roles_id_seq
    START WITH 1
    INCREMENT BY 1
    NO MINVALUE
    NO MAXVALUE
    CACHE 1
);


--
-- Name: ticketworkflowapp_customaccesstrack_allowed_users; Type: TABLE; Schema: public; Owner: postgres
--

CREATE TABLE public.ticketworkflowapp_customaccesstrack_allowed_users (
    id bigint NOT NULL,
    customaccesstrack_id bigint NOT NULL,
    employee_id integer NOT NULL
);


ALTER TABLE public.ticketworkflowapp_customaccesstrack_allowed_users OWNER TO postgres;

--
-- Name: ticketworkflowapp_customaccesstrack_allowed_users_id_seq; Type: SEQUENCE; Schema: public; Owner: postgres
--

ALTER TABLE public.ticketworkflowapp_customaccesstrack_allowed_users ALTER COLUMN id ADD GENERATED BY DEFAULT AS IDENTITY (
    SEQUENCE NAME public.ticketworkflowapp_customaccesstrack_allowed_users_id_seq
    START WITH 1
    INCREMENT BY 1
    NO MINVALUE
    NO MAXVALUE
    CACHE 1
);


--
-- Name: ticketworkflowapp_customaccesstrack_id_seq; Type: SEQUENCE; Schema: public; Owner: postgres
--

ALTER TABLE public.ticketworkflowapp_customaccesstrack ALTER COLUMN id ADD GENERATED BY DEFAULT AS IDENTITY (
    SEQUENCE NAME public.ticketworkflowapp_customaccesstrack_id_seq
    START WITH 1
    INCREMENT BY 1
    NO MINVALUE
    NO MAXVALUE
    CACHE 1
);


--
-- Name: ticketworkflowapp_customstageaccess; Type: TABLE; Schema: public; Owner: postgres
--

CREATE TABLE public.ticketworkflowapp_customstageaccess (
    id bigint NOT NULL,
    checklist_id bigint NOT NULL,
    criteria_id bigint,
    section_id bigint NOT NULL,
    ticket_id bigint NOT NULL,
    workflow_stage_id bigint NOT NULL
);


ALTER TABLE public.ticketworkflowapp_customstageaccess OWNER TO postgres;

--
-- Name: ticketworkflowapp_customstageaccess_allowed_roles; Type: TABLE; Schema: public; Owner: postgres
--

CREATE TABLE public.ticketworkflowapp_customstageaccess_allowed_roles (
    id bigint NOT NULL,
    customstageaccess_id bigint NOT NULL,
    role_id bigint NOT NULL
);


ALTER TABLE public.ticketworkflowapp_customstageaccess_allowed_roles OWNER TO postgres;

--
-- Name: ticketworkflowapp_customstageaccess_allowed_roles_id_seq; Type: SEQUENCE; Schema: public; Owner: postgres
--

ALTER TABLE public.ticketworkflowapp_customstageaccess_allowed_roles ALTER COLUMN id ADD GENERATED BY DEFAULT AS IDENTITY (
    SEQUENCE NAME public.ticketworkflowapp_customstageaccess_allowed_roles_id_seq
    START WITH 1
    INCREMENT BY 1
    NO MINVALUE
    NO MAXVALUE
    CACHE 1
);


--
-- Name: ticketworkflowapp_customstageaccess_allowed_users; Type: TABLE; Schema: public; Owner: postgres
--

CREATE TABLE public.ticketworkflowapp_customstageaccess_allowed_users (
    id bigint NOT NULL,
    customstageaccess_id bigint NOT NULL,
    employee_id integer NOT NULL
);


ALTER TABLE public.ticketworkflowapp_customstageaccess_allowed_users OWNER TO postgres;

--
-- Name: ticketworkflowapp_customstageaccess_allowed_users_id_seq; Type: SEQUENCE; Schema: public; Owner: postgres
--

ALTER TABLE public.ticketworkflowapp_customstageaccess_allowed_users ALTER COLUMN id ADD GENERATED BY DEFAULT AS IDENTITY (
    SEQUENCE NAME public.ticketworkflowapp_customstageaccess_allowed_users_id_seq
    START WITH 1
    INCREMENT BY 1
    NO MINVALUE
    NO MAXVALUE
    CACHE 1
);


--
-- Name: ticketworkflowapp_customstageaccess_id_seq; Type: SEQUENCE; Schema: public; Owner: postgres
--

ALTER TABLE public.ticketworkflowapp_customstageaccess ALTER COLUMN id ADD GENERATED BY DEFAULT AS IDENTITY (
    SEQUENCE NAME public.ticketworkflowapp_customstageaccess_id_seq
    START WITH 1
    INCREMENT BY 1
    NO MINVALUE
    NO MAXVALUE
    CACHE 1
);


--
-- Name: ticketworkflowapp_evaluationroles; Type: TABLE; Schema: public; Owner: postgres
--

CREATE TABLE public.ticketworkflowapp_evaluationroles (
    id bigint NOT NULL,
    role_id bigint NOT NULL,
    ticket_id bigint NOT NULL,
    workflow_stage_id bigint NOT NULL
);


ALTER TABLE public.ticketworkflowapp_evaluationroles OWNER TO postgres;

--
-- Name: ticketworkflowapp_evaluationroles_id_seq; Type: SEQUENCE; Schema: public; Owner: postgres
--

ALTER TABLE public.ticketworkflowapp_evaluationroles ALTER COLUMN id ADD GENERATED BY DEFAULT AS IDENTITY (
    SEQUENCE NAME public.ticketworkflowapp_evaluationroles_id_seq
    START WITH 1
    INCREMENT BY 1
    NO MINVALUE
    NO MAXVALUE
    CACHE 1
);


--
-- Name: ticketworkflowapp_formfieldresponse; Type: TABLE; Schema: public; Owner: postgres
--

CREATE TABLE public.ticketworkflowapp_formfieldresponse (
    id bigint NOT NULL,
    value text,
    field_id bigint NOT NULL,
    parent_field_id bigint,
    submission_id bigint NOT NULL
);


ALTER TABLE public.ticketworkflowapp_formfieldresponse OWNER TO postgres;

--
-- Name: ticketworkflowapp_formfieldresponse_id_seq; Type: SEQUENCE; Schema: public; Owner: postgres
--

ALTER TABLE public.ticketworkflowapp_formfieldresponse ALTER COLUMN id ADD GENERATED BY DEFAULT AS IDENTITY (
    SEQUENCE NAME public.ticketworkflowapp_formfieldresponse_id_seq
    START WITH 1
    INCREMENT BY 1
    NO MINVALUE
    NO MAXVALUE
    CACHE 1
);


--
-- Name: ticketworkflowapp_formsubmission; Type: TABLE; Schema: public; Owner: postgres
--

CREATE TABLE public.ticketworkflowapp_formsubmission (
    id bigint NOT NULL,
    created_on timestamp with time zone NOT NULL,
    updated_on timestamp with time zone NOT NULL,
    is_deleted boolean NOT NULL,
    is_invalid boolean NOT NULL,
    invalidated_at timestamp with time zone,
    invalidated_reason text,
    submitted_at timestamp with time zone,
    form_id bigint NOT NULL,
    invalidated_by_id integer,
    section_id bigint NOT NULL,
    submitted_by_id integer,
    ticket_id bigint NOT NULL,
    stage_id bigint NOT NULL
);


ALTER TABLE public.ticketworkflowapp_formsubmission OWNER TO postgres;

--
-- Name: ticketworkflowapp_formsubmission_id_seq; Type: SEQUENCE; Schema: public; Owner: postgres
--

ALTER TABLE public.ticketworkflowapp_formsubmission ALTER COLUMN id ADD GENERATED BY DEFAULT AS IDENTITY (
    SEQUENCE NAME public.ticketworkflowapp_formsubmission_id_seq
    START WITH 1
    INCREMENT BY 1
    NO MINVALUE
    NO MAXVALUE
    CACHE 1
);


--
-- Name: ticketworkflowapp_priority; Type: TABLE; Schema: public; Owner: postgres
--

CREATE TABLE public.ticketworkflowapp_priority (
    id bigint NOT NULL,
    name character varying(50) NOT NULL
);


ALTER TABLE public.ticketworkflowapp_priority OWNER TO postgres;

--
-- Name: ticketworkflowapp_priority_id_seq; Type: SEQUENCE; Schema: public; Owner: postgres
--

ALTER TABLE public.ticketworkflowapp_priority ALTER COLUMN id ADD GENERATED BY DEFAULT AS IDENTITY (
    SEQUENCE NAME public.ticketworkflowapp_priority_id_seq
    START WITH 1
    INCREMENT BY 1
    NO MINVALUE
    NO MAXVALUE
    CACHE 1
);


--
-- Name: ticketworkflowapp_savedtickets; Type: TABLE; Schema: public; Owner: postgres
--

CREATE TABLE public.ticketworkflowapp_savedtickets (
    id bigint NOT NULL,
    created_on timestamp with time zone NOT NULL,
    updated_on timestamp with time zone NOT NULL,
    is_deleted boolean NOT NULL,
    employee_id integer NOT NULL,
    ticket_id bigint NOT NULL
);


ALTER TABLE public.ticketworkflowapp_savedtickets OWNER TO postgres;

--
-- Name: ticketworkflowapp_savedtickets_id_seq; Type: SEQUENCE; Schema: public; Owner: postgres
--

ALTER TABLE public.ticketworkflowapp_savedtickets ALTER COLUMN id ADD GENERATED BY DEFAULT AS IDENTITY (
    SEQUENCE NAME public.ticketworkflowapp_savedtickets_id_seq
    START WITH 1
    INCREMENT BY 1
    NO MINVALUE
    NO MAXVALUE
    CACHE 1
);


--
-- Name: ticketworkflowapp_slaextensionrequest; Type: TABLE; Schema: public; Owner: postgres
--

CREATE TABLE public.ticketworkflowapp_slaextensionrequest (
    id bigint NOT NULL,
    created_on timestamp with time zone NOT NULL,
    updated_on timestamp with time zone NOT NULL,
    is_deleted boolean NOT NULL,
    reason text NOT NULL,
    requested_extra_time interval NOT NULL,
    status character varying(20) NOT NULL,
    manager_comments text,
    approved_at timestamp with time zone,
    manager_id integer NOT NULL,
    requested_by_id integer NOT NULL,
    ticket_id bigint NOT NULL,
    stage_id bigint NOT NULL
);


ALTER TABLE public.ticketworkflowapp_slaextensionrequest OWNER TO postgres;

--
-- Name: ticketworkflowapp_slaextensionrequest_id_seq; Type: SEQUENCE; Schema: public; Owner: postgres
--

ALTER TABLE public.ticketworkflowapp_slaextensionrequest ALTER COLUMN id ADD GENERATED BY DEFAULT AS IDENTITY (
    SEQUENCE NAME public.ticketworkflowapp_slaextensionrequest_id_seq
    START WITH 1
    INCREMENT BY 1
    NO MINVALUE
    NO MAXVALUE
    CACHE 1
);


--
-- Name: ticketworkflowapp_slaextensionseen; Type: TABLE; Schema: public; Owner: postgres
--

CREATE TABLE public.ticketworkflowapp_slaextensionseen (
    id bigint NOT NULL,
    is_seen boolean NOT NULL,
    seen_at timestamp with time zone,
    employee_id integer NOT NULL,
    request_id bigint NOT NULL
);


ALTER TABLE public.ticketworkflowapp_slaextensionseen OWNER TO postgres;

--
-- Name: ticketworkflowapp_slaextensionseen_id_seq; Type: SEQUENCE; Schema: public; Owner: postgres
--

ALTER TABLE public.ticketworkflowapp_slaextensionseen ALTER COLUMN id ADD GENERATED BY DEFAULT AS IDENTITY (
    SEQUENCE NAME public.ticketworkflowapp_slaextensionseen_id_seq
    START WITH 1
    INCREMENT BY 1
    NO MINVALUE
    NO MAXVALUE
    CACHE 1
);


--
-- Name: ticketworkflowapp_slaextensionsignature; Type: TABLE; Schema: public; Owner: postgres
--

CREATE TABLE public.ticketworkflowapp_slaextensionsignature (
    id bigint NOT NULL,
    created_on timestamp with time zone NOT NULL,
    updated_on timestamp with time zone NOT NULL,
    is_deleted boolean NOT NULL,
    is_invalid boolean NOT NULL,
    invalidated_at timestamp with time zone,
    invalidated_reason text,
    action character varying(50) NOT NULL,
    username character varying(255) NOT NULL,
    reason text,
    signed_at timestamp with time zone NOT NULL,
    extension_request_id bigint NOT NULL,
    invalidated_by_id integer,
    signed_by_id integer,
    ticket_id bigint NOT NULL,
    stage_id bigint
);


ALTER TABLE public.ticketworkflowapp_slaextensionsignature OWNER TO postgres;

--
-- Name: ticketworkflowapp_slaextensionsignature_id_seq; Type: SEQUENCE; Schema: public; Owner: postgres
--

ALTER TABLE public.ticketworkflowapp_slaextensionsignature ALTER COLUMN id ADD GENERATED BY DEFAULT AS IDENTITY (
    SEQUENCE NAME public.ticketworkflowapp_slaextensionsignature_id_seq
    START WITH 1
    INCREMENT BY 1
    NO MINVALUE
    NO MAXVALUE
    CACHE 1
);


--
-- Name: ticketworkflowapp_stageflowremark; Type: TABLE; Schema: public; Owner: postgres
--

CREATE TABLE public.ticketworkflowapp_stageflowremark (
    id bigint NOT NULL,
    created_on timestamp with time zone NOT NULL,
    updated_on timestamp with time zone NOT NULL,
    is_deleted boolean NOT NULL,
    remark text NOT NULL,
    created_by_id integer,
    track_id bigint NOT NULL
);


ALTER TABLE public.ticketworkflowapp_stageflowremark OWNER TO postgres;

--
-- Name: ticketworkflowapp_stageflowremark_id_seq; Type: SEQUENCE; Schema: public; Owner: postgres
--

ALTER TABLE public.ticketworkflowapp_stageflowremark ALTER COLUMN id ADD GENERATED BY DEFAULT AS IDENTITY (
    SEQUENCE NAME public.ticketworkflowapp_stageflowremark_id_seq
    START WITH 1
    INCREMENT BY 1
    NO MINVALUE
    NO MAXVALUE
    CACHE 1
);


--
-- Name: ticketworkflowapp_temperoryworkflow; Type: TABLE; Schema: public; Owner: postgres
--

CREATE TABLE public.ticketworkflowapp_temperoryworkflow (
    id bigint NOT NULL,
    created_on timestamp with time zone NOT NULL,
    updated_on timestamp with time zone NOT NULL,
    is_deleted boolean NOT NULL,
    flow_json jsonb,
    workflow_id bigint NOT NULL
);


ALTER TABLE public.ticketworkflowapp_temperoryworkflow OWNER TO postgres;

--
-- Name: ticketworkflowapp_temperoryworkflow_id_seq; Type: SEQUENCE; Schema: public; Owner: postgres
--

ALTER TABLE public.ticketworkflowapp_temperoryworkflow ALTER COLUMN id ADD GENERATED BY DEFAULT AS IDENTITY (
    SEQUENCE NAME public.ticketworkflowapp_temperoryworkflow_id_seq
    START WITH 1
    INCREMENT BY 1
    NO MINVALUE
    NO MAXVALUE
    CACHE 1
);


--
-- Name: ticketworkflowapp_ticketchecklistvalue; Type: TABLE; Schema: public; Owner: postgres
--

CREATE TABLE public.ticketworkflowapp_ticketchecklistvalue (
    id bigint NOT NULL,
    created_on timestamp with time zone NOT NULL,
    updated_on timestamp with time zone NOT NULL,
    is_deleted boolean NOT NULL,
    data jsonb,
    is_submitted boolean NOT NULL,
    checklist_id bigint NOT NULL,
    section_id bigint NOT NULL,
    ticket_id bigint NOT NULL,
    stage_id bigint NOT NULL
);


ALTER TABLE public.ticketworkflowapp_ticketchecklistvalue OWNER TO postgres;

--
-- Name: ticketworkflowapp_ticketchecklistvalue_id_seq; Type: SEQUENCE; Schema: public; Owner: postgres
--

ALTER TABLE public.ticketworkflowapp_ticketchecklistvalue ALTER COLUMN id ADD GENERATED BY DEFAULT AS IDENTITY (
    SEQUENCE NAME public.ticketworkflowapp_ticketchecklistvalue_id_seq
    START WITH 1
    INCREMENT BY 1
    NO MINVALUE
    NO MAXVALUE
    CACHE 1
);


--
-- Name: ticketworkflowapp_ticketcomment; Type: TABLE; Schema: public; Owner: postgres
--

CREATE TABLE public.ticketworkflowapp_ticketcomment (
    id bigint NOT NULL,
    created_on timestamp with time zone NOT NULL,
    updated_on timestamp with time zone NOT NULL,
    is_deleted boolean NOT NULL,
    comments text NOT NULL,
    commented_by_id integer,
    ticket_id bigint NOT NULL
);


ALTER TABLE public.ticketworkflowapp_ticketcomment OWNER TO postgres;

--
-- Name: ticketworkflowapp_ticketcomment_id_seq; Type: SEQUENCE; Schema: public; Owner: postgres
--

ALTER TABLE public.ticketworkflowapp_ticketcomment ALTER COLUMN id ADD GENERATED BY DEFAULT AS IDENTITY (
    SEQUENCE NAME public.ticketworkflowapp_ticketcomment_id_seq
    START WITH 1
    INCREMENT BY 1
    NO MINVALUE
    NO MAXVALUE
    CACHE 1
);


--
-- Name: ticketworkflowapp_ticketdetails; Type: TABLE; Schema: public; Owner: postgres
--

CREATE TABLE public.ticketworkflowapp_ticketdetails (
    id bigint NOT NULL,
    created_on timestamp with time zone NOT NULL,
    updated_on timestamp with time zone NOT NULL,
    is_deleted boolean NOT NULL,
    unique_id character varying(50),
    title character varying(250) NOT NULL,
    "desc" text NOT NULL,
    created_by_id integer,
    department_id bigint,
    location_id bigint,
    parent_ticket_id bigint,
    priority_id bigint
);


ALTER TABLE public.ticketworkflowapp_ticketdetails OWNER TO postgres;

--
-- Name: ticketworkflowapp_ticketdetails_id_seq; Type: SEQUENCE; Schema: public; Owner: postgres
--

ALTER TABLE public.ticketworkflowapp_ticketdetails ALTER COLUMN id ADD GENERATED BY DEFAULT AS IDENTITY (
    SEQUENCE NAME public.ticketworkflowapp_ticketdetails_id_seq
    START WITH 1
    INCREMENT BY 1
    NO MINVALUE
    NO MAXVALUE
    CACHE 1
);


--
-- Name: ticketworkflowapp_ticketdocs; Type: TABLE; Schema: public; Owner: postgres
--

CREATE TABLE public.ticketworkflowapp_ticketdocs (
    id bigint NOT NULL,
    created_on timestamp with time zone NOT NULL,
    updated_on timestamp with time zone NOT NULL,
    is_deleted boolean NOT NULL,
    doc character varying(255) NOT NULL,
    ticket_id bigint NOT NULL
);


ALTER TABLE public.ticketworkflowapp_ticketdocs OWNER TO postgres;

--
-- Name: ticketworkflowapp_ticketdocs_id_seq; Type: SEQUENCE; Schema: public; Owner: postgres
--

ALTER TABLE public.ticketworkflowapp_ticketdocs ALTER COLUMN id ADD GENERATED BY DEFAULT AS IDENTITY (
    SEQUENCE NAME public.ticketworkflowapp_ticketdocs_id_seq
    START WITH 1
    INCREMENT BY 1
    NO MINVALUE
    NO MAXVALUE
    CACHE 1
);


--
-- Name: ticketworkflowapp_ticketflow; Type: TABLE; Schema: public; Owner: postgres
--

CREATE TABLE public.ticketworkflowapp_ticketflow (
    id bigint NOT NULL,
    created_on timestamp with time zone NOT NULL,
    updated_on timestamp with time zone NOT NULL,
    is_deleted boolean NOT NULL,
    status_updated_at timestamp with time zone NOT NULL,
    created_at timestamp with time zone NOT NULL,
    is_completed boolean NOT NULL,
    ticket_id bigint NOT NULL,
    workflow_id bigint
);


ALTER TABLE public.ticketworkflowapp_ticketflow OWNER TO postgres;

--
-- Name: ticketworkflowapp_ticketflow_current_stage; Type: TABLE; Schema: public; Owner: postgres
--

CREATE TABLE public.ticketworkflowapp_ticketflow_current_stage (
    id bigint NOT NULL,
    ticketflow_id bigint NOT NULL,
    workflowstage_id bigint NOT NULL
);


ALTER TABLE public.ticketworkflowapp_ticketflow_current_stage OWNER TO postgres;

--
-- Name: ticketworkflowapp_ticketflow_current_stage_id_seq; Type: SEQUENCE; Schema: public; Owner: postgres
--

ALTER TABLE public.ticketworkflowapp_ticketflow_current_stage ALTER COLUMN id ADD GENERATED BY DEFAULT AS IDENTITY (
    SEQUENCE NAME public.ticketworkflowapp_ticketflow_current_stage_id_seq
    START WITH 1
    INCREMENT BY 1
    NO MINVALUE
    NO MAXVALUE
    CACHE 1
);


--
-- Name: ticketworkflowapp_ticketflow_id_seq; Type: SEQUENCE; Schema: public; Owner: postgres
--

ALTER TABLE public.ticketworkflowapp_ticketflow ALTER COLUMN id ADD GENERATED BY DEFAULT AS IDENTITY (
    SEQUENCE NAME public.ticketworkflowapp_ticketflow_id_seq
    START WITH 1
    INCREMENT BY 1
    NO MINVALUE
    NO MAXVALUE
    CACHE 1
);


--
-- Name: ticketworkflowapp_ticketparameter; Type: TABLE; Schema: public; Owner: postgres
--

CREATE TABLE public.ticketworkflowapp_ticketparameter (
    id bigint NOT NULL,
    created_on timestamp with time zone NOT NULL,
    updated_on timestamp with time zone NOT NULL,
    is_deleted boolean NOT NULL,
    data jsonb,
    parameter_data_id bigint NOT NULL,
    ticket_details_id bigint NOT NULL,
    stage_id bigint NOT NULL
);


ALTER TABLE public.ticketworkflowapp_ticketparameter OWNER TO postgres;

--
-- Name: ticketworkflowapp_ticketparameter_id_seq; Type: SEQUENCE; Schema: public; Owner: postgres
--

ALTER TABLE public.ticketworkflowapp_ticketparameter ALTER COLUMN id ADD GENERATED BY DEFAULT AS IDENTITY (
    SEQUENCE NAME public.ticketworkflowapp_ticketparameter_id_seq
    START WITH 1
    INCREMENT BY 1
    NO MINVALUE
    NO MAXVALUE
    CACHE 1
);


--
-- Name: ticketworkflowapp_ticketstageaccess; Type: TABLE; Schema: public; Owner: postgres
--

CREATE TABLE public.ticketworkflowapp_ticketstageaccess (
    id bigint NOT NULL,
    created_on timestamp with time zone NOT NULL,
    updated_on timestamp with time zone NOT NULL,
    is_deleted boolean NOT NULL,
    ticket_id bigint NOT NULL,
    stage_id bigint NOT NULL
);


ALTER TABLE public.ticketworkflowapp_ticketstageaccess OWNER TO postgres;

--
-- Name: ticketworkflowapp_ticketstageaccess_allowed_roles; Type: TABLE; Schema: public; Owner: postgres
--

CREATE TABLE public.ticketworkflowapp_ticketstageaccess_allowed_roles (
    id bigint NOT NULL,
    ticketstageaccess_id bigint NOT NULL,
    role_id bigint NOT NULL
);


ALTER TABLE public.ticketworkflowapp_ticketstageaccess_allowed_roles OWNER TO postgres;

--
-- Name: ticketworkflowapp_ticketstageaccess_allowed_roles_id_seq; Type: SEQUENCE; Schema: public; Owner: postgres
--

ALTER TABLE public.ticketworkflowapp_ticketstageaccess_allowed_roles ALTER COLUMN id ADD GENERATED BY DEFAULT AS IDENTITY (
    SEQUENCE NAME public.ticketworkflowapp_ticketstageaccess_allowed_roles_id_seq
    START WITH 1
    INCREMENT BY 1
    NO MINVALUE
    NO MAXVALUE
    CACHE 1
);


--
-- Name: ticketworkflowapp_ticketstageaccess_allowed_users; Type: TABLE; Schema: public; Owner: postgres
--

CREATE TABLE public.ticketworkflowapp_ticketstageaccess_allowed_users (
    id bigint NOT NULL,
    ticketstageaccess_id bigint NOT NULL,
    employee_id integer NOT NULL
);


ALTER TABLE public.ticketworkflowapp_ticketstageaccess_allowed_users OWNER TO postgres;

--
-- Name: ticketworkflowapp_ticketstageaccess_allowed_users_id_seq; Type: SEQUENCE; Schema: public; Owner: postgres
--

ALTER TABLE public.ticketworkflowapp_ticketstageaccess_allowed_users ALTER COLUMN id ADD GENERATED BY DEFAULT AS IDENTITY (
    SEQUENCE NAME public.ticketworkflowapp_ticketstageaccess_allowed_users_id_seq
    START WITH 1
    INCREMENT BY 1
    NO MINVALUE
    NO MAXVALUE
    CACHE 1
);


--
-- Name: ticketworkflowapp_ticketstageaccess_id_seq; Type: SEQUENCE; Schema: public; Owner: postgres
--

ALTER TABLE public.ticketworkflowapp_ticketstageaccess ALTER COLUMN id ADD GENERATED BY DEFAULT AS IDENTITY (
    SEQUENCE NAME public.ticketworkflowapp_ticketstageaccess_id_seq
    START WITH 1
    INCREMENT BY 1
    NO MINVALUE
    NO MAXVALUE
    CACHE 1
);


--
-- Name: ticketworkflowapp_ticketstagetracking; Type: TABLE; Schema: public; Owner: postgres
--

CREATE TABLE public.ticketworkflowapp_ticketstagetracking (
    id bigint NOT NULL,
    created_on timestamp with time zone NOT NULL,
    updated_on timestamp with time zone NOT NULL,
    is_deleted boolean NOT NULL,
    is_invalid boolean NOT NULL,
    invalidated_at timestamp with time zone,
    invalidated_reason text,
    entered_at timestamp with time zone NOT NULL,
    exited_at timestamp with time zone,
    duration interval,
    remarks text,
    is_active boolean NOT NULL,
    invalidated_by_id integer,
    performed_by_id integer,
    ticket_id bigint NOT NULL,
    returned_from_id bigint,
    stage_id bigint NOT NULL,
    actions_id bigint,
    post_actions_id bigint,
    pre_actions_id bigint
);


ALTER TABLE public.ticketworkflowapp_ticketstagetracking OWNER TO postgres;

--
-- Name: ticketworkflowapp_ticketstagetracking_id_seq; Type: SEQUENCE; Schema: public; Owner: postgres
--

ALTER TABLE public.ticketworkflowapp_ticketstagetracking ALTER COLUMN id ADD GENERATED BY DEFAULT AS IDENTITY (
    SEQUENCE NAME public.ticketworkflowapp_ticketstagetracking_id_seq
    START WITH 1
    INCREMENT BY 1
    NO MINVALUE
    NO MAXVALUE
    CACHE 1
);


--
-- Name: ticketworkflowapp_workflow; Type: TABLE; Schema: public; Owner: postgres
--

CREATE TABLE public.ticketworkflowapp_workflow (
    id bigint NOT NULL,
    created_on timestamp with time zone NOT NULL,
    updated_on timestamp with time zone NOT NULL,
    is_deleted boolean NOT NULL,
    name character varying(200) NOT NULL,
    status character varying(20) NOT NULL,
    type_id bigint
);


ALTER TABLE public.ticketworkflowapp_workflow OWNER TO postgres;

--
-- Name: ticketworkflowapp_workflow_id_seq; Type: SEQUENCE; Schema: public; Owner: postgres
--

ALTER TABLE public.ticketworkflowapp_workflow ALTER COLUMN id ADD GENERATED BY DEFAULT AS IDENTITY (
    SEQUENCE NAME public.ticketworkflowapp_workflow_id_seq
    START WITH 1
    INCREMENT BY 1
    NO MINVALUE
    NO MAXVALUE
    CACHE 1
);


--
-- Name: ticketworkflowapp_workflowchecklist; Type: TABLE; Schema: public; Owner: postgres
--

CREATE TABLE public.ticketworkflowapp_workflowchecklist (
    id bigint NOT NULL,
    created_on timestamp with time zone NOT NULL,
    updated_on timestamp with time zone NOT NULL,
    is_deleted boolean NOT NULL,
    checklist_id bigint NOT NULL,
    criteria_id bigint,
    assign_access_from_id bigint,
    workflow_stage_id bigint NOT NULL
);


ALTER TABLE public.ticketworkflowapp_workflowchecklist OWNER TO postgres;

--
-- Name: ticketworkflowapp_workflowchecklist_id_seq; Type: SEQUENCE; Schema: public; Owner: postgres
--

ALTER TABLE public.ticketworkflowapp_workflowchecklist ALTER COLUMN id ADD GENERATED BY DEFAULT AS IDENTITY (
    SEQUENCE NAME public.ticketworkflowapp_workflowchecklist_id_seq
    START WITH 1
    INCREMENT BY 1
    NO MINVALUE
    NO MAXVALUE
    CACHE 1
);


--
-- Name: ticketworkflowapp_workflowchecklist_reader_roles; Type: TABLE; Schema: public; Owner: postgres
--

CREATE TABLE public.ticketworkflowapp_workflowchecklist_reader_roles (
    id bigint NOT NULL,
    workflowchecklist_id bigint NOT NULL,
    role_id bigint NOT NULL
);


ALTER TABLE public.ticketworkflowapp_workflowchecklist_reader_roles OWNER TO postgres;

--
-- Name: ticketworkflowapp_workflowchecklist_reader_roles_id_seq; Type: SEQUENCE; Schema: public; Owner: postgres
--

ALTER TABLE public.ticketworkflowapp_workflowchecklist_reader_roles ALTER COLUMN id ADD GENERATED BY DEFAULT AS IDENTITY (
    SEQUENCE NAME public.ticketworkflowapp_workflowchecklist_reader_roles_id_seq
    START WITH 1
    INCREMENT BY 1
    NO MINVALUE
    NO MAXVALUE
    CACHE 1
);


--
-- Name: ticketworkflowapp_workflowchecklist_section; Type: TABLE; Schema: public; Owner: postgres
--

CREATE TABLE public.ticketworkflowapp_workflowchecklist_section (
    id bigint NOT NULL,
    workflowchecklist_id bigint NOT NULL,
    formsections_id bigint NOT NULL
);


ALTER TABLE public.ticketworkflowapp_workflowchecklist_section OWNER TO postgres;

--
-- Name: ticketworkflowapp_workflowchecklist_section_id_seq; Type: SEQUENCE; Schema: public; Owner: postgres
--

ALTER TABLE public.ticketworkflowapp_workflowchecklist_section ALTER COLUMN id ADD GENERATED BY DEFAULT AS IDENTITY (
    SEQUENCE NAME public.ticketworkflowapp_workflowchecklist_section_id_seq
    START WITH 1
    INCREMENT BY 1
    NO MINVALUE
    NO MAXVALUE
    CACHE 1
);


--
-- Name: ticketworkflowapp_workflowchecklist_writer_roles; Type: TABLE; Schema: public; Owner: postgres
--

CREATE TABLE public.ticketworkflowapp_workflowchecklist_writer_roles (
    id bigint NOT NULL,
    workflowchecklist_id bigint NOT NULL,
    role_id bigint NOT NULL
);


ALTER TABLE public.ticketworkflowapp_workflowchecklist_writer_roles OWNER TO postgres;

--
-- Name: ticketworkflowapp_workflowchecklist_writer_roles_id_seq; Type: SEQUENCE; Schema: public; Owner: postgres
--

ALTER TABLE public.ticketworkflowapp_workflowchecklist_writer_roles ALTER COLUMN id ADD GENERATED BY DEFAULT AS IDENTITY (
    SEQUENCE NAME public.ticketworkflowapp_workflowchecklist_writer_roles_id_seq
    START WITH 1
    INCREMENT BY 1
    NO MINVALUE
    NO MAXVALUE
    CACHE 1
);


--
-- Name: ticketworkflowapp_workflowchecklisttemp; Type: TABLE; Schema: public; Owner: postgres
--

CREATE TABLE public.ticketworkflowapp_workflowchecklisttemp (
    id bigint NOT NULL,
    created_on timestamp with time zone NOT NULL,
    updated_on timestamp with time zone NOT NULL,
    is_deleted boolean NOT NULL,
    data_json jsonb,
    workflow_id bigint NOT NULL
);


ALTER TABLE public.ticketworkflowapp_workflowchecklisttemp OWNER TO postgres;

--
-- Name: ticketworkflowapp_workflowchecklisttemp_id_seq; Type: SEQUENCE; Schema: public; Owner: postgres
--

ALTER TABLE public.ticketworkflowapp_workflowchecklisttemp ALTER COLUMN id ADD GENERATED BY DEFAULT AS IDENTITY (
    SEQUENCE NAME public.ticketworkflowapp_workflowchecklisttemp_id_seq
    START WITH 1
    INCREMENT BY 1
    NO MINVALUE
    NO MAXVALUE
    CACHE 1
);


--
-- Name: ticketworkflowapp_workflowdependency; Type: TABLE; Schema: public; Owner: postgres
--

CREATE TABLE public.ticketworkflowapp_workflowdependency (
    id bigint NOT NULL,
    created_on timestamp with time zone NOT NULL,
    updated_on timestamp with time zone NOT NULL,
    is_deleted boolean NOT NULL,
    dependent_stage_id bigint NOT NULL,
    prerequisite_action_id bigint NOT NULL
);


ALTER TABLE public.ticketworkflowapp_workflowdependency OWNER TO postgres;

--
-- Name: ticketworkflowapp_workflowdependency_id_seq; Type: SEQUENCE; Schema: public; Owner: postgres
--

ALTER TABLE public.ticketworkflowapp_workflowdependency ALTER COLUMN id ADD GENERATED BY DEFAULT AS IDENTITY (
    SEQUENCE NAME public.ticketworkflowapp_workflowdependency_id_seq
    START WITH 1
    INCREMENT BY 1
    NO MINVALUE
    NO MAXVALUE
    CACHE 1
);


--
-- Name: ticketworkflowapp_workflowsla; Type: TABLE; Schema: public; Owner: postgres
--

CREATE TABLE public.ticketworkflowapp_workflowsla (
    id bigint NOT NULL,
    created_on timestamp with time zone NOT NULL,
    updated_on timestamp with time zone NOT NULL,
    is_deleted boolean NOT NULL,
    sla interval NOT NULL,
    workflowstage_id bigint NOT NULL
);


ALTER TABLE public.ticketworkflowapp_workflowsla OWNER TO postgres;

--
-- Name: ticketworkflowapp_workflowsla_id_seq; Type: SEQUENCE; Schema: public; Owner: postgres
--

ALTER TABLE public.ticketworkflowapp_workflowsla ALTER COLUMN id ADD GENERATED BY DEFAULT AS IDENTITY (
    SEQUENCE NAME public.ticketworkflowapp_workflowsla_id_seq
    START WITH 1
    INCREMENT BY 1
    NO MINVALUE
    NO MAXVALUE
    CACHE 1
);


--
-- Name: ticketworkflowapp_workflowsla_roles; Type: TABLE; Schema: public; Owner: postgres
--

CREATE TABLE public.ticketworkflowapp_workflowsla_roles (
    id bigint NOT NULL,
    workflowsla_id bigint NOT NULL,
    role_id bigint NOT NULL
);


ALTER TABLE public.ticketworkflowapp_workflowsla_roles OWNER TO postgres;

--
-- Name: ticketworkflowapp_workflowsla_roles_id_seq; Type: SEQUENCE; Schema: public; Owner: postgres
--

ALTER TABLE public.ticketworkflowapp_workflowsla_roles ALTER COLUMN id ADD GENERATED BY DEFAULT AS IDENTITY (
    SEQUENCE NAME public.ticketworkflowapp_workflowsla_roles_id_seq
    START WITH 1
    INCREMENT BY 1
    NO MINVALUE
    NO MAXVALUE
    CACHE 1
);


--
-- Name: ticketworkflowapp_workflowsla_users; Type: TABLE; Schema: public; Owner: postgres
--

CREATE TABLE public.ticketworkflowapp_workflowsla_users (
    id bigint NOT NULL,
    workflowsla_id bigint NOT NULL,
    employee_id integer NOT NULL
);


ALTER TABLE public.ticketworkflowapp_workflowsla_users OWNER TO postgres;

--
-- Name: ticketworkflowapp_workflowsla_users_id_seq; Type: SEQUENCE; Schema: public; Owner: postgres
--

ALTER TABLE public.ticketworkflowapp_workflowsla_users ALTER COLUMN id ADD GENERATED BY DEFAULT AS IDENTITY (
    SEQUENCE NAME public.ticketworkflowapp_workflowsla_users_id_seq
    START WITH 1
    INCREMENT BY 1
    NO MINVALUE
    NO MAXVALUE
    CACHE 1
);


--
-- Name: ticketworkflowapp_workflowstage; Type: TABLE; Schema: public; Owner: postgres
--

CREATE TABLE public.ticketworkflowapp_workflowstage (
    id bigint NOT NULL,
    created_on timestamp with time zone NOT NULL,
    updated_on timestamp with time zone NOT NULL,
    is_deleted boolean NOT NULL,
    name character varying(100) NOT NULL,
    is_initial_stage boolean NOT NULL,
    "position" jsonb,
    send_email boolean NOT NULL,
    required_previous_stage_id bigint,
    workflow_id bigint NOT NULL
);


ALTER TABLE public.ticketworkflowapp_workflowstage OWNER TO postgres;

--
-- Name: ticketworkflowapp_workflowstage_id_seq; Type: SEQUENCE; Schema: public; Owner: postgres
--

ALTER TABLE public.ticketworkflowapp_workflowstage ALTER COLUMN id ADD GENERATED BY DEFAULT AS IDENTITY (
    SEQUENCE NAME public.ticketworkflowapp_workflowstage_id_seq
    START WITH 1
    INCREMENT BY 1
    NO MINVALUE
    NO MAXVALUE
    CACHE 1
);


--
-- Name: ticketworkflowapp_workflowstageactions; Type: TABLE; Schema: public; Owner: postgres
--

CREATE TABLE public.ticketworkflowapp_workflowstageactions (
    id bigint NOT NULL,
    created_on timestamp with time zone NOT NULL,
    updated_on timestamp with time zone NOT NULL,
    is_deleted boolean NOT NULL,
    is_primary boolean NOT NULL,
    criteria_id bigint,
    workflow_stage_id bigint NOT NULL,
    workflow_action_id bigint NOT NULL
);


ALTER TABLE public.ticketworkflowapp_workflowstageactions OWNER TO postgres;

--
-- Name: ticketworkflowapp_workflowstageactions_allowed_roles; Type: TABLE; Schema: public; Owner: postgres
--

CREATE TABLE public.ticketworkflowapp_workflowstageactions_allowed_roles (
    id bigint NOT NULL,
    workflowstageactions_id bigint NOT NULL,
    role_id bigint NOT NULL
);


ALTER TABLE public.ticketworkflowapp_workflowstageactions_allowed_roles OWNER TO postgres;

--
-- Name: ticketworkflowapp_workflowstageactions_allowed_roles_id_seq; Type: SEQUENCE; Schema: public; Owner: postgres
--

ALTER TABLE public.ticketworkflowapp_workflowstageactions_allowed_roles ALTER COLUMN id ADD GENERATED BY DEFAULT AS IDENTITY (
    SEQUENCE NAME public.ticketworkflowapp_workflowstageactions_allowed_roles_id_seq
    START WITH 1
    INCREMENT BY 1
    NO MINVALUE
    NO MAXVALUE
    CACHE 1
);


--
-- Name: ticketworkflowapp_workflowstageactions_allowed_users; Type: TABLE; Schema: public; Owner: postgres
--

CREATE TABLE public.ticketworkflowapp_workflowstageactions_allowed_users (
    id bigint NOT NULL,
    workflowstageactions_id bigint NOT NULL,
    employee_id integer NOT NULL
);


ALTER TABLE public.ticketworkflowapp_workflowstageactions_allowed_users OWNER TO postgres;

--
-- Name: ticketworkflowapp_workflowstageactions_allowed_users_id_seq; Type: SEQUENCE; Schema: public; Owner: postgres
--

ALTER TABLE public.ticketworkflowapp_workflowstageactions_allowed_users ALTER COLUMN id ADD GENERATED BY DEFAULT AS IDENTITY (
    SEQUENCE NAME public.ticketworkflowapp_workflowstageactions_allowed_users_id_seq
    START WITH 1
    INCREMENT BY 1
    NO MINVALUE
    NO MAXVALUE
    CACHE 1
);


--
-- Name: ticketworkflowapp_workflowstageactions_id_seq; Type: SEQUENCE; Schema: public; Owner: postgres
--

ALTER TABLE public.ticketworkflowapp_workflowstageactions ALTER COLUMN id ADD GENERATED BY DEFAULT AS IDENTITY (
    SEQUENCE NAME public.ticketworkflowapp_workflowstageactions_id_seq
    START WITH 1
    INCREMENT BY 1
    NO MINVALUE
    NO MAXVALUE
    CACHE 1
);


--
-- Name: ticketworkflowapp_workflowstagesignature; Type: TABLE; Schema: public; Owner: postgres
--

CREATE TABLE public.ticketworkflowapp_workflowstagesignature (
    id bigint NOT NULL,
    created_on timestamp with time zone NOT NULL,
    updated_on timestamp with time zone NOT NULL,
    is_deleted boolean NOT NULL,
    is_invalid boolean NOT NULL,
    invalidated_at timestamp with time zone,
    invalidated_reason text,
    username character varying(255) NOT NULL,
    reason text,
    signed_at timestamp with time zone NOT NULL,
    action_id bigint,
    invalidated_by_id integer,
    signed_by_id integer,
    stage_id bigint NOT NULL,
    ticket_id bigint NOT NULL
);


ALTER TABLE public.ticketworkflowapp_workflowstagesignature OWNER TO postgres;

--
-- Name: ticketworkflowapp_workflowstagesignature_id_seq; Type: SEQUENCE; Schema: public; Owner: postgres
--

ALTER TABLE public.ticketworkflowapp_workflowstagesignature ALTER COLUMN id ADD GENERATED BY DEFAULT AS IDENTITY (
    SEQUENCE NAME public.ticketworkflowapp_workflowstagesignature_id_seq
    START WITH 1
    INCREMENT BY 1
    NO MINVALUE
    NO MAXVALUE
    CACHE 1
);


--
-- Name: ticketworkflowapp_workflowstagestatus; Type: TABLE; Schema: public; Owner: postgres
--

CREATE TABLE public.ticketworkflowapp_workflowstagestatus (
    id bigint NOT NULL,
    created_on timestamp with time zone NOT NULL,
    updated_on timestamp with time zone NOT NULL,
    is_deleted boolean NOT NULL,
    name character varying(250) NOT NULL
);


ALTER TABLE public.ticketworkflowapp_workflowstagestatus OWNER TO postgres;

--
-- Name: ticketworkflowapp_workflowstagestatus_id_seq; Type: SEQUENCE; Schema: public; Owner: postgres
--

ALTER TABLE public.ticketworkflowapp_workflowstagestatus ALTER COLUMN id ADD GENERATED BY DEFAULT AS IDENTITY (
    SEQUENCE NAME public.ticketworkflowapp_workflowstagestatus_id_seq
    START WITH 1
    INCREMENT BY 1
    NO MINVALUE
    NO MAXVALUE
    CACHE 1
);


--
-- Name: ticketworkflowapp_workflowticketapprovalrequest; Type: TABLE; Schema: public; Owner: postgres
--

CREATE TABLE public.ticketworkflowapp_workflowticketapprovalrequest (
    id bigint NOT NULL,
    created_on timestamp with time zone NOT NULL,
    updated_on timestamp with time zone NOT NULL,
    is_deleted boolean NOT NULL,
    ticket_id bigint NOT NULL,
    workflow_id bigint NOT NULL
);


ALTER TABLE public.ticketworkflowapp_workflowticketapprovalrequest OWNER TO postgres;

--
-- Name: ticketworkflowapp_workflowticketapprovalrequest_id_seq; Type: SEQUENCE; Schema: public; Owner: postgres
--

ALTER TABLE public.ticketworkflowapp_workflowticketapprovalrequest ALTER COLUMN id ADD GENERATED BY DEFAULT AS IDENTITY (
    SEQUENCE NAME public.ticketworkflowapp_workflowticketapprovalrequest_id_seq
    START WITH 1
    INCREMENT BY 1
    NO MINVALUE
    NO MAXVALUE
    CACHE 1
);


--
-- Name: ticketworkflowapp_workflowtransition; Type: TABLE; Schema: public; Owner: postgres
--

CREATE TABLE public.ticketworkflowapp_workflowtransition (
    id bigint NOT NULL,
    created_on timestamp with time zone NOT NULL,
    updated_on timestamp with time zone NOT NULL,
    is_deleted boolean NOT NULL,
    is_mandatory_approval boolean NOT NULL,
    from_stage_id bigint NOT NULL,
    to_stage_id bigint NOT NULL,
    workflow_id bigint NOT NULL
);


ALTER TABLE public.ticketworkflowapp_workflowtransition OWNER TO postgres;

--
-- Name: ticketworkflowapp_workflowtransition_id_seq; Type: SEQUENCE; Schema: public; Owner: postgres
--

ALTER TABLE public.ticketworkflowapp_workflowtransition ALTER COLUMN id ADD GENERATED BY DEFAULT AS IDENTITY (
    SEQUENCE NAME public.ticketworkflowapp_workflowtransition_id_seq
    START WITH 1
    INCREMENT BY 1
    NO MINVALUE
    NO MAXVALUE
    CACHE 1
);


--
-- Name: ticketworkflowapp_workflowtype; Type: TABLE; Schema: public; Owner: postgres
--

CREATE TABLE public.ticketworkflowapp_workflowtype (
    id bigint NOT NULL,
    created_on timestamp with time zone NOT NULL,
    updated_on timestamp with time zone NOT NULL,
    is_deleted boolean NOT NULL,
    name character varying(250) NOT NULL
);


ALTER TABLE public.ticketworkflowapp_workflowtype OWNER TO postgres;

--
-- Name: ticketworkflowapp_workflowtype_id_seq; Type: SEQUENCE; Schema: public; Owner: postgres
--

ALTER TABLE public.ticketworkflowapp_workflowtype ALTER COLUMN id ADD GENERATED BY DEFAULT AS IDENTITY (
    SEQUENCE NAME public.ticketworkflowapp_workflowtype_id_seq
    START WITH 1
    INCREMENT BY 1
    NO MINVALUE
    NO MAXVALUE
    CACHE 1
);


--
-- Name: tms_option; Type: TABLE; Schema: public; Owner: postgres
--

CREATE TABLE public.tms_option (
    id bigint NOT NULL,
    text character varying(255) NOT NULL,
    is_correct boolean NOT NULL,
    question_id bigint NOT NULL
);


ALTER TABLE public.tms_option OWNER TO postgres;

--
-- Name: tms_option_id_seq; Type: SEQUENCE; Schema: public; Owner: postgres
--

ALTER TABLE public.tms_option ALTER COLUMN id ADD GENERATED BY DEFAULT AS IDENTITY (
    SEQUENCE NAME public.tms_option_id_seq
    START WITH 1
    INCREMENT BY 1
    NO MINVALUE
    NO MAXVALUE
    CACHE 1
);


--
-- Name: tms_question; Type: TABLE; Schema: public; Owner: postgres
--

CREATE TABLE public.tms_question (
    id bigint NOT NULL,
    text text NOT NULL,
    explanation text,
    quiz_id bigint NOT NULL
);


ALTER TABLE public.tms_question OWNER TO postgres;

--
-- Name: tms_question_id_seq; Type: SEQUENCE; Schema: public; Owner: postgres
--

ALTER TABLE public.tms_question ALTER COLUMN id ADD GENERATED BY DEFAULT AS IDENTITY (
    SEQUENCE NAME public.tms_question_id_seq
    START WITH 1
    INCREMENT BY 1
    NO MINVALUE
    NO MAXVALUE
    CACHE 1
);


--
-- Name: tms_quiz; Type: TABLE; Schema: public; Owner: postgres
--

CREATE TABLE public.tms_quiz (
    id bigint NOT NULL,
    title character varying(255) NOT NULL,
    description text,
    time_limit interval NOT NULL,
    is_active boolean NOT NULL,
    created_at timestamp with time zone NOT NULL
);


ALTER TABLE public.tms_quiz OWNER TO postgres;

--
-- Name: tms_quiz_id_seq; Type: SEQUENCE; Schema: public; Owner: postgres
--

ALTER TABLE public.tms_quiz ALTER COLUMN id ADD GENERATED BY DEFAULT AS IDENTITY (
    SEQUENCE NAME public.tms_quiz_id_seq
    START WITH 1
    INCREMENT BY 1
    NO MINVALUE
    NO MAXVALUE
    CACHE 1
);


--
-- Name: tms_submittedanswer; Type: TABLE; Schema: public; Owner: postgres
--

CREATE TABLE public.tms_submittedanswer (
    id bigint NOT NULL,
    is_right boolean NOT NULL,
    option_id bigint NOT NULL,
    question_id bigint NOT NULL,
    ticket_id bigint NOT NULL,
    user_id integer NOT NULL
);


ALTER TABLE public.tms_submittedanswer OWNER TO postgres;

--
-- Name: tms_submittedanswer_id_seq; Type: SEQUENCE; Schema: public; Owner: postgres
--

ALTER TABLE public.tms_submittedanswer ALTER COLUMN id ADD GENERATED BY DEFAULT AS IDENTITY (
    SEQUENCE NAME public.tms_submittedanswer_id_seq
    START WITH 1
    INCREMENT BY 1
    NO MINVALUE
    NO MAXVALUE
    CACHE 1
);


--
-- Name: tms_tags; Type: TABLE; Schema: public; Owner: postgres
--

CREATE TABLE public.tms_tags (
    id bigint NOT NULL,
    name character varying(50) NOT NULL,
    is_deleted boolean NOT NULL
);


ALTER TABLE public.tms_tags OWNER TO postgres;

--
-- Name: tms_tags_id_seq; Type: SEQUENCE; Schema: public; Owner: postgres
--

ALTER TABLE public.tms_tags ALTER COLUMN id ADD GENERATED BY DEFAULT AS IDENTITY (
    SEQUENCE NAME public.tms_tags_id_seq
    START WITH 1
    INCREMENT BY 1
    NO MINVALUE
    NO MAXVALUE
    CACHE 1
);


--
-- Name: tms_trainingassign; Type: TABLE; Schema: public; Owner: postgres
--

CREATE TABLE public.tms_trainingassign (
    id bigint NOT NULL,
    assigned_at timestamp with time zone NOT NULL,
    expiry timestamp with time zone,
    assigned_by_id integer NOT NULL,
    assigned_to_id integer NOT NULL,
    ticket_id bigint NOT NULL,
    module_id bigint
);


ALTER TABLE public.tms_trainingassign OWNER TO postgres;

--
-- Name: tms_trainingassign_course; Type: TABLE; Schema: public; Owner: postgres
--

CREATE TABLE public.tms_trainingassign_course (
    id bigint NOT NULL,
    trainingassign_id bigint NOT NULL,
    trainingcourse_id bigint NOT NULL
);


ALTER TABLE public.tms_trainingassign_course OWNER TO postgres;

--
-- Name: tms_trainingassign_course_id_seq; Type: SEQUENCE; Schema: public; Owner: postgres
--

ALTER TABLE public.tms_trainingassign_course ALTER COLUMN id ADD GENERATED BY DEFAULT AS IDENTITY (
    SEQUENCE NAME public.tms_trainingassign_course_id_seq
    START WITH 1
    INCREMENT BY 1
    NO MINVALUE
    NO MAXVALUE
    CACHE 1
);


--
-- Name: tms_trainingassign_id_seq; Type: SEQUENCE; Schema: public; Owner: postgres
--

ALTER TABLE public.tms_trainingassign ALTER COLUMN id ADD GENERATED BY DEFAULT AS IDENTITY (
    SEQUENCE NAME public.tms_trainingassign_id_seq
    START WITH 1
    INCREMENT BY 1
    NO MINVALUE
    NO MAXVALUE
    CACHE 1
);


--
-- Name: tms_trainingcategory; Type: TABLE; Schema: public; Owner: postgres
--

CREATE TABLE public.tms_trainingcategory (
    id bigint NOT NULL,
    name character varying(100) NOT NULL,
    description text,
    is_deleted boolean NOT NULL
);


ALTER TABLE public.tms_trainingcategory OWNER TO postgres;

--
-- Name: tms_trainingcategory_id_seq; Type: SEQUENCE; Schema: public; Owner: postgres
--

ALTER TABLE public.tms_trainingcategory ALTER COLUMN id ADD GENERATED BY DEFAULT AS IDENTITY (
    SEQUENCE NAME public.tms_trainingcategory_id_seq
    START WITH 1
    INCREMENT BY 1
    NO MINVALUE
    NO MAXVALUE
    CACHE 1
);


--
-- Name: tms_trainingchapters; Type: TABLE; Schema: public; Owner: postgres
--

CREATE TABLE public.tms_trainingchapters (
    id bigint NOT NULL,
    title character varying(200) NOT NULL,
    duration interval NOT NULL,
    content text,
    course_id bigint
);


ALTER TABLE public.tms_trainingchapters OWNER TO postgres;

--
-- Name: tms_trainingchapters_id_seq; Type: SEQUENCE; Schema: public; Owner: postgres
--

ALTER TABLE public.tms_trainingchapters ALTER COLUMN id ADD GENERATED BY DEFAULT AS IDENTITY (
    SEQUENCE NAME public.tms_trainingchapters_id_seq
    START WITH 1
    INCREMENT BY 1
    NO MINVALUE
    NO MAXVALUE
    CACHE 1
);


--
-- Name: tms_trainingchapters_tag; Type: TABLE; Schema: public; Owner: postgres
--

CREATE TABLE public.tms_trainingchapters_tag (
    id bigint NOT NULL,
    trainingchapters_id bigint NOT NULL,
    tags_id bigint NOT NULL
);


ALTER TABLE public.tms_trainingchapters_tag OWNER TO postgres;

--
-- Name: tms_trainingchapters_tag_id_seq; Type: SEQUENCE; Schema: public; Owner: postgres
--

ALTER TABLE public.tms_trainingchapters_tag ALTER COLUMN id ADD GENERATED BY DEFAULT AS IDENTITY (
    SEQUENCE NAME public.tms_trainingchapters_tag_id_seq
    START WITH 1
    INCREMENT BY 1
    NO MINVALUE
    NO MAXVALUE
    CACHE 1
);


--
-- Name: tms_trainingcourse; Type: TABLE; Schema: public; Owner: postgres
--

CREATE TABLE public.tms_trainingcourse (
    id bigint NOT NULL,
    title character varying(200) NOT NULL,
    description text,
    quiz_id bigint,
    module_id bigint NOT NULL
);


ALTER TABLE public.tms_trainingcourse OWNER TO postgres;

--
-- Name: tms_trainingcourse_id_seq; Type: SEQUENCE; Schema: public; Owner: postgres
--

ALTER TABLE public.tms_trainingcourse ALTER COLUMN id ADD GENERATED BY DEFAULT AS IDENTITY (
    SEQUENCE NAME public.tms_trainingcourse_id_seq
    START WITH 1
    INCREMENT BY 1
    NO MINVALUE
    NO MAXVALUE
    CACHE 1
);


--
-- Name: tms_trainingcourse_tag; Type: TABLE; Schema: public; Owner: postgres
--

CREATE TABLE public.tms_trainingcourse_tag (
    id bigint NOT NULL,
    trainingcourse_id bigint NOT NULL,
    tags_id bigint NOT NULL
);


ALTER TABLE public.tms_trainingcourse_tag OWNER TO postgres;

--
-- Name: tms_trainingcourse_tag_id_seq; Type: SEQUENCE; Schema: public; Owner: postgres
--

ALTER TABLE public.tms_trainingcourse_tag ALTER COLUMN id ADD GENERATED BY DEFAULT AS IDENTITY (
    SEQUENCE NAME public.tms_trainingcourse_tag_id_seq
    START WITH 1
    INCREMENT BY 1
    NO MINVALUE
    NO MAXVALUE
    CACHE 1
);


--
-- Name: tms_trainingmodules; Type: TABLE; Schema: public; Owner: postgres
--

CREATE TABLE public.tms_trainingmodules (
    id bigint NOT NULL,
    title character varying(200) NOT NULL,
    content text,
    category_id bigint NOT NULL
);


ALTER TABLE public.tms_trainingmodules OWNER TO postgres;

--
-- Name: tms_trainingmodules_id_seq; Type: SEQUENCE; Schema: public; Owner: postgres
--

ALTER TABLE public.tms_trainingmodules ALTER COLUMN id ADD GENERATED BY DEFAULT AS IDENTITY (
    SEQUENCE NAME public.tms_trainingmodules_id_seq
    START WITH 1
    INCREMENT BY 1
    NO MINVALUE
    NO MAXVALUE
    CACHE 1
);


--
-- Name: tms_trainingresources; Type: TABLE; Schema: public; Owner: postgres
--

CREATE TABLE public.tms_trainingresources (
    id bigint NOT NULL,
    resource character varying(100) NOT NULL,
    chapter_id bigint NOT NULL
);


ALTER TABLE public.tms_trainingresources OWNER TO postgres;

--
-- Name: tms_trainingresources_id_seq; Type: SEQUENCE; Schema: public; Owner: postgres
--

ALTER TABLE public.tms_trainingresources ALTER COLUMN id ADD GENERATED BY DEFAULT AS IDENTITY (
    SEQUENCE NAME public.tms_trainingresources_id_seq
    START WITH 1
    INCREMENT BY 1
    NO MINVALUE
    NO MAXVALUE
    CACHE 1
);


--
-- Name: tms_trainingvideos; Type: TABLE; Schema: public; Owner: postgres
--

CREATE TABLE public.tms_trainingvideos (
    id bigint NOT NULL,
    video character varying(100) NOT NULL,
    duration interval,
    chapter_id bigint NOT NULL
);


ALTER TABLE public.tms_trainingvideos OWNER TO postgres;

--
-- Name: tms_trainingvideos_id_seq; Type: SEQUENCE; Schema: public; Owner: postgres
--

ALTER TABLE public.tms_trainingvideos ALTER COLUMN id ADD GENERATED BY DEFAULT AS IDENTITY (
    SEQUENCE NAME public.tms_trainingvideos_id_seq
    START WITH 1
    INCREMENT BY 1
    NO MINVALUE
    NO MAXVALUE
    CACHE 1
);


--
-- Name: tms_videoprogress; Type: TABLE; Schema: public; Owner: postgres
--

CREATE TABLE public.tms_videoprogress (
    id bigint NOT NULL,
    "current_time" double precision NOT NULL,
    is_completed boolean NOT NULL,
    ticket_id bigint,
    user_id integer NOT NULL,
    video_id bigint
);


ALTER TABLE public.tms_videoprogress OWNER TO postgres;

--
-- Name: tms_videoprogress_id_seq; Type: SEQUENCE; Schema: public; Owner: postgres
--

ALTER TABLE public.tms_videoprogress ALTER COLUMN id ADD GENERATED BY DEFAULT AS IDENTITY (
    SEQUENCE NAME public.tms_videoprogress_id_seq
    START WITH 1
    INCREMENT BY 1
    NO MINVALUE
    NO MAXVALUE
    CACHE 1
);


--
-- Data for Name: assetapp_asset; Type: TABLE DATA; Schema: public; Owner: postgres
--

COPY public.assetapp_asset (id, created_on, updated_on, is_deleted, name, unique_id, image, vendor, model, user_config, system_config, location_id, parent_asset_id, category_id, maker_id, type_id) FROM stdin;
\.


--
-- Data for Name: assetapp_assetcategory; Type: TABLE DATA; Schema: public; Owner: postgres
--

COPY public.assetapp_assetcategory (id, created_on, updated_on, is_deleted, name, description, schema, parent_category_id) FROM stdin;
\.


--
-- Data for Name: assetapp_assetcost; Type: TABLE DATA; Schema: public; Owner: postgres
--

COPY public.assetapp_assetcost (id, created_on, updated_on, is_deleted, purchase_cost, life_span, depreciation_method, total_units, units_used_to_date, depreciation_cost, actual_cost, user_config, system_config, asset_id, unit_id) FROM stdin;
\.


--
-- Data for Name: assetapp_assetlog; Type: TABLE DATA; Schema: public; Owner: postgres
--

COPY public.assetapp_assetlog (id, created_on, updated_on, is_deleted, change_type, value_change_from, value_change_to, value_changed_by, change_date, meta_data, asset_id) FROM stdin;
\.


--
-- Data for Name: assetapp_assetmaintenance; Type: TABLE DATA; Schema: public; Owner: postgres
--

COPY public.assetapp_assetmaintenance (id, created_on, updated_on, is_deleted, scheduled_date, performed_date, performed_by, description, status, cost, downtime_hours, document, remarks, is_recurring, recurrence_interval_days, next_scheduled_date, asset_id, maintenance_type_id) FROM stdin;
\.


--
-- Data for Name: assetapp_assetmaintenancetype; Type: TABLE DATA; Schema: public; Owner: postgres
--

COPY public.assetapp_assetmaintenancetype (id, created_on, updated_on, is_deleted, name) FROM stdin;
\.


--
-- Data for Name: assetapp_assetmaker; Type: TABLE DATA; Schema: public; Owner: postgres
--

COPY public.assetapp_assetmaker (id, created_on, updated_on, is_deleted, name) FROM stdin;
\.


--
-- Data for Name: assetapp_assetmonitor; Type: TABLE DATA; Schema: public; Owner: postgres
--

COPY public.assetapp_assetmonitor (id, created_on, updated_on, is_deleted, value, threshold, last_threshold, workflow_id) FROM stdin;
\.


--
-- Data for Name: assetapp_assetsupervisor; Type: TABLE DATA; Schema: public; Owner: postgres
--

COPY public.assetapp_assetsupervisor (id, created_on, updated_on, is_deleted, role, asset_id, employee_id) FROM stdin;
\.


--
-- Data for Name: assetapp_assettype; Type: TABLE DATA; Schema: public; Owner: postgres
--

COPY public.assetapp_assettype (id, created_on, updated_on, is_deleted, name, description, category_id, parent_type_id) FROM stdin;
\.


--
-- Data for Name: assetapp_maintenanceforms; Type: TABLE DATA; Schema: public; Owner: postgres
--

COPY public.assetapp_maintenanceforms (id, created_on, updated_on, is_deleted, task_name, description, frequency_day, asset_id, form_id_id, workflow_id) FROM stdin;
\.


--
-- Data for Name: auth_group; Type: TABLE DATA; Schema: public; Owner: postgres
--

COPY public.auth_group (id, name) FROM stdin;
\.


--
-- Data for Name: auth_group_permissions; Type: TABLE DATA; Schema: public; Owner: postgres
--

COPY public.auth_group_permissions (id, group_id, permission_id) FROM stdin;
\.


--
-- Data for Name: auth_permission; Type: TABLE DATA; Schema: public; Owner: postgres
--

COPY public.auth_permission (id, name, content_type_id, codename) FROM stdin;
1	Can add log entry	1	add_logentry
2	Can change log entry	1	change_logentry
3	Can delete log entry	1	delete_logentry
4	Can view log entry	1	view_logentry
5	Can add permission	2	add_permission
6	Can change permission	2	change_permission
7	Can delete permission	2	delete_permission
8	Can view permission	2	view_permission
9	Can add group	3	add_group
10	Can change group	3	change_group
11	Can delete group	3	delete_group
12	Can view group	3	view_group
13	Can add user	4	add_user
14	Can change user	4	change_user
15	Can delete user	4	delete_user
16	Can view user	4	view_user
17	Can add content type	5	add_contenttype
18	Can change content type	5	change_contenttype
19	Can delete content type	5	delete_contenttype
20	Can view content type	5	view_contenttype
21	Can add session	6	add_session
22	Can change session	6	change_session
23	Can delete session	6	delete_session
24	Can view session	6	view_session
25	Can add Token	7	add_token
26	Can change Token	7	change_token
27	Can delete Token	7	delete_token
28	Can view Token	7	view_token
29	Can add Token	8	add_tokenproxy
30	Can change Token	8	change_tokenproxy
31	Can delete Token	8	delete_tokenproxy
32	Can view Token	8	view_tokenproxy
33	Can add django job	9	add_djangojob
34	Can change django job	9	change_djangojob
35	Can delete django job	9	delete_djangojob
36	Can view django job	9	view_djangojob
37	Can add django job execution	10	add_djangojobexecution
38	Can change django job execution	10	change_djangojobexecution
39	Can delete django job execution	10	delete_djangojobexecution
40	Can view django job execution	10	view_djangojobexecution
41	Can add access_module	11	add_access_module
42	Can change access_module	11	change_access_module
43	Can delete access_module	11	delete_access_module
44	Can view access_module	11	view_access_module
45	Can add apiresource_config	12	add_apiresource_config
46	Can change apiresource_config	12	change_apiresource_config
47	Can delete apiresource_config	12	delete_apiresource_config
48	Can view apiresource_config	12	view_apiresource_config
49	Can add dashboard_menu_config	13	add_dashboard_menu_config
50	Can change dashboard_menu_config	13	change_dashboard_menu_config
51	Can delete dashboard_menu_config	13	delete_dashboard_menu_config
52	Can view dashboard_menu_config	13	view_dashboard_menu_config
53	Can add email configuration	14	add_emailconfiguration
54	Can change email configuration	14	change_emailconfiguration
55	Can delete email configuration	14	delete_emailconfiguration
56	Can view email configuration	14	view_emailconfiguration
57	Can add forgot_password_log	15	add_forgot_password_log
58	Can change forgot_password_log	15	change_forgot_password_log
59	Can delete forgot_password_log	15	delete_forgot_password_log
60	Can view forgot_password_log	15	view_forgot_password_log
61	Can add licence_ config	16	add_licence_config
62	Can change licence_ config	16	change_licence_config
63	Can delete licence_ config	16	delete_licence_config
64	Can view licence_ config	16	view_licence_config
65	Can add linedata_config	17	add_linedata_config
66	Can change linedata_config	17	change_linedata_config
67	Can delete linedata_config	17	delete_linedata_config
68	Can view linedata_config	17	view_linedata_config
69	Can add otp_records	18	add_otp_records
70	Can change otp_records	18	change_otp_records
71	Can delete otp_records	18	delete_otp_records
72	Can view otp_records	18	view_otp_records
73	Can add access_module_config	19	add_access_module_config
74	Can change access_module_config	19	change_access_module_config
75	Can delete access_module_config	19	delete_access_module_config
76	Can view access_module_config	19	view_access_module_config
77	Can add api_list	20	add_api_list
78	Can change api_list	20	change_api_list
79	Can delete api_list	20	delete_api_list
80	Can view api_list	20	view_api_list
81	Can add apiresource_grouppermission_config	21	add_apiresource_grouppermission_config
82	Can change apiresource_grouppermission_config	21	change_apiresource_grouppermission_config
83	Can delete apiresource_grouppermission_config	21	delete_apiresource_grouppermission_config
84	Can view apiresource_grouppermission_config	21	view_apiresource_grouppermission_config
85	Can add dashboard_menu_grouppermission_config	22	add_dashboard_menu_grouppermission_config
86	Can change dashboard_menu_grouppermission_config	22	change_dashboard_menu_grouppermission_config
87	Can delete dashboard_menu_grouppermission_config	22	delete_dashboard_menu_grouppermission_config
88	Can view dashboard_menu_grouppermission_config	22	view_dashboard_menu_grouppermission_config
89	Can add duplicate_access_module_config	23	add_duplicate_access_module_config
90	Can change duplicate_access_module_config	23	change_duplicate_access_module_config
187	Can delete role hierarchy	47	delete_rolehierarchy
91	Can delete duplicate_access_module_config	23	delete_duplicate_access_module_config
92	Can view duplicate_access_module_config	23	view_duplicate_access_module_config
93	Can add asset	24	add_asset
94	Can change asset	24	change_asset
95	Can delete asset	24	delete_asset
96	Can view asset	24	view_asset
97	Can add asset category	25	add_assetcategory
98	Can change asset category	25	change_assetcategory
99	Can delete asset category	25	delete_assetcategory
100	Can view asset category	25	view_assetcategory
101	Can add asset cost	26	add_assetcost
102	Can change asset cost	26	change_assetcost
103	Can delete asset cost	26	delete_assetcost
104	Can view asset cost	26	view_assetcost
105	Can add asset log	27	add_assetlog
106	Can change asset log	27	change_assetlog
107	Can delete asset log	27	delete_assetlog
108	Can view asset log	27	view_assetlog
109	Can add asset maintenance	28	add_assetmaintenance
110	Can change asset maintenance	28	change_assetmaintenance
111	Can delete asset maintenance	28	delete_assetmaintenance
112	Can view asset maintenance	28	view_assetmaintenance
113	Can add asset maintenance type	29	add_assetmaintenancetype
114	Can change asset maintenance type	29	change_assetmaintenancetype
115	Can delete asset maintenance type	29	delete_assetmaintenancetype
116	Can view asset maintenance type	29	view_assetmaintenancetype
117	Can add asset maker	30	add_assetmaker
118	Can change asset maker	30	change_assetmaker
119	Can delete asset maker	30	delete_assetmaker
120	Can view asset maker	30	view_assetmaker
121	Can add asset monitor	31	add_assetmonitor
122	Can change asset monitor	31	change_assetmonitor
123	Can delete asset monitor	31	delete_assetmonitor
124	Can view asset monitor	31	view_assetmonitor
125	Can add asset supervisor	32	add_assetsupervisor
126	Can change asset supervisor	32	change_assetsupervisor
127	Can delete asset supervisor	32	delete_assetsupervisor
128	Can view asset supervisor	32	view_assetsupervisor
129	Can add asset type	33	add_assettype
130	Can change asset type	33	change_assettype
131	Can delete asset type	33	delete_assettype
132	Can view asset type	33	view_assettype
133	Can add maintenance forms	34	add_maintenanceforms
134	Can change maintenance forms	34	change_maintenanceforms
135	Can delete maintenance forms	34	delete_maintenanceforms
136	Can view maintenance forms	34	view_maintenanceforms
137	Can add add field	35	add_addfield
138	Can change add field	35	change_addfield
139	Can delete add field	35	delete_addfield
140	Can view add field	35	view_addfield
141	Can add additional field	36	add_additionalfield
142	Can change additional field	36	change_additionalfield
143	Can delete additional field	36	delete_additionalfield
144	Can view additional field	36	view_additionalfield
145	Can add form list	37	add_formlist
146	Can change form list	37	change_formlist
147	Can delete form list	37	delete_formlist
148	Can view form list	37	view_formlist
149	Can add add field log	38	add_addfieldlog
150	Can change add field log	38	change_addfieldlog
151	Can delete add field log	38	delete_addfieldlog
152	Can view add field log	38	view_addfieldlog
153	Can add additional field log	39	add_additionalfieldlog
154	Can change additional field log	39	change_additionalfieldlog
155	Can delete additional field log	39	delete_additionalfieldlog
156	Can view additional field log	39	view_additionalfieldlog
157	Can add department	40	add_department
158	Can change department	40	change_department
159	Can delete department	40	delete_department
160	Can view department	40	view_department
161	Can add designation	41	add_designation
162	Can change designation	41	change_designation
163	Can delete designation	41	delete_designation
164	Can view designation	41	view_designation
165	Can add employee	42	add_employee
166	Can change employee	42	change_employee
167	Can delete employee	42	delete_employee
168	Can view employee	42	view_employee
169	Can add location	43	add_location
170	Can change location	43	change_location
171	Can delete location	43	delete_location
172	Can view location	43	view_location
173	Can add location type	44	add_locationtype
174	Can change location type	44	change_locationtype
175	Can delete location type	44	delete_locationtype
176	Can view location type	44	view_locationtype
177	Can add organization hierarchy	45	add_organizationhierarchy
178	Can change organization hierarchy	45	change_organizationhierarchy
179	Can delete organization hierarchy	45	delete_organizationhierarchy
180	Can view organization hierarchy	45	view_organizationhierarchy
181	Can add role	46	add_role
182	Can change role	46	change_role
183	Can delete role	46	delete_role
184	Can view role	46	view_role
185	Can add role hierarchy	47	add_rolehierarchy
186	Can change role hierarchy	47	change_rolehierarchy
188	Can view role hierarchy	47	view_rolehierarchy
189	Can add user role	48	add_userrole
190	Can change user role	48	change_userrole
191	Can delete user role	48	delete_userrole
192	Can view user role	48	view_userrole
193	Can add add details field	49	add_adddetailsfield
194	Can change add details field	49	change_adddetailsfield
195	Can delete add details field	49	delete_adddetailsfield
196	Can view add details field	49	view_adddetailsfield
197	Can add add inventory field	50	add_addinventoryfield
198	Can change add inventory field	50	change_addinventoryfield
199	Can delete add inventory field	50	delete_addinventoryfield
200	Can view add inventory field	50	view_addinventoryfield
201	Can add add inventory inward	51	add_addinventoryinward
202	Can change add inventory inward	51	change_addinventoryinward
203	Can delete add inventory inward	51	delete_addinventoryinward
204	Can view add inventory inward	51	view_addinventoryinward
205	Can add add inventory outward	52	add_addinventoryoutward
206	Can change add inventory outward	52	change_addinventoryoutward
207	Can delete add inventory outward	52	delete_addinventoryoutward
208	Can view add inventory outward	52	view_addinventoryoutward
209	Can add criticality	53	add_criticality
210	Can change criticality	53	change_criticality
211	Can delete criticality	53	delete_criticality
212	Can view criticality	53	view_criticality
213	Can add Unit	54	add_unit
214	Can change Unit	54	change_unit
215	Can delete Unit	54	delete_unit
216	Can view Unit	54	view_unit
217	Can add add details field log	55	add_adddetailsfieldlog
218	Can change add details field log	55	change_adddetailsfieldlog
219	Can delete add details field log	55	delete_adddetailsfieldlog
220	Can view add details field log	55	view_adddetailsfieldlog
221	Can add add inventory field log	56	add_addinventoryfieldlog
222	Can change add inventory field log	56	change_addinventoryfieldlog
223	Can delete add inventory field log	56	delete_addinventoryfieldlog
224	Can view add inventory field log	56	view_addinventoryfieldlog
225	Can add add inventory inward log	57	add_addinventoryinwardlog
226	Can change add inventory inward log	57	change_addinventoryinwardlog
227	Can delete add inventory inward log	57	delete_addinventoryinwardlog
228	Can view add inventory inward log	57	view_addinventoryinwardlog
229	Can add add inventory outward log	58	add_addinventoryoutwardlog
230	Can change add inventory outward log	58	change_addinventoryoutwardlog
231	Can delete add inventory outward log	58	delete_addinventoryoutwardlog
232	Can view add inventory outward log	58	view_addinventoryoutwardlog
233	Can add inventory details	59	add_inventorydetails
234	Can change inventory details	59	change_inventorydetails
235	Can delete inventory details	59	delete_inventorydetails
236	Can view inventory details	59	view_inventorydetails
237	Can add inventory inward	60	add_inventoryinward
238	Can change inventory inward	60	change_inventoryinward
239	Can delete inventory inward	60	delete_inventoryinward
240	Can view inventory inward	60	view_inventoryinward
241	Can add inventory outward	61	add_inventoryoutward
242	Can change inventory outward	61	change_inventoryoutward
243	Can delete inventory outward	61	delete_inventoryoutward
244	Can view inventory outward	61	view_inventoryoutward
245	Can add inventory type	62	add_inventorytype
246	Can change inventory type	62	change_inventorytype
247	Can delete inventory type	62	delete_inventorytype
248	Can view inventory type	62	view_inventorytype
249	Can add rol	63	add_rol
250	Can change rol	63	change_rol
251	Can delete rol	63	delete_rol
252	Can view rol	63	view_rol
253	Can add inventory stock info	64	add_inventorystockinfo
254	Can change inventory stock info	64	change_inventorystockinfo
255	Can delete inventory stock info	64	delete_inventorystockinfo
256	Can view inventory stock info	64	view_inventorystockinfo
257	Can add action criteria	65	add_actioncriteria
258	Can change action criteria	65	change_actioncriteria
259	Can delete action criteria	65	delete_actioncriteria
260	Can view action criteria	65	view_actioncriteria
261	Can add action type	66	add_actiontype
262	Can change action type	66	change_actiontype
263	Can delete action type	66	delete_actiontype
264	Can view action type	66	view_actiontype
265	Can add priority	67	add_priority
266	Can change priority	67	change_priority
267	Can delete priority	67	delete_priority
268	Can view priority	67	view_priority
269	Can add workflow	68	add_workflow
270	Can change workflow	68	change_workflow
271	Can delete workflow	68	delete_workflow
272	Can view workflow	68	view_workflow
273	Can add workflow stage status	69	add_workflowstagestatus
274	Can change workflow stage status	69	change_workflowstagestatus
275	Can delete workflow stage status	69	delete_workflowstagestatus
276	Can view workflow stage status	69	view_workflowstagestatus
277	Can add workflow type	70	add_workflowtype
278	Can change workflow type	70	change_workflowtype
279	Can delete workflow type	70	delete_workflowtype
280	Can view workflow type	70	view_workflowtype
281	Can add form submission	71	add_formsubmission
282	Can change form submission	71	change_formsubmission
283	Can delete form submission	71	delete_formsubmission
284	Can view form submission	71	view_formsubmission
285	Can add form field response	72	add_formfieldresponse
286	Can change form field response	72	change_formfieldresponse
287	Can delete form field response	72	delete_formfieldresponse
288	Can view form field response	72	view_formfieldresponse
289	Can add ticket details	73	add_ticketdetails
290	Can change ticket details	73	change_ticketdetails
291	Can delete ticket details	73	delete_ticketdetails
292	Can view ticket details	73	view_ticketdetails
293	Can add ticket comment	74	add_ticketcomment
294	Can change ticket comment	74	change_ticketcomment
295	Can delete ticket comment	74	delete_ticketcomment
296	Can view ticket comment	74	view_ticketcomment
297	Can add sla extension request	75	add_slaextensionrequest
298	Can change sla extension request	75	change_slaextensionrequest
299	Can delete sla extension request	75	delete_slaextensionrequest
300	Can view sla extension request	75	view_slaextensionrequest
301	Can add saved tickets	76	add_savedtickets
302	Can change saved tickets	76	change_savedtickets
303	Can delete saved tickets	76	delete_savedtickets
304	Can view saved tickets	76	view_savedtickets
305	Can add ticket docs	77	add_ticketdocs
306	Can change ticket docs	77	change_ticketdocs
307	Can delete ticket docs	77	delete_ticketdocs
308	Can view ticket docs	77	view_ticketdocs
309	Can add ticket stage tracking	78	add_ticketstagetracking
310	Can change ticket stage tracking	78	change_ticketstagetracking
311	Can delete ticket stage tracking	78	delete_ticketstagetracking
312	Can view ticket stage tracking	78	view_ticketstagetracking
313	Can add stage flow remark	79	add_stageflowremark
314	Can change stage flow remark	79	change_stageflowremark
315	Can delete stage flow remark	79	delete_stageflowremark
316	Can view stage flow remark	79	view_stageflowremark
317	Can add temperory workflow	80	add_temperoryworkflow
318	Can change temperory workflow	80	change_temperoryworkflow
319	Can delete temperory workflow	80	delete_temperoryworkflow
320	Can view temperory workflow	80	view_temperoryworkflow
321	Can add workflow checklist temp	81	add_workflowchecklisttemp
322	Can change workflow checklist temp	81	change_workflowchecklisttemp
323	Can delete workflow checklist temp	81	delete_workflowchecklisttemp
324	Can view workflow checklist temp	81	view_workflowchecklisttemp
325	Can add workflow stage	82	add_workflowstage
326	Can change workflow stage	82	change_workflowstage
327	Can delete workflow stage	82	delete_workflowstage
328	Can view workflow stage	82	view_workflowstage
329	Can add workflow sla	83	add_workflowsla
330	Can change workflow sla	83	change_workflowsla
331	Can delete workflow sla	83	delete_workflowsla
332	Can view workflow sla	83	view_workflowsla
333	Can add workflow checklist	84	add_workflowchecklist
334	Can change workflow checklist	84	change_workflowchecklist
335	Can delete workflow checklist	84	delete_workflowchecklist
336	Can view workflow checklist	84	view_workflowchecklist
337	Can add ticket stage access	85	add_ticketstageaccess
338	Can change ticket stage access	85	change_ticketstageaccess
339	Can delete ticket stage access	85	delete_ticketstageaccess
340	Can view ticket stage access	85	view_ticketstageaccess
341	Can add ticket parameter	86	add_ticketparameter
342	Can change ticket parameter	86	change_ticketparameter
343	Can delete ticket parameter	86	delete_ticketparameter
344	Can view ticket parameter	86	view_ticketparameter
345	Can add ticket flow	87	add_ticketflow
346	Can change ticket flow	87	change_ticketflow
347	Can delete ticket flow	87	delete_ticketflow
348	Can view ticket flow	87	view_ticketflow
349	Can add ticket checklist value	88	add_ticketchecklistvalue
350	Can change ticket checklist value	88	change_ticketchecklistvalue
351	Can delete ticket checklist value	88	delete_ticketchecklistvalue
352	Can view ticket checklist value	88	view_ticketchecklistvalue
353	Can add sla extension signature	89	add_slaextensionsignature
354	Can change sla extension signature	89	change_slaextensionsignature
355	Can delete sla extension signature	89	delete_slaextensionsignature
356	Can view sla extension signature	89	view_slaextensionsignature
357	Can add evaluation roles	90	add_evaluationroles
358	Can change evaluation roles	90	change_evaluationroles
359	Can delete evaluation roles	90	delete_evaluationroles
360	Can view evaluation roles	90	view_evaluationroles
361	Can add custom stage access	91	add_customstageaccess
362	Can change custom stage access	91	change_customstageaccess
363	Can delete custom stage access	91	delete_customstageaccess
364	Can view custom stage access	91	view_customstageaccess
365	Can add custom access track	92	add_customaccesstrack
366	Can change custom access track	92	change_customaccesstrack
367	Can delete custom access track	92	delete_customaccesstrack
368	Can view custom access track	92	view_customaccesstrack
369	Can add workflow stage actions	93	add_workflowstageactions
370	Can change workflow stage actions	93	change_workflowstageactions
371	Can delete workflow stage actions	93	delete_workflowstageactions
372	Can view workflow stage actions	93	view_workflowstageactions
373	Can add workflow dependency	94	add_workflowdependency
374	Can change workflow dependency	94	change_workflowdependency
375	Can delete workflow dependency	94	delete_workflowdependency
376	Can view workflow dependency	94	view_workflowdependency
377	Can add workflow stage signature	95	add_workflowstagesignature
378	Can change workflow stage signature	95	change_workflowstagesignature
379	Can delete workflow stage signature	95	delete_workflowstagesignature
380	Can view workflow stage signature	95	view_workflowstagesignature
381	Can add workflow ticket approval request	96	add_workflowticketapprovalrequest
382	Can change workflow ticket approval request	96	change_workflowticketapprovalrequest
383	Can delete workflow ticket approval request	96	delete_workflowticketapprovalrequest
384	Can view workflow ticket approval request	96	view_workflowticketapprovalrequest
385	Can add workflow transition	97	add_workflowtransition
386	Can change workflow transition	97	change_workflowtransition
387	Can delete workflow transition	97	delete_workflowtransition
388	Can view workflow transition	97	view_workflowtransition
389	Can add sla extension seen	98	add_slaextensionseen
390	Can change sla extension seen	98	change_slaextensionseen
391	Can delete sla extension seen	98	delete_slaextensionseen
392	Can view sla extension seen	98	view_slaextensionseen
393	Can add data type	99	add_datatype
394	Can change data type	99	change_datatype
395	Can delete data type	99	delete_datatype
396	Can view data type	99	view_datatype
397	Can add parameter	100	add_parameter
398	Can change parameter	100	change_parameter
399	Can delete parameter	100	delete_parameter
400	Can view parameter	100	view_parameter
401	Can add section	101	add_section
402	Can change section	101	change_section
403	Can delete section	101	delete_section
404	Can view section	101	view_section
405	Can add field type	102	add_fieldtype
406	Can change field type	102	change_fieldtype
407	Can delete field type	102	delete_fieldtype
408	Can view field type	102	view_fieldtype
409	Can add form	103	add_form
410	Can change form	103	change_form
411	Can delete form	103	delete_form
412	Can view form	103	view_form
413	Can add form design	104	add_formdesign
414	Can change form design	104	change_formdesign
415	Can delete form design	104	delete_formdesign
416	Can view form design	104	view_formdesign
417	Can add form draft	105	add_formdraft
418	Can change form draft	105	change_formdraft
419	Can delete form draft	105	delete_formdraft
420	Can view form draft	105	view_formdraft
421	Can add form sections	106	add_formsections
422	Can change form sections	106	change_formsections
423	Can delete form sections	106	delete_formsections
424	Can view form sections	106	view_formsections
425	Can add checklist form	107	add_checklistform
426	Can change checklist form	107	change_checklistform
427	Can delete checklist form	107	delete_checklistform
428	Can view checklist form	107	view_checklistform
429	Can add form type	108	add_formtype
430	Can change form type	108	change_formtype
431	Can delete form type	108	delete_formtype
432	Can view form type	108	view_formtype
433	Can add parameter data	109	add_parameterdata
434	Can change parameter data	109	change_parameterdata
435	Can delete parameter data	109	delete_parameterdata
436	Can view parameter data	109	view_parameterdata
437	Can add parameter data type	110	add_parameterdatatype
438	Can change parameter data type	110	change_parameterdatatype
439	Can delete parameter data type	110	delete_parameterdatatype
440	Can view parameter data type	110	view_parameterdatatype
441	Can add form fields	111	add_formfields
442	Can change form fields	111	change_formfields
443	Can delete form fields	111	delete_formfields
444	Can view form fields	111	view_formfields
445	Can add file management	112	add_filemanagement
446	Can change file management	112	change_filemanagement
447	Can delete file management	112	delete_filemanagement
448	Can view file management	112	view_filemanagement
449	Can add assessment type	113	add_assessmenttype
450	Can change assessment type	113	change_assessmenttype
451	Can delete assessment type	113	delete_assessmenttype
452	Can view assessment type	113	view_assessmenttype
453	Can add bis standard	114	add_bisstandard
454	Can change bis standard	114	change_bisstandard
455	Can delete bis standard	114	delete_bisstandard
456	Can view bis standard	114	view_bisstandard
457	Can add dosage form	115	add_dosageform
458	Can change dosage form	115	change_dosageform
459	Can delete dosage form	115	delete_dosageform
460	Can view dosage form	115	view_dosageform
461	Can add fmea department	116	add_fmeadepartment
462	Can change fmea department	116	change_fmeadepartment
463	Can delete fmea department	116	delete_fmeadepartment
464	Can view fmea department	116	view_fmeadepartment
465	Can add material function	117	add_materialfunction
466	Can change material function	117	change_materialfunction
467	Can delete material function	117	delete_materialfunction
468	Can view material function	117	view_materialfunction
469	Can add material grade	118	add_materialgrade
470	Can change material grade	118	change_materialgrade
471	Can delete material grade	118	delete_materialgrade
472	Can view material grade	118	view_materialgrade
473	Can add material name	119	add_materialname
474	Can change material name	119	change_materialname
475	Can delete material name	119	delete_materialname
476	Can view material name	119	view_materialname
477	Can add material parameters	120	add_materialparameters
478	Can change material parameters	120	change_materialparameters
479	Can delete material parameters	120	delete_materialparameters
480	Can view material parameters	120	view_materialparameters
481	Can add parameter unit	121	add_parameterunit
482	Can change parameter unit	121	change_parameterunit
483	Can delete parameter unit	121	delete_parameterunit
484	Can view parameter unit	121	view_parameterunit
485	Can add process control	122	add_processcontrol
486	Can change process control	122	change_processcontrol
487	Can delete process control	122	delete_processcontrol
488	Can view process control	122	view_processcontrol
489	Can add sod calibration	123	add_sodcalibration
490	Can change sod calibration	123	change_sodcalibration
491	Can delete sod calibration	123	delete_sodcalibration
492	Can view sod calibration	123	view_sodcalibration
493	Can add sop document	124	add_sopdocument
494	Can change sop document	124	change_sopdocument
495	Can delete sop document	124	delete_sopdocument
496	Can view sop document	124	view_sopdocument
497	Can add test method	125	add_testmethod
498	Can change test method	125	change_testmethod
499	Can delete test method	125	delete_testmethod
500	Can view test method	125	view_testmethod
501	Can add product	126	add_product
502	Can change product	126	change_product
503	Can delete product	126	delete_product
504	Can view product	126	view_product
505	Can add process control threshold	127	add_processcontrolthreshold
506	Can change process control threshold	127	change_processcontrolthreshold
507	Can delete process control threshold	127	delete_processcontrolthreshold
508	Can view process control threshold	127	view_processcontrolthreshold
509	Can add material	128	add_material
510	Can change material	128	change_material
511	Can delete material	128	delete_material
512	Can view material	128	view_material
513	Can add bom	129	add_bom
514	Can change bom	129	change_bom
515	Can delete bom	129	delete_bom
516	Can view bom	129	view_bom
517	Can add sop section	130	add_sopsection
518	Can change sop section	130	change_sopsection
519	Can delete sop section	130	delete_sopsection
520	Can view sop section	130	view_sopsection
521	Can add material param	131	add_materialparam
522	Can change material param	131	change_materialparam
523	Can delete material param	131	delete_materialparam
524	Can view material param	131	view_materialparam
525	Can add user complience history	132	add_usercompliencehistory
526	Can change user complience history	132	change_usercompliencehistory
527	Can delete user complience history	132	delete_usercompliencehistory
528	Can view user complience history	132	view_usercompliencehistory
529	Can add user fmea history	133	add_userfmeahistory
530	Can change user fmea history	133	change_userfmeahistory
531	Can delete user fmea history	133	delete_userfmeahistory
532	Can view user fmea history	133	view_userfmeahistory
533	Can add document folder	134	add_documentfolder
534	Can change document folder	134	change_documentfolder
535	Can delete document folder	134	delete_documentfolder
536	Can view document folder	134	view_documentfolder
537	Can add download permission	135	add_downloadpermission
538	Can change download permission	135	change_downloadpermission
539	Can delete download permission	135	delete_downloadpermission
540	Can view download permission	135	view_downloadpermission
541	Can add document	136	add_document
542	Can change document	136	change_document
543	Can delete document	136	delete_document
544	Can view document	136	view_document
545	Can add document expiry history	137	add_documentexpiryhistory
546	Can change document expiry history	137	change_documentexpiryhistory
547	Can delete document expiry history	137	delete_documentexpiryhistory
548	Can view document expiry history	137	view_documentexpiryhistory
549	Can add document retention	138	add_documentretention
550	Can change document retention	138	change_documentretention
551	Can delete document retention	138	delete_documentretention
552	Can view document retention	138	view_documentretention
553	Can add document version	139	add_documentversion
554	Can change document version	139	change_documentversion
555	Can delete document version	139	delete_documentversion
556	Can view document version	139	view_documentversion
557	Can add document security	140	add_documentsecurity
558	Can change document security	140	change_documentsecurity
559	Can delete document security	140	delete_documentsecurity
560	Can view document security	140	view_documentsecurity
561	Can add document annotation	141	add_documentannotation
562	Can change document annotation	141	change_documentannotation
563	Can delete document annotation	141	delete_documentannotation
564	Can view document annotation	141	view_documentannotation
565	Can add periodic review	142	add_periodicreview
566	Can change periodic review	142	change_periodicreview
567	Can delete periodic review	142	delete_periodicreview
568	Can view periodic review	142	view_periodicreview
569	Can add question	143	add_question
570	Can change question	143	change_question
571	Can delete question	143	delete_question
572	Can view question	143	view_question
573	Can add quiz	144	add_quiz
574	Can change quiz	144	change_quiz
575	Can delete quiz	144	delete_quiz
576	Can view quiz	144	view_quiz
577	Can add tags	145	add_tags
578	Can change tags	145	change_tags
579	Can delete tags	145	delete_tags
580	Can view tags	145	view_tags
581	Can add training category	146	add_trainingcategory
582	Can change training category	146	change_trainingcategory
583	Can delete training category	146	delete_trainingcategory
584	Can view training category	146	view_trainingcategory
585	Can add option	147	add_option
586	Can change option	147	change_option
587	Can delete option	147	delete_option
588	Can view option	147	view_option
589	Can add submitted answer	148	add_submittedanswer
590	Can change submitted answer	148	change_submittedanswer
591	Can delete submitted answer	148	delete_submittedanswer
592	Can view submitted answer	148	view_submittedanswer
593	Can add training course	149	add_trainingcourse
594	Can change training course	149	change_trainingcourse
595	Can delete training course	149	delete_trainingcourse
596	Can view training course	149	view_trainingcourse
597	Can add training chapters	150	add_trainingchapters
598	Can change training chapters	150	change_trainingchapters
599	Can delete training chapters	150	delete_trainingchapters
600	Can view training chapters	150	view_trainingchapters
601	Can add training modules	151	add_trainingmodules
602	Can change training modules	151	change_trainingmodules
603	Can delete training modules	151	delete_trainingmodules
604	Can view training modules	151	view_trainingmodules
605	Can add training assign	152	add_trainingassign
606	Can change training assign	152	change_trainingassign
607	Can delete training assign	152	delete_trainingassign
608	Can view training assign	152	view_trainingassign
609	Can add training resources	153	add_trainingresources
610	Can change training resources	153	change_trainingresources
611	Can delete training resources	153	delete_trainingresources
612	Can view training resources	153	view_trainingresources
613	Can add training videos	154	add_trainingvideos
614	Can change training videos	154	change_trainingvideos
615	Can delete training videos	154	delete_trainingvideos
616	Can view training videos	154	view_trainingvideos
617	Can add video progress	155	add_videoprogress
618	Can change video progress	155	change_videoprogress
619	Can delete video progress	155	delete_videoprogress
620	Can view video progress	155	view_videoprogress
\.


--
-- Data for Name: auth_user; Type: TABLE DATA; Schema: public; Owner: postgres
--

COPY public.auth_user (id, password, last_login, is_superuser, username, first_name, last_name, email, is_staff, is_active, date_joined) FROM stdin;
1	pbkdf2_sha256$870000$MBRBjxaXfv8ZrMtCPA9tqb$tMwPoOToAfeZnXIkJTxM9NIpLpnjqN65/Yyl/3GD4GM=	\N	t	info@nexgensis.com	Admin	Nexgensis	info@nexgensis.com	t	t	2025-10-03 15:27:55.001038+05:30
3	pbkdf2_sha256$870000$YrQTtiMPjMxuRwVmUVRVTh$7dls5936fFSyVfpeBQdMgT4HEk8WELPCRmVnd0hOlcY=	\N	f	quality.head	quality	head	quality.head@gmail.com	f	t	2025-10-03 16:37:53.481746+05:30
4	pbkdf2_sha256$870000$h9wayCNmUR10N0rl4uAdeZ$4U0uMPHQ9G3na+1b8CNyjeb0M+OH2LZc6i8Im08dXOI=	\N	f	quality.eng	quality	engg	quality.eng@gmail.com	f	t	2025-10-03 16:41:42.657911+05:30
2	pbkdf2_sha256$870000$0bfwlOO4t1bZFHeqTVHYw8$dcaT5oIKi9+iWYZBwHGwBbrLL5v2yOw1sv3KJLURU90=	\N	f	dept.head	dept	head	dept.head@gmail.com	f	t	2025-10-03 16:26:51.109546+05:30
5	pbkdf2_sha256$870000$fjB1AQSZBtVmPx5nniK1xL$VBOAI3CNDekugw5AHZzk4I0eeOdTXt/jJqc0UEA6gw8=	\N	f	quality.manager	quality	manager	quality.manager@gmail.com	f	t	2025-10-03 16:43:14.573344+05:30
6	pbkdf2_sha256$870000$oQlO2yG74r2IEgfmHGK9jY$Sgt/oDCVKYNtt75mDdcRe+QUF5hMCjE2XqnNjld4iSg=	\N	f	supplier.head	supplier	head	supplier.head@gmail.com	f	t	2025-10-03 16:44:04.063544+05:30
8	pbkdf2_sha256$870000$SUNZeHMyz7GGIfP7OBI27r$2TiE0e/OldNjg9V8asSfKE9SCcrn+I0n1ceG0my+ar8=	\N	f	qa.head	qa	head	qa.head@gmail.com	f	t	2025-10-03 16:45:04.578406+05:30
9	pbkdf2_sha256$870000$LUL2k2US2C12oxGyxnfEFQ$x56nmZcIkXje8nrpcv7jk3Hh6WAe5s/EDnQdInYhGlI=	\N	f	qa.officer	qa	officer	qa.officer@gmail.com	f	t	2025-10-03 16:48:14.596934+05:30
10	pbkdf2_sha256$870000$29yzPcrQGHSj8lg23NSPdp$7m8e410YaZuxBWKVjHuOFlOBio85DaZj/V9D8mxWtWE=	\N	f	compliance.officer	compliance	officer	compliance.officer@gmail.com	f	t	2025-10-03 16:52:05.324573+05:30
11	pbkdf2_sha256$870000$FdY5BZ4sXHKLicG3ZXABcn$6PA4BGNbBDJ4OHhkxzw7YZW8LBkP6n1++BV0PWOjn/w=	\N	f	tester.user	tester	user	tester@gmail.com	f	t	2025-10-03 16:56:25.557663+05:30
12	pbkdf2_sha256$870000$GL2SuCAWeUIrp8fdUY6ozP$oaCRhWTzqftSZI7wVFt7ltBT1gUbwUprl+pOGh4j5Ok=	\N	f	lead.auditor	Lead	Auditor	lead.auditor@gmail.com	f	t	2025-10-07 12:18:47.956017+05:30
13	pbkdf2_sha256$870000$uxADMJs06NM1TkCwKBC0zy$3W6TeB4B0vuOmdwuyzPP5E5ec8HXOsWDZsSjH6Qb8g4=	\N	f	department.executive	department	executive	department.executive@gmail.com	f	t	2025-10-07 13:29:05.902485+05:30
\.


--
-- Data for Name: auth_user_groups; Type: TABLE DATA; Schema: public; Owner: postgres
--

COPY public.auth_user_groups (id, user_id, group_id) FROM stdin;
\.


--
-- Data for Name: auth_user_user_permissions; Type: TABLE DATA; Schema: public; Owner: postgres
--

COPY public.auth_user_user_permissions (id, user_id, permission_id) FROM stdin;
\.


--
-- Data for Name: authtoken_token; Type: TABLE DATA; Schema: public; Owner: postgres
--

COPY public.authtoken_token (key, created, user_id) FROM stdin;
\.


--
-- Data for Name: compliance_assessmenttype; Type: TABLE DATA; Schema: public; Owner: postgres
--

COPY public.compliance_assessmenttype (id, name, created_at) FROM stdin;
\.


--
-- Data for Name: compliance_bisstandard; Type: TABLE DATA; Schema: public; Owner: postgres
--

COPY public.compliance_bisstandard (id, standard_code, description) FROM stdin;
\.


--
-- Data for Name: compliance_bom; Type: TABLE DATA; Schema: public; Owner: postgres
--

COPY public.compliance_bom (id, rm_code, real_world_name, critical_threshold, bis_standard_id, function_id, raw_material_grade_id, product_id) FROM stdin;
\.


--
-- Data for Name: compliance_dosageform; Type: TABLE DATA; Schema: public; Owner: postgres
--

COPY public.compliance_dosageform (id, name, created_at) FROM stdin;
\.


--
-- Data for Name: compliance_fmeadepartment; Type: TABLE DATA; Schema: public; Owner: postgres
--

COPY public.compliance_fmeadepartment (id, name, created_at) FROM stdin;
\.


--
-- Data for Name: compliance_material; Type: TABLE DATA; Schema: public; Owner: postgres
--

COPY public.compliance_material (id, description, function_id, material_id, product_id) FROM stdin;
\.


--
-- Data for Name: compliance_material_parameters; Type: TABLE DATA; Schema: public; Owner: postgres
--

COPY public.compliance_material_parameters (id, material_id, materialparameters_id) FROM stdin;
\.


--
-- Data for Name: compliance_materialfunction; Type: TABLE DATA; Schema: public; Owner: postgres
--

COPY public.compliance_materialfunction (id, name, created_at) FROM stdin;
\.


--
-- Data for Name: compliance_materialgrade; Type: TABLE DATA; Schema: public; Owner: postgres
--

COPY public.compliance_materialgrade (id, name, description) FROM stdin;
\.


--
-- Data for Name: compliance_materialname; Type: TABLE DATA; Schema: public; Owner: postgres
--

COPY public.compliance_materialname (id, name, "desc", created_at) FROM stdin;
\.


--
-- Data for Name: compliance_materialparam; Type: TABLE DATA; Schema: public; Owner: postgres
--

COPY public.compliance_materialparam (id, threshold, optimum_value, material_id, parameters_id, test_method_id) FROM stdin;
\.


--
-- Data for Name: compliance_materialparameters; Type: TABLE DATA; Schema: public; Owner: postgres
--

COPY public.compliance_materialparameters (id, name, unit, created_at) FROM stdin;
\.


--
-- Data for Name: compliance_parameterunit; Type: TABLE DATA; Schema: public; Owner: postgres
--

COPY public.compliance_parameterunit (id, name) FROM stdin;
\.


--
-- Data for Name: compliance_processcontrol; Type: TABLE DATA; Schema: public; Owner: postgres
--

COPY public.compliance_processcontrol (id, name, unit) FROM stdin;
\.


--
-- Data for Name: compliance_processcontrolthreshold; Type: TABLE DATA; Schema: public; Owner: postgres
--

COPY public.compliance_processcontrolthreshold (id, description, threshold_range, impact_if_out_of_range, process_control_id, product_id) FROM stdin;
\.


--
-- Data for Name: compliance_product; Type: TABLE DATA; Schema: public; Owner: postgres
--

COPY public.compliance_product (id, name, code, description, sop_doc, created_at) FROM stdin;
\.


--
-- Data for Name: compliance_product_dosage; Type: TABLE DATA; Schema: public; Owner: postgres
--

COPY public.compliance_product_dosage (id, product_id, dosageform_id) FROM stdin;
\.


--
-- Data for Name: compliance_sodcalibration; Type: TABLE DATA; Schema: public; Owner: postgres
--

COPY public.compliance_sodcalibration (id, input_data, calibration_data, created_at) FROM stdin;
\.


--
-- Data for Name: compliance_sopdocument; Type: TABLE DATA; Schema: public; Owner: postgres
--

COPY public.compliance_sopdocument (id, title, uploaded_file, uploaded_at) FROM stdin;
\.


--
-- Data for Name: compliance_sopsection; Type: TABLE DATA; Schema: public; Owner: postgres
--

COPY public.compliance_sopsection (id, section_heading, content, sop_document_id) FROM stdin;
\.


--
-- Data for Name: compliance_testmethod; Type: TABLE DATA; Schema: public; Owner: postgres
--

COPY public.compliance_testmethod (id, name, description, created_at) FROM stdin;
\.


--
-- Data for Name: compliance_usercompliencehistory; Type: TABLE DATA; Schema: public; Owner: postgres
--

COPY public.compliance_usercompliencehistory (id, file_name, dt, json_doc, gap_len, status, score, file, document_id, user_id) FROM stdin;
\.


--
-- Data for Name: compliance_usercompliencehistory_sections; Type: TABLE DATA; Schema: public; Owner: postgres
--

COPY public.compliance_usercompliencehistory_sections (id, usercompliencehistory_id, sopsection_id) FROM stdin;
\.


--
-- Data for Name: compliance_userfmeahistory; Type: TABLE DATA; Schema: public; Owner: postgres
--

COPY public.compliance_userfmeahistory (id, request_data, fmea, summary, risk_summary, insights, created_at, user_id) FROM stdin;
\.


--
-- Data for Name: configapp_addfield; Type: TABLE DATA; Schema: public; Owner: postgres
--

COPY public.configapp_addfield (id, created_on, updated_on, is_deleted, form_key, group_key, description, user_config) FROM stdin;
\.


--
-- Data for Name: configapp_addfieldlog; Type: TABLE DATA; Schema: public; Owner: postgres
--

COPY public.configapp_addfieldlog (id, created_on, updated_on, is_deleted, update_details, previous_description, new_description, add_field_id) FROM stdin;
\.


--
-- Data for Name: configapp_additionalfield; Type: TABLE DATA; Schema: public; Owner: postgres
--

COPY public.configapp_additionalfield (id, created_on, updated_on, is_deleted, user_config) FROM stdin;
\.


--
-- Data for Name: configapp_additionalfieldlog; Type: TABLE DATA; Schema: public; Owner: postgres
--

COPY public.configapp_additionalfieldlog (id, update_details, created_at, additional_field_id) FROM stdin;
\.


--
-- Data for Name: configapp_department; Type: TABLE DATA; Schema: public; Owner: postgres
--

COPY public.configapp_department (id, created_on, updated_on, is_deleted, department_name, department_code, description, status, system_config, user_config, parent_department_id, head_of_department_id) FROM stdin;
1	2025-10-03 15:27:55.658394+05:30	2025-10-03 15:27:55.658411+05:30	f	Administration	admin01	\N	t	{}	{}	\N	\N
2	2025-10-03 16:19:43.182214+05:30	2025-10-03 16:19:43.182228+05:30	f	Operations	OP001	\N	t	{}	{}	\N	\N
3	2025-10-03 16:20:02.283383+05:30	2025-10-03 16:20:02.283404+05:30	f	Quality	QU002	\N	t	{}	{}	\N	\N
4	2025-10-03 16:20:21.228136+05:30	2025-10-03 16:20:21.228161+05:30	f	Supply Chain	SC003	\N	t	{}	{}	\N	\N
5	2025-10-03 16:20:39.125107+05:30	2025-10-03 16:20:39.125119+05:30	f	QA	QA004	\N	t	{}	{}	\N	\N
6	2025-10-03 16:20:57.379155+05:30	2025-10-03 16:20:57.379209+05:30	f	Compliance	CP005	\N	t	{}	{}	\N	\N
7	2025-10-03 16:21:19.232649+05:30	2025-10-03 16:21:19.232669+05:30	f	Testing	TS006	\N	t	{}	{}	\N	\N
\.


--
-- Data for Name: configapp_designation; Type: TABLE DATA; Schema: public; Owner: postgres
--

COPY public.configapp_designation (id, created_on, updated_on, is_deleted, designation_name, designation_code, description, status, system_config, user_config, reporting_to_id) FROM stdin;
1	2025-10-03 15:27:55.660952+05:30	2025-10-03 15:27:55.660963+05:30	f	Admin	ADMIN001	\N	t	{}	{}	\N
2	2025-10-03 16:13:59.180525+05:30	2025-10-03 16:13:59.180539+05:30	f	Department Head	DH001	\N	t	{}	{}	\N
3	2025-10-03 16:14:33.598642+05:30	2025-10-03 16:14:33.598683+05:30	f	Head of Quality	HQ002	\N	t	{}	{}	\N
4	2025-10-03 16:15:03.19708+05:30	2025-10-03 16:15:03.197127+05:30	f	Quality Engineer	QE003	\N	t	{}	{}	\N
5	2025-10-03 16:15:15.502361+05:30	2025-10-03 16:15:15.502379+05:30	f	Quality Manager	QM004	\N	t	{}	{}	\N
6	2025-10-03 16:15:30.11641+05:30	2025-10-03 16:15:30.116447+05:30	f	Supplier Head	SH005	\N	t	{}	{}	\N
7	2025-10-03 16:15:45.073019+05:30	2025-10-03 16:15:45.073056+05:30	f	QA Head	QA006	\N	t	{}	{}	\N
8	2025-10-03 16:16:44.411582+05:30	2025-10-03 16:16:44.411596+05:30	f	QA Officer	QO007	\N	t	{}	{}	\N
9	2025-10-03 16:17:14.400994+05:30	2025-10-03 16:17:14.401009+05:30	f	Software Tester	ST008	\N	t	{}	{}	\N
10	2025-10-03 16:51:56.848463+05:30	2025-10-03 16:51:56.848499+05:30	f	Compliance Officer	CO00221		t	{}	{}	\N
11	2025-10-07 12:12:04.871255+05:30	2025-10-07 12:12:04.871294+05:30	f	Lead Auditor	AUD11		t	{}	{}	\N
12	2025-10-07 13:28:26.198567+05:30	2025-10-07 13:28:26.198607+05:30	f	Department Executive	DE2e2		t	{}	{}	\N
\.


--
-- Data for Name: configapp_employee; Type: TABLE DATA; Schema: public; Owner: postgres
--

COPY public.configapp_employee (created_on, updated_on, is_deleted, user_id, first_name, last_name, email, username, phone, employee_type, status, can_notify, system_config, user_config, department_id, designation_id, manager_id, location_id) FROM stdin;
2025-10-03 15:27:55.667457+05:30	2025-10-03 15:27:55.667469+05:30	f	1	Admin	Nexgensis	info@nexgensis.com	info@nexgensis.com	1234567890	Administrator	t	f	{}	{}	1	1	\N	1
2025-10-03 16:37:54.161234+05:30	2025-10-03 16:38:26.674747+05:30	f	3	quality	head	quality.head@gmail.com	quality.head	9823012345	InHouse	t	t	{}	{}	3	3	1	2
2025-10-03 16:41:43.551299+05:30	2025-10-03 16:41:43.551311+05:30	f	4	quality	engg	quality.eng@gmail.com	quality.eng	9823012345	InHouse	t	t	{}	{}	3	4	1	4
2025-10-03 16:26:51.742092+05:30	2025-10-03 16:41:59.268594+05:30	f	2	dept	head	dept.head@gmail.com	dept.head	8885752800	InHouse	t	t	{}	{}	2	2	1	1
2025-10-03 16:43:15.598848+05:30	2025-10-03 16:43:15.598868+05:30	f	5	quality	manager	quality.manager@gmail.com	quality.manager	9887654321	InHouse	t	t	{}	{}	3	5	1	4
2025-10-03 16:44:05.875068+05:30	2025-10-03 16:44:05.875087+05:30	f	6	supplier	head	supplier.head@gmail.com	supplier.head	9765432109	InHouse	t	t	{}	{}	4	6	1	5
2025-10-03 16:45:05.263145+05:30	2025-10-03 16:45:05.263157+05:30	f	8	qa	head	qa.head@gmail.com	qa.head	9812345678	InHouse	t	t	{}	{}	5	7	1	3
2025-10-03 16:48:15.451541+05:30	2025-10-03 16:48:15.451552+05:30	f	9	qa	officer	qa.officer@gmail.com	qa.officer	9951234567	InHouse	t	t	{}	{}	5	8	1	3
2025-10-03 16:52:06.017372+05:30	2025-10-03 16:52:06.017383+05:30	f	10	compliance	officer	compliance.officer@gmail.com	compliance.officer	9932112345	InHouse	t	t	{}	{}	6	10	1	6
2025-10-03 16:56:26.261788+05:30	2025-10-03 16:56:26.261799+05:30	f	11	tester	user	tester@gmail.com	tester.user	9811100011	InHouse	t	t	{}	{}	7	9	1	4
2025-10-07 12:18:48.648406+05:30	2025-10-07 12:18:48.648418+05:30	f	12	Lead	Auditor	lead.auditor@gmail.com	lead.auditor	987654333	InHouse	t	t	{}	{}	5	11	1	1
2025-10-07 13:29:06.564663+05:30	2025-10-07 13:29:30.808603+05:30	f	13	department	executive	department.executive@gmail.com	department.executive	8975752800	InHouse	t	t	{}	{}	2	12	1	6
\.


--
-- Data for Name: configapp_employee_role; Type: TABLE DATA; Schema: public; Owner: postgres
--

COPY public.configapp_employee_role (id, employee_id, role_id) FROM stdin;
1	1	1
2	2	2
3	3	3
4	4	9
5	5	4
6	6	5
7	8	6
8	9	7
9	10	8
10	11	10
11	12	11
12	13	12
\.


--
-- Data for Name: configapp_formlist; Type: TABLE DATA; Schema: public; Owner: postgres
--

COPY public.configapp_formlist (id, name, key, created_at) FROM stdin;
\.


--
-- Data for Name: configapp_location; Type: TABLE DATA; Schema: public; Owner: postgres
--

COPY public.configapp_location (id, created_on, updated_on, is_deleted, location_name, location_code, description, status, system_config, user_config, parent_location_id, location_type_id) FROM stdin;
2	2025-10-03 16:07:21.660112+05:30	2025-10-03 16:07:21.660156+05:30	f	Mumbai	MUM001		t	{}	{}	\N	1
3	2025-10-03 16:07:45.745388+05:30	2025-10-03 16:07:45.7454+05:30	f	Bengaluru	BLR003		t	{}	{}	\N	1
4	2025-10-03 16:08:12.267958+05:30	2025-10-03 16:08:12.267972+05:30	f	Hyderabad	HYD004		t	{}	{}	\N	1
5	2025-10-03 16:08:52.717908+05:30	2025-10-03 16:08:52.717965+05:30	f	Ahmedabad	AMD007		t	{}	{}	\N	1
6	2025-10-03 16:09:23.501924+05:30	2025-10-03 16:09:23.501953+05:30	f	Delhi	DEL005		t	{}	{}	\N	1
1	2025-10-03 15:27:55.65578+05:30	2025-10-03 16:09:46.72547+05:30	f	Pune	PUN002	N/A	t	{}	{}	\N	1
\.


--
-- Data for Name: configapp_locationtype; Type: TABLE DATA; Schema: public; Owner: postgres
--

COPY public.configapp_locationtype (id, created_on, updated_on, is_deleted, location_type, description, parent_location_type_id) FROM stdin;
1	2025-10-03 15:27:55.653504+05:30	2025-10-03 15:27:55.653517+05:30	f	Office	Default location type	\N
\.


--
-- Data for Name: configapp_organizationhierarchy; Type: TABLE DATA; Schema: public; Owner: postgres
--

COPY public.configapp_organizationhierarchy (id, created_on, updated_on, is_deleted, department_id, designation_id, parent_org_hierarchy_id) FROM stdin;
\.


--
-- Data for Name: configapp_role; Type: TABLE DATA; Schema: public; Owner: postgres
--

COPY public.configapp_role (id, created_on, updated_on, is_deleted, role_name, role_code, description, status, system_config, user_config, parent_role_id) FROM stdin;
1	2025-10-03 15:27:55.663301+05:30	2025-10-03 15:27:55.663313+05:30	f	Administrator	R0123	\N	t	{}	{}	\N
2	2025-10-03 16:00:48.856408+05:30	2025-10-03 16:00:48.856437+05:30	f	Department Head	depart007		t	{}	{}	\N
3	2025-10-03 16:01:34.673272+05:30	2025-10-03 16:01:34.673313+05:30	f	Quality Head	quality007		t	{}	{}	\N
4	2025-10-03 16:05:28.013812+05:30	2025-10-03 16:05:28.013826+05:30	f	Quality Manager	qmanager007		t	{}	{}	\N
5	2025-10-03 16:05:56.184232+05:30	2025-10-03 16:05:56.184251+05:30	f	Supplier Head	sh007		t	{}	{}	\N
6	2025-10-03 16:06:14.388837+05:30	2025-10-03 16:06:14.388852+05:30	f	QA Head	qa007		t	{}	{}	\N
7	2025-10-03 16:06:44.6531+05:30	2025-10-03 16:06:44.653158+05:30	f	QA Officer	qo007		t	{}	{}	\N
8	2025-10-03 16:07:05.301755+05:30	2025-10-03 16:07:05.301772+05:30	f	Complience Officer	co007		t	{}	{}	\N
9	2025-10-03 16:41:17.513241+05:30	2025-10-03 16:41:17.513278+05:30	f	Quality Engineer	QE		t	{}	{}	\N
10	2025-10-03 16:56:20.785058+05:30	2025-10-03 16:56:20.785109+05:30	f	Tester	TS229		t	{}	{}	\N
11	2025-10-07 12:13:16.446255+05:30	2025-10-07 12:13:16.446295+05:30	f	Lead Auditor	AUD11		t	{}	{}	\N
12	2025-10-07 13:29:00.272399+05:30	2025-10-07 13:29:00.272416+05:30	f	Department Executive	DE23		t	{}	{}	\N
\.


--
-- Data for Name: configapp_rolehierarchy; Type: TABLE DATA; Schema: public; Owner: postgres
--

COPY public.configapp_rolehierarchy (id, created_on, updated_on, is_deleted, parent_role_hierarchy_id, role_id) FROM stdin;
\.


--
-- Data for Name: configapp_userrole; Type: TABLE DATA; Schema: public; Owner: postgres
--

COPY public.configapp_userrole (id, created_on, updated_on, is_deleted, is_active, system_config, user_config, role_id, user_id) FROM stdin;
\.


--
-- Data for Name: django_admin_log; Type: TABLE DATA; Schema: public; Owner: postgres
--

COPY public.django_admin_log (id, action_time, object_id, object_repr, action_flag, change_message, content_type_id, user_id) FROM stdin;
\.


--
-- Data for Name: django_apscheduler_djangojob; Type: TABLE DATA; Schema: public; Owner: postgres
--

COPY public.django_apscheduler_djangojob (id, next_run_time, job_state) FROM stdin;
\.


--
-- Data for Name: django_apscheduler_djangojobexecution; Type: TABLE DATA; Schema: public; Owner: postgres
--

COPY public.django_apscheduler_djangojobexecution (id, status, run_time, duration, finished, exception, traceback, job_id) FROM stdin;
\.


--
-- Data for Name: django_content_type; Type: TABLE DATA; Schema: public; Owner: postgres
--

COPY public.django_content_type (id, app_label, model) FROM stdin;
1	admin	logentry
2	auth	permission
3	auth	group
4	auth	user
5	contenttypes	contenttype
6	sessions	session
7	authtoken	token
8	authtoken	tokenproxy
9	django_apscheduler	djangojob
10	django_apscheduler	djangojobexecution
11	djangoapp	access_module
12	djangoapp	apiresource_config
13	djangoapp	dashboard_menu_config
14	djangoapp	emailconfiguration
15	djangoapp	forgot_password_log
16	djangoapp	licence_config
17	djangoapp	linedata_config
18	djangoapp	otp_records
19	djangoapp	access_module_config
20	djangoapp	api_list
21	djangoapp	apiresource_grouppermission_config
22	djangoapp	dashboard_menu_grouppermission_config
23	djangoapp	duplicate_access_module_config
24	assetapp	asset
25	assetapp	assetcategory
26	assetapp	assetcost
27	assetapp	assetlog
28	assetapp	assetmaintenance
29	assetapp	assetmaintenancetype
30	assetapp	assetmaker
31	assetapp	assetmonitor
32	assetapp	assetsupervisor
33	assetapp	assettype
34	assetapp	maintenanceforms
35	configapp	addfield
36	configapp	additionalfield
37	configapp	formlist
38	configapp	addfieldlog
39	configapp	additionalfieldlog
40	configapp	department
41	configapp	designation
42	configapp	employee
43	configapp	location
44	configapp	locationtype
45	configapp	organizationhierarchy
46	configapp	role
47	configapp	rolehierarchy
48	configapp	userrole
49	inventoryapp	adddetailsfield
50	inventoryapp	addinventoryfield
51	inventoryapp	addinventoryinward
52	inventoryapp	addinventoryoutward
53	inventoryapp	criticality
54	inventoryapp	unit
55	inventoryapp	adddetailsfieldlog
56	inventoryapp	addinventoryfieldlog
57	inventoryapp	addinventoryinwardlog
58	inventoryapp	addinventoryoutwardlog
59	inventoryapp	inventorydetails
60	inventoryapp	inventoryinward
61	inventoryapp	inventoryoutward
62	inventoryapp	inventorytype
63	inventoryapp	rol
64	inventoryapp	inventorystockinfo
65	ticketworkflowapp	actioncriteria
66	ticketworkflowapp	actiontype
67	ticketworkflowapp	priority
68	ticketworkflowapp	workflow
69	ticketworkflowapp	workflowstagestatus
70	ticketworkflowapp	workflowtype
71	ticketworkflowapp	formsubmission
72	ticketworkflowapp	formfieldresponse
73	ticketworkflowapp	ticketdetails
74	ticketworkflowapp	ticketcomment
75	ticketworkflowapp	slaextensionrequest
76	ticketworkflowapp	savedtickets
77	ticketworkflowapp	ticketdocs
78	ticketworkflowapp	ticketstagetracking
79	ticketworkflowapp	stageflowremark
80	ticketworkflowapp	temperoryworkflow
81	ticketworkflowapp	workflowchecklisttemp
82	ticketworkflowapp	workflowstage
83	ticketworkflowapp	workflowsla
84	ticketworkflowapp	workflowchecklist
85	ticketworkflowapp	ticketstageaccess
86	ticketworkflowapp	ticketparameter
87	ticketworkflowapp	ticketflow
88	ticketworkflowapp	ticketchecklistvalue
89	ticketworkflowapp	slaextensionsignature
90	ticketworkflowapp	evaluationroles
91	ticketworkflowapp	customstageaccess
92	ticketworkflowapp	customaccesstrack
93	ticketworkflowapp	workflowstageactions
94	ticketworkflowapp	workflowdependency
95	ticketworkflowapp	workflowstagesignature
96	ticketworkflowapp	workflowticketapprovalrequest
97	ticketworkflowapp	workflowtransition
98	ticketworkflowapp	slaextensionseen
99	formsapp	datatype
100	formsapp	parameter
101	formsapp	section
102	formsapp	fieldtype
103	formsapp	form
104	formsapp	formdesign
105	formsapp	formdraft
106	formsapp	formsections
107	formsapp	checklistform
108	formsapp	formtype
109	formsapp	parameterdata
110	formsapp	parameterdatatype
111	formsapp	formfields
112	filemanagement	filemanagement
113	compliance	assessmenttype
114	compliance	bisstandard
115	compliance	dosageform
116	compliance	fmeadepartment
117	compliance	materialfunction
118	compliance	materialgrade
119	compliance	materialname
120	compliance	materialparameters
121	compliance	parameterunit
122	compliance	processcontrol
123	compliance	sodcalibration
124	compliance	sopdocument
125	compliance	testmethod
126	compliance	product
127	compliance	processcontrolthreshold
128	compliance	material
129	compliance	bom
130	compliance	sopsection
131	compliance	materialparam
132	compliance	usercompliencehistory
133	compliance	userfmeahistory
134	documentapp	documentfolder
135	documentapp	downloadpermission
136	documentapp	document
137	documentapp	documentexpiryhistory
138	documentapp	documentretention
139	documentapp	documentversion
140	documentapp	documentsecurity
141	documentapp	documentannotation
142	documentapp	periodicreview
143	tms	question
144	tms	quiz
145	tms	tags
146	tms	trainingcategory
147	tms	option
148	tms	submittedanswer
149	tms	trainingcourse
150	tms	trainingchapters
151	tms	trainingmodules
152	tms	trainingassign
153	tms	trainingresources
154	tms	trainingvideos
155	tms	videoprogress
\.


--
-- Data for Name: django_migrations; Type: TABLE DATA; Schema: public; Owner: postgres
--

COPY public.django_migrations (id, app, name, applied) FROM stdin;
1	contenttypes	0001_initial	2025-10-03 15:27:43.694312+05:30
2	auth	0001_initial	2025-10-03 15:27:43.793447+05:30
3	admin	0001_initial	2025-10-03 15:27:43.819188+05:30
4	admin	0002_logentry_remove_auto_add	2025-10-03 15:27:43.833931+05:30
5	admin	0003_logentry_add_action_flag_choices	2025-10-03 15:27:43.845271+05:30
6	contenttypes	0002_remove_content_type_name	2025-10-03 15:27:43.868158+05:30
7	auth	0002_alter_permission_name_max_length	2025-10-03 15:27:43.884891+05:30
8	auth	0003_alter_user_email_max_length	2025-10-03 15:27:43.896464+05:30
9	auth	0004_alter_user_username_opts	2025-10-03 15:27:43.90788+05:30
10	auth	0005_alter_user_last_login_null	2025-10-03 15:27:43.919853+05:30
11	auth	0006_require_contenttypes_0002	2025-10-03 15:27:43.92168+05:30
12	auth	0007_alter_validators_add_error_messages	2025-10-03 15:27:43.932167+05:30
13	auth	0008_alter_user_username_max_length	2025-10-03 15:27:43.948682+05:30
14	auth	0009_alter_user_last_name_max_length	2025-10-03 15:27:43.962401+05:30
15	auth	0010_alter_group_name_max_length	2025-10-03 15:27:43.975882+05:30
16	auth	0011_update_proxy_permissions	2025-10-03 15:27:43.989782+05:30
17	auth	0012_alter_user_first_name_max_length	2025-10-03 15:27:44.001295+05:30
18	configapp	0001_initial	2025-10-03 15:27:44.300938+05:30
19	inventoryapp	0001_initial	2025-10-03 15:27:44.672291+05:30
20	formsapp	0001_initial	2025-10-03 15:27:45.095253+05:30
21	ticketworkflowapp	0001_initial	2025-10-03 15:27:48.147658+05:30
22	assetapp	0001_initial	2025-10-03 15:27:48.261347+05:30
23	assetapp	0002_initial	2025-10-03 15:27:50.312865+05:30
24	authtoken	0001_initial	2025-10-03 15:27:50.568053+05:30
25	authtoken	0002_auto_20160226_1747	2025-10-03 15:27:50.707349+05:30
26	authtoken	0003_tokenproxy	2025-10-03 15:27:50.712003+05:30
27	authtoken	0004_alter_tokenproxy_options	2025-10-03 15:27:50.721247+05:30
28	compliance	0001_initial	2025-10-03 15:27:51.217015+05:30
29	django_apscheduler	0001_initial	2025-10-03 15:27:51.254363+05:30
30	django_apscheduler	0002_auto_20180412_0758	2025-10-03 15:27:51.268072+05:30
31	django_apscheduler	0003_auto_20200716_1632	2025-10-03 15:27:51.34429+05:30
32	django_apscheduler	0004_auto_20200717_1043	2025-10-03 15:27:51.39413+05:30
33	django_apscheduler	0005_migrate_name_to_id	2025-10-03 15:27:51.52944+05:30
34	django_apscheduler	0006_remove_djangojob_name	2025-10-03 15:27:51.537395+05:30
35	django_apscheduler	0007_auto_20200717_1404	2025-10-03 15:27:51.562966+05:30
36	django_apscheduler	0008_remove_djangojobexecution_started	2025-10-03 15:27:51.571271+05:30
37	django_apscheduler	0009_djangojobexecution_unique_job_executions	2025-10-03 15:27:51.588399+05:30
38	djangoapp	0001_initial	2025-10-03 15:27:52.342776+05:30
39	filemanagement	0001_initial	2025-10-03 15:27:52.356291+05:30
40	documentapp	0001_initial	2025-10-03 15:27:53.424648+05:30
41	sessions	0001_initial	2025-10-03 15:27:53.444053+05:30
42	tms	0001_initial	2025-10-03 15:27:54.781322+05:30
\.


--
-- Data for Name: django_session; Type: TABLE DATA; Schema: public; Owner: postgres
--

COPY public.django_session (session_key, session_data, expire_date) FROM stdin;
\.


--
-- Data for Name: djangoapp_access_module; Type: TABLE DATA; Schema: public; Owner: postgres
--

COPY public.djangoapp_access_module (id, module_name) FROM stdin;
1	Dashboard
2	Pr
3	My Pr
4	My Department Pr
5	Create By Me
6	All Pr
7	Pending
8	Saved Pr
9	Document Hub
10	Configurations
11	Workflow
12	Forms
13	User Access
14	User Control
15	Basic Configurations
\.


--
-- Data for Name: djangoapp_access_module_config; Type: TABLE DATA; Schema: public; Owner: postgres
--

COPY public.djangoapp_access_module_config (id, create_access, read_access, update_access, delete_access, module_name_id, role_id) FROM stdin;
1	t	t	t	t	1	1
2	t	t	t	t	2	1
3	t	t	t	t	3	1
4	t	t	t	t	4	1
5	t	t	t	t	5	1
6	t	t	t	t	6	1
7	t	t	t	t	7	1
8	t	t	t	t	8	1
9	t	t	t	t	9	1
10	t	t	t	t	10	1
11	t	t	t	t	11	1
12	t	t	t	t	12	1
13	t	t	t	t	13	1
14	t	t	t	t	14	1
15	t	t	t	t	15	1
\.


--
-- Data for Name: djangoapp_api_list; Type: TABLE DATA; Schema: public; Owner: postgres
--

COPY public.djangoapp_api_list (id, api_endpoint, api_type, create_access, read_access, update_access, delete_access, module_name_id) FROM stdin;
\.


--
-- Data for Name: djangoapp_apiresource_config; Type: TABLE DATA; Schema: public; Owner: postgres
--

COPY public.djangoapp_apiresource_config (id, api_url) FROM stdin;
\.


--
-- Data for Name: djangoapp_apiresource_grouppermission_config; Type: TABLE DATA; Schema: public; Owner: postgres
--

COPY public.djangoapp_apiresource_grouppermission_config (id, api_url_id, designation_id) FROM stdin;
\.


--
-- Data for Name: djangoapp_dashboard_menu_config; Type: TABLE DATA; Schema: public; Owner: postgres
--

COPY public.djangoapp_dashboard_menu_config (id, menu) FROM stdin;
\.


--
-- Data for Name: djangoapp_dashboard_menu_grouppermission_config; Type: TABLE DATA; Schema: public; Owner: postgres
--

COPY public.djangoapp_dashboard_menu_grouppermission_config (id, designation_id, menu_grouppermission_id) FROM stdin;
\.


--
-- Data for Name: djangoapp_duplicate_access_module_config; Type: TABLE DATA; Schema: public; Owner: postgres
--

COPY public.djangoapp_duplicate_access_module_config (id, module_name_id, create_access, read_access, update_access, delete_access, role_id_id) FROM stdin;
\.


--
-- Data for Name: djangoapp_emailconfiguration; Type: TABLE DATA; Schema: public; Owner: postgres
--

COPY public.djangoapp_emailconfiguration (id, created_on, updated_on, is_deleted, smtp_host, smtp_port, smtp_user, smtp_password, use_tls, use_ssl) FROM stdin;
\.


--
-- Data for Name: djangoapp_forgot_password_log; Type: TABLE DATA; Schema: public; Owner: postgres
--

COPY public.djangoapp_forgot_password_log (id, created_on, updated_on, is_deleted, first_name, last_name, email, otp) FROM stdin;
\.


--
-- Data for Name: djangoapp_licence_config; Type: TABLE DATA; Schema: public; Owner: postgres
--

COPY public.djangoapp_licence_config (id, encrypted_key, dt) FROM stdin;
1	eyJhbGciOiJFUzI1NiIsInR5cCI6IkpXVCJ9.eyJleHBpcnlfZGF0ZSI6IjIwMjUtMTEtMDEiLCJpYXQiOjE3NTkzMDk4NTh9.iuxdJ0OJvy98nqO1aAJE3QL6ZTsw-ejEEc5mZD6oI-UaL2ByfBgkdXDh3m3alvYhsNkq2Zar0PGOP8QKfCuzYA	2025-10-03 15:32:45.614127+05:30
\.


--
-- Data for Name: djangoapp_linedata_config; Type: TABLE DATA; Schema: public; Owner: postgres
--

COPY public.djangoapp_linedata_config (id, line, variant, relay, rec_time) FROM stdin;
\.


--
-- Data for Name: djangoapp_otp_records; Type: TABLE DATA; Schema: public; Owner: postgres
--

COPY public.djangoapp_otp_records (id, created_on, updated_on, is_deleted, contact, otp, generated_at, email) FROM stdin;
\.


--
-- Data for Name: documentapp_document; Type: TABLE DATA; Schema: public; Owner: postgres
--

COPY public.documentapp_document (id, created_on, updated_on, is_deleted, title, document_number, document_type, description, file_id, expiry_date, parent_file_id, is_dms, review_months, is_confidential, lifecycle_status, retired_on, archived_on, created_by_id, department_id, uploaded_in_ticket_id, folder_id, download_permission_id) FROM stdin;
\.


--
-- Data for Name: documentapp_document_raised_tickets; Type: TABLE DATA; Schema: public; Owner: postgres
--

COPY public.documentapp_document_raised_tickets (id, document_id, ticketdetails_id) FROM stdin;
\.


--
-- Data for Name: documentapp_documentannotation; Type: TABLE DATA; Schema: public; Owner: postgres
--

COPY public.documentapp_documentannotation (id, created_on, updated_on, is_deleted, annotations_json, remark, created_by_id, document_version_id) FROM stdin;
\.


--
-- Data for Name: documentapp_documentexpiryhistory; Type: TABLE DATA; Schema: public; Owner: postgres
--

COPY public.documentapp_documentexpiryhistory (id, created_on, updated_on, is_deleted, old_expiry_date, new_expiry_date, changed_on, remarks, changed_by_id, document_id) FROM stdin;
\.


--
-- Data for Name: documentapp_documentfolder; Type: TABLE DATA; Schema: public; Owner: postgres
--

COPY public.documentapp_documentfolder (id, created_on, updated_on, is_deleted, name) FROM stdin;
\.


--
-- Data for Name: documentapp_documentretention; Type: TABLE DATA; Schema: public; Owner: postgres
--

COPY public.documentapp_documentretention (id, created_on, updated_on, is_deleted, retention_period_months, legal_hold, hold_reason, hold_applied_on, document_id, hold_applied_by_id) FROM stdin;
\.


--
-- Data for Name: documentapp_documentsecurity; Type: TABLE DATA; Schema: public; Owner: postgres
--

COPY public.documentapp_documentsecurity (id, created_on, updated_on, is_deleted, password_hash, encrypted_password, access_count, last_accessed, is_active, document_version_id) FROM stdin;
\.


--
-- Data for Name: documentapp_documentversion; Type: TABLE DATA; Schema: public; Owner: postgres
--

COPY public.documentapp_documentversion (id, created_on, updated_on, is_deleted, version_number, is_final, uploaded_at, remarks, file_hash, is_pdf, document_id, file_id, pdf_file_id, ticket_id, uploaded_by_id) FROM stdin;
\.


--
-- Data for Name: documentapp_downloadpermission; Type: TABLE DATA; Schema: public; Owner: postgres
--

COPY public.documentapp_downloadpermission (id, created_on, updated_on, is_deleted, name) FROM stdin;
1	2025-10-03 15:27:55.806257+05:30	2025-10-03 15:27:55.806277+05:30	f	No Permission
2	2025-10-03 15:27:55.808098+05:30	2025-10-03 15:27:55.808117+05:30	f	View Only
3	2025-10-03 15:27:55.809812+05:30	2025-10-03 15:27:55.809831+05:30	f	Download with Approval
4	2025-10-03 15:27:55.812506+05:30	2025-10-03 15:27:55.812528+05:30	f	Download Directly
\.


--
-- Data for Name: documentapp_periodicreview; Type: TABLE DATA; Schema: public; Owner: postgres
--

COPY public.documentapp_periodicreview (id, created_on, updated_on, is_deleted, is_review_needed, next_review_date, remarks, created_by_id, document_id) FROM stdin;
\.


--
-- Data for Name: filemanagement_filemanagement; Type: TABLE DATA; Schema: public; Owner: postgres
--

COPY public.filemanagement_filemanagement (id, guid, name, tag, file_type, file, meta_data, uploaded_at) FROM stdin;
\.


--
-- Data for Name: formsapp_checklistform; Type: TABLE DATA; Schema: public; Owner: postgres
--

COPY public.formsapp_checklistform (id, created_on, updated_on, is_deleted, form, checklist_id, section_id) FROM stdin;
\.


--
-- Data for Name: formsapp_datatype; Type: TABLE DATA; Schema: public; Owner: postgres
--

COPY public.formsapp_datatype (id, created_on, updated_on, is_deleted, name, validation_rules) FROM stdin;
1	2025-10-03 15:27:55.672272+05:30	2025-10-03 15:27:55.672285+05:30	f	text	["minLength", "maxLength", "pattern"]
2	2025-10-03 15:27:55.673787+05:30	2025-10-03 15:27:55.673799+05:30	f	textarea	["minLength", "maxLength", "pattern"]
3	2025-10-03 15:27:55.675623+05:30	2025-10-03 15:27:55.67564+05:30	f	number	["min", "max", "isInteger", "isPositive"]
4	2025-10-03 15:27:55.677494+05:30	2025-10-03 15:27:55.67751+05:30	f	date	["minDate", "maxDate"]
5	2025-10-03 15:27:55.679486+05:30	2025-10-03 15:27:55.679501+05:30	f	date_range	["startDateBeforeOrEqualEndDate"]
6	2025-10-03 15:27:55.681267+05:30	2025-10-03 15:27:55.681282+05:30	f	time	["minTime", "maxTime"]
7	2025-10-03 15:27:55.68602+05:30	2025-10-03 15:27:55.686039+05:30	f	time_range	["startTimeBeforeOrEqualEndTime"]
8	2025-10-03 15:27:55.688029+05:30	2025-10-03 15:27:55.688046+05:30	f	select	["minSelection", "maxSelection", "isMultiple"]
9	2025-10-03 15:27:55.689998+05:30	2025-10-03 15:27:55.690015+05:30	f	radio	[]
10	2025-10-03 15:27:55.692759+05:30	2025-10-03 15:27:55.692776+05:30	f	checkbox	["minSelection", "maxSelection", "isMultiple"]
11	2025-10-03 15:27:55.694643+05:30	2025-10-03 15:27:55.69466+05:30	f	file	["fileType", "maxFileSize", "isMultiple"]
12	2025-10-03 15:27:55.696695+05:30	2025-10-03 15:27:55.696712+05:30	f	image	["maxFileSize", "resolution", "aspectRatio", "isMultiple"]
13	2025-10-03 15:27:55.698841+05:30	2025-10-03 15:27:55.698858+05:30	f	password	["minLength", "maxLength", "containsSpecialChar", "strengthCheck"]
14	2025-10-03 15:27:55.700802+05:30	2025-10-03 15:27:55.700816+05:30	f	range	["min", "max", "step"]
15	2025-10-03 15:27:55.702897+05:30	2025-10-03 15:27:55.702909+05:30	f	color	[]
16	2025-10-03 15:27:55.704325+05:30	2025-10-03 15:27:55.704339+05:30	f	signature	["maxSize", "maxDimensions"]
17	2025-10-03 15:27:55.705754+05:30	2025-10-03 15:27:55.705766+05:30	f	richtext	["minContentLength", "maxContentLength", "disallowedTags"]
18	2025-10-03 15:27:55.707055+05:30	2025-10-03 15:27:55.707066+05:30	f	switch	[]
19	2025-10-03 15:27:55.708527+05:30	2025-10-03 15:27:55.70854+05:30	f	table	[]
\.


--
-- Data for Name: formsapp_fieldtype; Type: TABLE DATA; Schema: public; Owner: postgres
--

COPY public.formsapp_fieldtype (id, created_on, updated_on, is_deleted, name, dynamic, endpoint, validation_rules, "default", data_type_id) FROM stdin;
1	2025-10-03 15:27:55.711211+05:30	2025-10-03 15:27:55.711223+05:30	f	Text	f	\N	{"pattern": "", "maxLength": 100, "minLength": 1}	t	1
2	2025-10-03 15:27:55.713716+05:30	2025-10-03 15:27:55.713729+05:30	f	Textarea	f	\N	{"pattern": "", "maxLength": 100, "minLength": 1}	t	2
3	2025-10-03 15:27:55.716417+05:30	2025-10-03 15:27:55.716431+05:30	f	Number	f	\N	{"max": "", "min": 0, "isInteger": false, "isPositive": false}	t	3
4	2025-10-03 15:27:55.718996+05:30	2025-10-03 15:27:55.719018+05:30	f	Date	f	\N	{"maxDate": "", "minDate": ""}	t	4
5	2025-10-03 15:27:55.723144+05:30	2025-10-03 15:27:55.72316+05:30	f	Date Range	f	\N	{"startDateBeforeOrEqualEndDate": true}	t	5
6	2025-10-03 15:27:55.726181+05:30	2025-10-03 15:27:55.726204+05:30	f	Time	f	\N	{"maxTime": "", "minTime": ""}	t	6
7	2025-10-03 15:27:55.729703+05:30	2025-10-03 15:27:55.729719+05:30	f	Time Range	f	\N	{"startTimeBeforeOrEqualEndTime": true}	t	7
8	2025-10-03 15:27:55.733151+05:30	2025-10-03 15:27:55.733168+05:30	f	Select	f	\N	{"isMultiple": false, "maxSelection": 1, "minSelection": 1}	t	8
9	2025-10-03 15:27:55.736225+05:30	2025-10-03 15:27:55.736243+05:30	f	Radio	f	\N	{}	t	9
10	2025-10-03 15:27:55.739241+05:30	2025-10-03 15:27:55.73926+05:30	f	Checkbox	f	\N	{"isMultiple": false, "maxSelection": "", "minSelection": 1}	t	10
11	2025-10-03 15:27:55.74273+05:30	2025-10-03 15:27:55.742749+05:30	f	File Upload	f	\N	{"fileType": "pdf,doc,txt", "isMultiple": false, "maxFileSize": 10}	t	11
12	2025-10-03 15:27:55.747835+05:30	2025-10-03 15:27:55.747849+05:30	f	Image Upload	f	\N	{"isMultiple": false, "resolution": "1920x1080", "aspectRatio": "16:9", "maxFileSize": 10}	t	12
13	2025-10-03 15:27:55.751365+05:30	2025-10-03 15:27:55.751381+05:30	f	Password	f	\N	{"maxLength": 100, "minLength": 1, "strengthCheck": true, "containsSpecialChar": true}	t	13
14	2025-10-03 15:27:55.75468+05:30	2025-10-03 15:27:55.7547+05:30	f	Range / Slider	f	\N	{"max": 100, "min": 0, "step": 1}	t	14
15	2025-10-03 15:27:55.758121+05:30	2025-10-03 15:27:55.758135+05:30	f	Color Picker	f	\N	{}	t	15
16	2025-10-03 15:27:55.760725+05:30	2025-10-03 15:27:55.760737+05:30	f	Signature Pad	f	\N	{"maxSize": 100, "maxDimensions": "500x300"}	t	16
17	2025-10-03 15:27:55.763366+05:30	2025-10-03 15:27:55.76338+05:30	f	Rich Text Editor	f	\N	{"disallowedTags": "script,iframe", "maxContentLength": 1000, "minContentLength": 10}	t	17
18	2025-10-03 15:27:55.765746+05:30	2025-10-03 15:27:55.765759+05:30	f	Switch / Toggle	f	\N	{}	t	18
19	2025-10-03 15:27:55.768107+05:30	2025-10-03 15:27:55.76812+05:30	f	Table	f	\N	{}	t	19
20	2025-10-03 17:18:50.190172+05:30	2025-10-03 17:18:50.190211+05:30	f	Workflow Type	t	/api/get_workflow_type?status=completed	{"isMultiple": false, "maxSelection": 1, "minSelection": 1}	f	8
21	2025-10-07 12:39:30.648069+05:30	2025-10-07 12:48:11.568462+05:30	f	Department	t	/config/get_department_designation_role/department/?source=dropdown	{"isMultiple": false, "maxSelection": 1, "minSelection": 1}	f	8
\.


--
-- Data for Name: formsapp_form; Type: TABLE DATA; Schema: public; Owner: postgres
--

COPY public.formsapp_form (id, created_on, updated_on, is_deleted, title, description, is_completed, system_config, user_config, version, parent_form_id, root_form_id, form_type_id) FROM stdin;
1	2025-10-03 17:14:40.549403+05:30	2025-10-03 17:22:35.501998+05:30	f	Workflow Creation Request Form	This form needs to be filled inorder to create a workflow	t	{}	{}	1	\N	\N	1
2	2025-10-03 17:26:48.58108+05:30	2025-10-03 17:28:22.015448+05:30	f	Final Approval Form	Final Approval Form	t	{}	{}	1	\N	\N	1
3	2025-10-03 18:33:34.145322+05:30	2025-10-03 18:37:49.746239+05:30	f	CAPA Management Workflow	CAPA Management Workflow	t	{}	{}	1	\N	\N	2
4	2025-10-03 18:38:27.52519+05:30	2025-10-03 18:41:29.98129+05:30	f	CAPA Containment Action	CAPA Containment Action	t	{}	{}	1	\N	\N	2
5	2025-10-03 18:42:19.658139+05:30	2025-10-03 18:45:58.988469+05:30	f	CAPA Root Cause Analysis	CAPA Root Cause Analysis	t	{}	{}	1	\N	\N	2
6	2025-10-03 18:46:38.489319+05:30	2025-10-03 18:49:56.666037+05:30	f	Corrective Action Plan Form	Corrective Action Plan Form	t	{}	{}	1	\N	\N	2
15	2025-10-03 19:20:00.92805+05:30	2025-10-07 12:49:51.902205+05:30	f	Risk Review & Closure Form	Risk Review & Closure Form\n	t	{}	{}	1	\N	\N	3
38	2025-10-07 12:49:14.65375+05:30	2025-10-07 13:10:13.353607+05:30	f	Internal Audit Perform Form	This is internal Audit Perform Form	t	{}	{}	1	\N	\N	5
39	2025-10-07 12:52:17.469817+05:30	2025-10-07 13:11:41.074239+05:30	f	Internal Audit Submit Report Form	This is internal audit submit form	t	{}	{}	1	\N	\N	5
16	2025-10-06 10:58:57.672927+05:30	2025-10-06 11:10:50.24626+05:30	f	Commercial Evaluation Form	View the details of the form that was successfully configured.	t	{}	{}	1	\N	\N	4
29	2025-10-06 13:19:09.334866+05:30	2025-10-06 13:22:38.683343+05:30	f	Risk Identification	Capture initial risk details, source, and responsible area.	t	{}	{}	1	\N	\N	3
30	2025-10-06 13:26:57.256196+05:30	2025-10-06 13:32:40.606371+05:30	f	Risk Assessment	Assess likelihood, impact, and assign initial risk rating	t	{}	{}	1	\N	\N	3
11	2025-10-03 19:07:35.129344+05:30	2025-10-07 12:37:46.114376+05:30	f	Risk Initiation Form	Risk Initiation Form	t	{}	{}	1	\N	\N	3
28	2025-10-06 13:18:48.433369+05:30	2025-10-07 12:38:27.760224+05:30	t	Risk Identification	Risk Identification	f	{}	{}	1	\N	\N	3
7	2025-10-03 18:50:19.6237+05:30	2025-10-03 18:52:18.630792+05:30	f	Action Implementation Form	Action Implementation Form	t	{}	{}	1	\N	\N	2
17	2025-10-06 11:14:10.663638+05:30	2025-10-06 11:25:03.145083+05:30	f	Supplier Identification & Pre-Qualification		t	{}	{}	1	\N	\N	4
18	2025-10-06 11:26:23.156984+05:30	2025-10-06 11:50:48.356947+05:30	f	Supplier Risk Assessment Form		t	{}	{}	1	\N	\N	4
19	2025-10-06 11:51:50.668122+05:30	2025-10-06 12:00:58.883025+05:30	f	Supplier Evaluation Form		t	{}	{}	1	\N	\N	4
20	2025-10-06 12:04:33.322343+05:30	2025-10-06 12:13:25.177833+05:30	f	Supplier Selection Form		t	{}	{}	1	\N	\N	4
21	2025-10-06 12:17:11.089572+05:30	2025-10-06 12:24:53.177137+05:30	f	Initial Sampling & Test Run Form		t	{}	{}	1	\N	\N	4
22	2025-10-06 12:33:05.079755+05:30	2025-10-06 12:35:58.809132+05:30	f	Supplier Onboarding Form		t	{}	{}	1	\N	\N	4
34	2025-10-07 12:32:29.529188+05:30	2025-10-07 12:40:29.845049+05:30	t	Internal Audit Planning Form	this form is for internal audit	t	{}	{}	1	\N	\N	5
24	2025-10-06 12:48:47.219011+05:30	2025-10-06 12:56:45.324886+05:30	f	Supplier NCR Form		t	{}	{}	1	\N	\N	4
25	2025-10-06 12:59:19.899764+05:30	2025-10-06 13:03:33.081291+05:30	f	Supplier Development Plan		t	{}	{}	1	\N	\N	4
27	2025-10-06 13:07:48.163972+05:30	2025-10-06 13:12:29.379753+05:30	f	Periodic Re-Evaluation	Periodic Re-Evaluation	t	{}	{}	1	\N	\N	4
26	2025-10-06 13:01:52.241714+05:30	2025-10-06 13:14:09.567305+05:30	f	Supplier Removal Form	Supplier Removal Form	t	{}	{}	1	\N	\N	4
12	2025-10-03 19:13:02.762718+05:30	2025-10-07 12:41:58.521818+05:30	f	Risk Details	Risk Details	t	{}	{}	1	\N	\N	3
40	2025-10-07 13:12:18.812749+05:30	2025-10-07 13:14:20.220372+05:30	f	Internal Audit Review Form	This is internal audit review form	t	{}	{}	1	\N	\N	5
8	2025-10-03 18:52:45.652511+05:30	2025-10-03 18:55:07.753655+05:30	f	Effectiveness Verification	Effectiveness Verification	t	{}	{}	1	\N	\N	2
9	2025-10-03 18:55:33.070033+05:30	2025-10-03 18:58:23.142176+05:30	f	Preventive Action Details Form	Preventive Action Details Form	t	{}	{}	1	\N	\N	2
10	2025-10-03 18:58:29.695182+05:30	2025-10-03 19:00:25.423727+05:30	f	CAPA Closure Form	CAPA Closure Form	t	{}	{}	1	\N	\N	2
41	2025-10-07 13:44:50.625622+05:30	2025-10-07 13:47:18.626225+05:30	f	Ticket Initiation Form	Ticket Initiation Form	t	{}	{}	1	\N	\N	4
23	2025-10-06 12:36:54.341602+05:30	2025-10-06 12:47:20.074194+05:30	f	Series Production Monitoring Form		t	{}	{}	1	\N	\N	4
35	2025-10-07 12:40:53.614164+05:30	2025-10-07 12:43:40.435531+05:30	t	Internal Audit Planning Form	This form is for internal audit	f	{}	{}	1	\N	\N	5
31	2025-10-06 13:33:08.064181+05:30	2025-10-06 13:35:18.898718+05:30	f	Plan Treatment	Propose risk mitigation or acceptance strategy.	t	{}	{}	1	\N	\N	3
33	2025-10-06 13:38:17.981286+05:30	2025-10-06 13:39:31.679856+05:30	f	Risk Review	Review effectiveness and formally closes the risk.	t	{}	{}	1	\N	\N	3
32	2025-10-06 13:35:48.37893+05:30	2025-10-06 13:37:49.118652+05:30	f	Implement Treatment	Track implementation of mitigation actions.	t	{}	{}	1	\N	\N	3
45	2025-10-07 13:51:06.163023+05:30	2025-10-07 13:52:19.97519+05:30	f	Immediate / Disposition Action Form	Immediate / Disposition Action	t	{}	{}	1	\N	\N	4
13	2025-10-03 19:14:39.53191+05:30	2025-10-07 12:45:22.270715+05:30	f	Risk Evaluation	Risk Evaluation\n	t	{}	{}	1	\N	\N	3
36	2025-10-07 12:44:06.997765+05:30	2025-10-07 12:45:50.553345+05:30	t	Internal Audit Planning Form	This is internal audit planning form 	t	{}	{}	1	\N	\N	5
14	2025-10-03 19:16:37.185708+05:30	2025-10-07 12:47:20.076017+05:30	f	Mitigation Plan	Mitigation Plan	t	{}	{}	1	\N	\N	3
37	2025-10-07 12:46:14.670068+05:30	2025-10-07 12:47:23.485732+05:30	f	Internal Audit Planning Form	This is internal Audit Workflow	t	{}	{}	1	\N	\N	5
42	2025-10-07 13:47:29.188483+05:30	2025-10-07 13:50:04.80854+05:30	f	NC CAPA Initiation Form	This is CAPA NC Form	t	{}	{}	1	\N	\N	2
43	2025-10-07 13:47:47.786608+05:30	2025-10-07 13:50:35.312298+05:30	f	Problem Identification & Initial Assessment	Problem Identification & Initial Assessment	t	{}	{}	1	\N	\N	4
44	2025-10-07 13:50:46.260776+05:30	2025-10-07 13:53:37.690621+05:30	f	NC Identification & Containment Form	 	t	{}	{}	1	\N	\N	2
46	2025-10-07 13:52:43.195677+05:30	2025-10-07 13:56:39.717793+05:30	f	Root Cause Analysis Form	Root Cause Analysis Form	t	{}	{}	1	\N	\N	4
47	2025-10-07 13:54:06.388005+05:30	2025-10-07 13:56:43.127474+05:30	f	Root Cause Analysis & Action Plan Form	Analyze the cause and plan corrective/preventive actions.	t	{}	{}	1	\N	\N	2
49	2025-10-07 13:57:26.313534+05:30	2025-10-07 13:58:33.839697+05:30	f	Verification of Root Cause Form	Verification of Root Cause	t	{}	{}	1	\N	\N	4
48	2025-10-07 13:57:22.277409+05:30	2025-10-07 13:59:28.395438+05:30	f	Implementation & Verification Form	Confirm action completion and verify effectiveness.	t	{}	{}	1	\N	\N	2
50	2025-10-07 13:59:23.353341+05:30	2025-10-07 14:00:14.18632+05:30	f	Corrective and Preventive Action (CAPA) Definition Form	Corrective and Preventive Action (CAPA) Definition	t	{}	{}	1	\N	\N	4
52	2025-10-07 14:00:42.381091+05:30	2025-10-07 14:02:19.943657+05:30	f	Implementation & Verification of CAPA Form	Implementation & Verification of CAPA	t	{}	{}	1	\N	\N	4
51	2025-10-07 14:00:15.21364+05:30	2025-10-07 14:02:53.012515+05:30	f	CAPA NC Closure & Documentation Form	Record evidence, approval, and finalize the CAPA/NC.	t	{}	{}	1	\N	\N	2
53	2025-10-07 14:02:38.798389+05:30	2025-10-07 14:03:50.658472+05:30	f	Effectiveness Check & Closure Form	Effectiveness Check & Closure	t	{}	{}	1	\N	\N	4
54	2025-10-07 15:19:39.6738+05:30	2025-10-07 15:23:47.671302+05:30	f	Change Control Initiation Form	Capture the basic details of the proposed change, its justification, and initial categorization.	t	{}	{}	1	\N	\N	6
55	2025-10-07 15:24:06.082886+05:30	2025-10-07 15:26:46.256105+05:30	f	Impact Assessment	Evaluate the potential impact of the change on product quality, validation, regulatory status, and other QMS elements.	t	{}	{}	1	\N	\N	6
56	2025-10-07 15:27:09.07945+05:30	2025-10-07 15:29:57.492268+05:30	f	Change Plan & Approval	Develop an action plan for implementing the change safely and efficiently.	t	{}	{}	1	\N	\N	6
57	2025-10-07 15:30:20.321428+05:30	2025-10-07 15:31:16.944179+05:30	f	Implementation	Execute the approved change plan under controlled conditions.	t	{}	{}	1	\N	\N	6
58	2025-10-07 15:31:37.427457+05:30	2025-10-07 15:33:07.335076+05:30	f	Verification & Effectiveness Check	Ensure that the change achieved its intended outcome without adverse effects.	t	{}	{}	1	\N	\N	6
59	2025-10-07 15:33:40.014932+05:30	2025-10-07 15:35:09.24203+05:30	f	Closure & Documentation	Finalize the change record, attach all supporting evidence, and formally close it.	t	{}	{}	1	\N	\N	6
\.


--
-- Data for Name: formsapp_formdesign; Type: TABLE DATA; Schema: public; Owner: postgres
--

COPY public.formsapp_formdesign (id, created_on, updated_on, is_deleted, form_data, form_id) FROM stdin;
\.


--
-- Data for Name: formsapp_formdraft; Type: TABLE DATA; Schema: public; Owner: postgres
--

COPY public.formsapp_formdraft (id, created_on, updated_on, is_deleted, draft_data, form_id) FROM stdin;
1	2025-10-03 17:18:18.05323+05:30	2025-10-03 17:22:35.45453+05:30	f	{"fields": [], "sections": [{"fields": [{"name": "Workflow Name", "type": "text", "label": "Workflow Name", "fields": [], "dynamic": false, "options": [], "type_id": 1, "required": false, "end_point": null, "validation": {"pattern": "", "maxLength": 100, "minLength": 1}}, {"name": "Number of Stages", "type": "number", "label": "Number of Stages", "fields": [], "dynamic": false, "options": [], "type_id": 3, "required": false, "end_point": null, "validation": {"max": "", "min": 0, "isInteger": false, "isPositive": false}}, {"name": "Workflow Description (Purpose, scope, and expected outcome)", "type": "textarea", "label": "Workflow Description (Purpose, scope, and expected outcome)", "fields": [], "dynamic": false, "options": [], "type_id": 2, "required": false, "end_point": null, "validation": {"pattern": "", "maxLength": 100, "minLength": 1}}, {"name": "Why is this workflow needed?", "type": "textarea", "label": "Why is this workflow needed?", "fields": [], "dynamic": false, "options": [], "type_id": 2, "required": false, "end_point": null, "validation": {"pattern": "", "maxLength": 100, "minLength": 1}}, {"name": "type", "type": "select", "label": "type", "fields": [], "dynamic": true, "options": [], "type_id": 20, "required": false, "end_point": "/api/get_workflow_type?status=completed", "validation": {"isMultiple": false, "maxSelection": 1, "minSelection": 1}}], "section_name": "Workflow Creation Request Form"}]}	1
2	2025-10-03 17:28:21.990661+05:30	2025-10-03 17:28:21.990715+05:30	f	{"fields": [], "sections": [{"fields": [{"name": "Add your remarks, approval notes, or reason for rejection", "type": "textarea", "label": "Add your remarks, approval notes, or reason for rejection", "fields": [], "dynamic": false, "options": [], "type_id": 2, "required": true, "end_point": null, "validation": {"pattern": "", "maxLength": 100, "minLength": 1}}], "section_name": "Final Approval Form"}]}	2
3	2025-10-03 18:37:49.717535+05:30	2025-10-03 18:37:49.717574+05:30	f	{"fields": [], "sections": [{"fields": [{"name": "source-_of_CAPA", "type": "select", "label": "Source of CAPA", "fields": [], "dynamic": false, "options": ["Audit", "Customer Complaint", "Supplier NCR", "Internal NCR"], "type_id": 8, "required": true, "end_point": null, "validation": {"isMultiple": false, "maxSelection": 1, "minSelection": 1}}, {"name": "problem_description", "type": "textarea", "label": "Problem Description", "fields": [], "dynamic": false, "options": [], "type_id": 2, "required": true, "end_point": null, "validation": {"pattern": "", "maxLength": 100, "minLength": 1}}, {"name": "severity_assessment", "type": "select", "label": "Severity Assessment", "fields": [], "dynamic": false, "options": ["High", "Medium", "Low"], "type_id": 8, "required": false, "end_point": null, "validation": {"isMultiple": false, "maxSelection": 1, "minSelection": 1}}, {"name": "attachments", "type": "file", "label": "Attachments", "fields": [], "dynamic": false, "options": [], "type_id": 11, "required": true, "end_point": null, "validation": {"fileType": "pdf,doc,txt", "isMultiple": false, "maxFileSize": 10}}], "section_name": "Problem Details"}]}	3
4	2025-10-03 18:41:29.972021+05:30	2025-10-03 18:41:29.972039+05:30	f	{"fields": [], "sections": [{"fields": [{"name": "date_of_containment", "type": "date", "label": "Date of Containment", "fields": [], "dynamic": false, "options": [], "type_id": 4, "required": false, "end_point": null, "validation": {"maxDate": "", "minDate": ""}}, {"name": "containment_action_taken", "type": "textarea", "label": "Containment Action Taken", "fields": [], "dynamic": false, "options": [], "type_id": 2, "required": true, "end_point": null, "validation": {"pattern": "", "maxLength": 100, "minLength": 1}}, {"name": "verification_of _containment", "type": "file", "label": "Verification of Containment", "fields": [], "dynamic": false, "options": [], "type_id": 11, "required": false, "end_point": null, "validation": {"fileType": "pdf,doc,txt", "isMultiple": false, "maxFileSize": 10}}], "section_name": "Containment Details"}]}	4
5	2025-10-03 18:45:58.975648+05:30	2025-10-03 18:45:58.975667+05:30	f	{"fields": [], "sections": [{"fields": [{"name": "rca_method", "type": "select", "label": "Analysis Method Used", "fields": [], "dynamic": false, "options": ["5 Why", "Fishbone", "Pareto", "FTA"], "type_id": 8, "required": true, "end_point": null, "validation": {"isMultiple": false, "maxSelection": 1, "minSelection": 1}}, {"name": "systemic_cause", "type": "textarea", "label": "Systemic Cause (if any)", "fields": [], "dynamic": false, "options": [], "type_id": 2, "required": false, "end_point": null, "validation": {"pattern": "", "maxLength": 100, "minLength": 1}}, {"name": "root_cause_risk", "type": "select", "label": "Risk Assessment", "fields": [], "dynamic": false, "options": ["High", "Medium", "Low"], "type_id": 8, "required": true, "end_point": null, "validation": {"isMultiple": false, "maxSelection": 1, "minSelection": 1}}, {"name": "rca_attachments", "type": "file", "label": "Attachments", "fields": [], "dynamic": false, "options": [], "type_id": 11, "required": false, "end_point": null, "validation": {"fileType": "pdf,doc,txt", "isMultiple": false, "maxFileSize": 10}}], "section_name": "Root Cause Analysis"}]}	5
6	2025-10-03 18:49:56.641642+05:30	2025-10-03 18:49:56.641716+05:30	f	{"fields": [], "sections": [{"fields": [{"name": "corrective_plan", "type": "textarea", "label": "Corrective Action Proposed", "fields": [], "dynamic": false, "options": [], "type_id": 2, "required": true, "end_point": null, "validation": {"pattern": "", "maxLength": 100, "minLength": 1}}, {"name": "corrective_priority", "type": "select", "label": "Priority", "fields": [], "dynamic": false, "options": ["High", "Medium", "Low"], "type_id": 8, "required": true, "end_point": null, "validation": {"isMultiple": false, "maxSelection": 1, "minSelection": 1}}, {"name": "corrective_resources", "type": "textarea", "label": "Resources Needed", "fields": [], "dynamic": false, "options": [], "type_id": 2, "required": true, "end_point": null, "validation": {"pattern": "", "maxLength": 100, "minLength": 1}}], "section_name": "Corrective Action Plan"}]}	6
7	2025-10-03 18:52:18.617773+05:30	2025-10-03 18:52:18.617791+05:30	f	{"fields": [], "sections": [{"fields": [{"name": "action_done", "type": "textarea", "label": "Action Implemented", "fields": [], "dynamic": false, "options": [], "type_id": 2, "required": true, "end_point": null, "validation": {"pattern": "", "maxLength": 100, "minLength": 1}}, {"name": "implementation_date", "type": "date", "label": "Date of Implementation", "fields": [], "dynamic": false, "options": [], "type_id": 4, "required": true, "end_point": null, "validation": {"maxDate": "", "minDate": ""}}, {"name": "implementation_evidence", "type": "file", "label": "Evidence/Attachments", "fields": [], "dynamic": false, "options": [], "type_id": 11, "required": false, "end_point": null, "validation": {"fileType": "pdf,doc,txt", "isMultiple": false, "maxFileSize": 10}}], "section_name": "Action Implementation"}]}	7
8	2025-10-03 18:55:07.745648+05:30	2025-10-03 18:55:07.745665+05:30	f	{"fields": [], "sections": [{"fields": [{"name": "verification_method", "type": "select", "label": "Verification Method", "fields": [], "dynamic": false, "options": ["Audit", "SPC", "Inspetion", "Customer Approval"], "type_id": 8, "required": true, "end_point": null, "validation": {"isMultiple": false, "maxSelection": 1, "minSelection": 1}}, {"name": "verification_result", "type": "radio", "label": "Verification Result", "fields": [], "dynamic": false, "options": ["Effective", "Not Effective"], "type_id": 9, "required": true, "end_point": null, "validation": {}}, {"name": "verification_attachments", "type": "file", "label": "Attachments", "fields": [], "dynamic": false, "options": [], "type_id": 11, "required": true, "end_point": null, "validation": {"fileType": "pdf,doc,txt", "isMultiple": false, "maxFileSize": 10}}], "section_name": "Effectiveness Verification"}]}	8
9	2025-10-03 18:58:23.100788+05:30	2025-10-03 18:58:23.100849+05:30	f	{"fields": [], "sections": [{"fields": [{"name": "risk_analysis", "type": "select", "label": "Similar Risk Analysis", "fields": [], "dynamic": false, "options": ["Yes", "No", ""], "type_id": 8, "required": false, "end_point": null, "validation": {"isMultiple": false, "maxSelection": 1, "minSelection": 1}}, {"name": "preventive_action", "type": "textarea", "label": "Preventive Action Taken", "fields": [], "dynamic": false, "options": [], "type_id": 2, "required": false, "end_point": null, "validation": {"pattern": "", "maxLength": 100, "minLength": 1}}, {"name": "preventive_date", "type": "date", "label": "Completion Date", "fields": [], "dynamic": false, "options": [], "type_id": 4, "required": false, "end_point": null, "validation": {"maxDate": "", "minDate": ""}}, {"name": "preventive_evidence", "type": "file", "label": "Attachments", "fields": [], "dynamic": false, "options": [], "type_id": 11, "required": false, "end_point": null, "validation": {"fileType": "pdf,doc,txt", "isMultiple": false, "maxFileSize": 10}}], "section_name": "Preventive Action Details"}]}	9
10	2025-10-03 19:00:25.401457+05:30	2025-10-03 19:00:25.401492+05:30	f	{"fields": [], "sections": [{"fields": [{"name": "Closure Date", "type": "date", "label": "CAPA Closure Date", "fields": [], "dynamic": false, "options": [], "type_id": 4, "required": true, "end_point": null, "validation": {"maxDate": "", "minDate": ""}}, {"name": "customer_acknowledge", "type": "radio", "label": "Customer Acknowledgment", "fields": [], "dynamic": false, "options": ["Yes", "No"], "type_id": 9, "required": true, "end_point": null, "validation": {}}, {"name": "closure_attachments", "type": "file", "label": "Attachments", "fields": [], "dynamic": false, "options": [], "type_id": 11, "required": false, "end_point": null, "validation": {"fileType": "pdf,doc,txt", "isMultiple": false, "maxFileSize": 10}}], "section_name": "Closure Details"}]}	10
13	2025-10-03 19:15:58.868014+05:30	2025-10-07 12:45:22.177346+05:30	f	{"fields": [], "sections": [{"fields": [{"name": "Occurrence", "type": "select", "label": "Occurrence", "fields": [], "dynamic": false, "options": ["Rare", "Unlikely", "Possible", "Likely", "Frequent"], "type_id": 8, "required": false, "end_point": null, "validation": {"isMultiple": false, "maxSelection": 1, "minSelection": 1}}, {"name": "Detection", "type": "select", "label": "Detection", "fields": [], "dynamic": false, "options": ["Easily Detected", "Moderately Detected", "Hard to Detect", "Rarely Detected", "Not Detectable"], "type_id": 8, "required": false, "end_point": null, "validation": {"isMultiple": false, "maxSelection": 1, "minSelection": 1}}, {"name": "RPN Score", "type": "text", "label": "RPN Score", "fields": [], "dynamic": false, "options": [], "type_id": 1, "required": false, "end_point": null, "validation": {"pattern": "", "maxLength": 100, "minLength": 1}}, {"name": "Current Controls", "type": "textarea", "label": "Current Controls", "fields": [], "dynamic": false, "options": [], "type_id": 2, "required": false, "end_point": null, "validation": {"pattern": "", "maxLength": 10000, "minLength": 1}}], "section_name": "Risk Evaluation & Assessment Form"}]}	13
16	2025-10-06 11:10:47.639891+05:30	2025-10-06 11:10:50.202289+05:30	f	{"fields": [], "sections": [{"fields": [{"name": "respondible_party", "type": "select", "label": "Responsible Party", "fields": [], "dynamic": false, "options": ["Purchasing", "Inquirer"], "type_id": 8, "required": false, "end_point": null, "validation": {"isMultiple": false, "maxSelection": 1, "minSelection": 1}}, {"name": "collaborating_departments", "type": "select", "label": "Collaborating Departments", "fields": [], "dynamic": false, "options": ["Purchasing", "Inquirer"], "type_id": 8, "required": false, "end_point": null, "validation": {"isMultiple": true, "maxSelection": 5, "minSelection": 1}}, {"name": "item_category", "type": "select", "label": "Category of Supplied Item", "fields": [], "dynamic": false, "options": ["Category I", "Category II", "Category III"], "type_id": 8, "required": false, "end_point": null, "validation": {"isMultiple": false, "maxSelection": 1, "minSelection": 1}}, {"name": "cost_evaluation", "type": "number", "label": "Cost Evaluation", "fields": [], "dynamic": false, "options": [], "type_id": 3, "required": false, "end_point": null, "validation": {"max": "", "min": 0, "isInteger": false, "isPositive": true}}, {"name": "terms", "type": "textarea", "label": "Commercial Terms", "fields": [], "dynamic": false, "options": [], "type_id": 2, "required": false, "end_point": null, "validation": {"pattern": "", "maxLength": 100000, "minLength": 1}}, {"name": "supporting_documents", "type": "file", "label": "Supporting Documents", "fields": [], "dynamic": false, "options": [], "type_id": 11, "required": false, "end_point": null, "validation": {"fileType": "pdf,doc,txt", "isMultiple": false, "maxFileSize": 10}}, {"name": "comments", "type": "textarea", "label": "Comments", "fields": [], "dynamic": false, "options": [], "type_id": 2, "required": false, "end_point": null, "validation": {"pattern": "", "maxLength": 10000, "minLength": 1}}], "section_name": "Commercial Assessment"}]}	16
17	2025-10-06 11:25:00.655861+05:30	2025-10-06 11:25:03.101334+05:30	f	{"fields": [], "sections": [{"fields": [{"name": "supplier_name", "type": "text", "label": "Supplier Name", "fields": [], "dynamic": false, "options": [], "type_id": 1, "required": false, "end_point": null, "validation": {"pattern": "", "maxLength": 1000, "minLength": 1}}, {"name": "contact_person", "type": "text", "label": "Contact Person", "fields": [], "dynamic": false, "options": [], "type_id": 1, "required": false, "end_point": null, "validation": {"pattern": "", "maxLength": 10000, "minLength": 1}}, {"name": "address", "type": "text", "label": "Address", "fields": [], "dynamic": false, "options": [], "type_id": 1, "required": false, "end_point": null, "validation": {"pattern": "", "maxLength": 10000, "minLength": 1}}, {"name": "scope_of_supply", "type": "text", "label": "Scope of Supply", "fields": [], "dynamic": false, "options": [], "type_id": 1, "required": false, "end_point": null, "validation": {"pattern": "", "maxLength": 10000, "minLength": 1}}, {"name": "certifications", "type": "text", "label": "Certifications", "fields": [], "dynamic": false, "options": [], "type_id": 1, "required": false, "end_point": null, "validation": {"pattern": "", "maxLength": 10000, "minLength": 1}}, {"name": "manufacturing_capacity", "type": "number", "label": "Manufacturing Capacity", "fields": [], "dynamic": false, "options": [], "type_id": 3, "required": false, "end_point": null, "validation": {"max": "", "min": 0, "isInteger": false, "isPositive": true}}, {"name": "key_customers", "type": "text", "label": "Key Customers", "fields": [], "dynamic": false, "options": [], "type_id": 1, "required": false, "end_point": null, "validation": {"pattern": "", "maxLength": 10000, "minLength": 1}}, {"name": "risk_assessment", "type": "select", "label": "Risk Assessment", "fields": [], "dynamic": false, "options": ["Low", "Medium", "High"], "type_id": 8, "required": false, "end_point": null, "validation": {"isMultiple": false, "maxSelection": 1, "minSelection": 1}}], "section_name": "Supplier Details"}]}	17
14	2025-10-03 19:17:58.567932+05:30	2025-10-07 12:47:20.015081+05:30	f	{"fields": [], "sections": [{"fields": [{"name": "Action / Mitigation Plan", "type": "textarea", "label": "Action / Mitigation Plan", "fields": [], "dynamic": false, "options": [], "type_id": 2, "required": false, "end_point": null, "validation": {"pattern": "", "maxLength": 10000, "minLength": 1}}, {"name": "Responsible Person", "type": "text", "label": "Responsible Person", "fields": [], "dynamic": false, "options": [], "type_id": 1, "required": false, "end_point": null, "validation": {"pattern": "", "maxLength": 100, "minLength": 1}}, {"name": "Target Completion Date", "type": "date", "label": "Target Completion Date", "fields": [], "dynamic": false, "options": [], "type_id": 4, "required": false, "end_point": null, "validation": {"maxDate": "", "minDate": ""}}, {"name": "Status", "type": "select", "label": "Status", "fields": [], "dynamic": false, "options": ["Not Started", "In Progress", "Completed"], "type_id": 8, "required": false, "end_point": null, "validation": {"isMultiple": false, "maxSelection": 1, "minSelection": 1}}], "section_name": "Risk Control / Mitigation Plan Form"}]}	14
18	2025-10-06 11:50:40.010651+05:30	2025-10-06 11:50:48.319678+05:30	f	{"fields": [], "sections": [{"fields": [{"name": "business_continuity_risk", "type": "select", "label": "Business Continuity Risk", "fields": [], "dynamic": false, "options": ["Low", "Medium", "High"], "type_id": 8, "required": false, "end_point": null, "validation": {"isMultiple": false, "maxSelection": 1, "minSelection": 1}}, {"name": "quality_risk", "type": "select", "label": "Quality Risk", "fields": [], "dynamic": false, "options": ["Low", "Medium", "High"], "type_id": 8, "required": false, "end_point": null, "validation": {"isMultiple": false, "maxSelection": 1, "minSelection": 1}}, {"name": "financial_stability", "type": "select", "label": "Financial Stability", "fields": [], "dynamic": false, "options": ["Stable", "Moderate Risk", "High Risk"], "type_id": 8, "required": false, "end_point": null, "validation": {"isMultiple": false, "maxSelection": 1, "minSelection": 1}}, {"name": "geopolitical_risk", "type": "select", "label": "Geopolitical Risk", "fields": [], "dynamic": false, "options": ["Low", "Medium", "High"], "type_id": 8, "required": false, "end_point": null, "validation": {"isMultiple": false, "maxSelection": 1, "minSelection": 1}}, {"name": "overall_risk_rating", "type": "select", "label": "Overall Risk Rating", "fields": [], "dynamic": false, "options": ["Low", "Medium", "High", "Critical"], "type_id": 8, "required": false, "end_point": null, "validation": {"isMultiple": false, "maxSelection": 1, "minSelection": 1}}], "section_name": "Risk Evaluation"}]}	18
31	2025-10-06 13:37:49.104492+05:30	2025-10-06 13:37:49.104506+05:30	f	{"fields": [], "sections": [{"fields": [{"name": "Implementation Remarks ", "type": "textarea", "label": "Implementation Remarks ", "fields": [], "dynamic": false, "options": [], "type_id": 2, "required": false, "end_point": null, "validation": {"pattern": "", "maxLength": 100, "minLength": 1}}, {"name": "Actual Completion Date", "type": "date", "label": "Actual Completion Date", "fields": [], "dynamic": false, "options": [], "type_id": 4, "required": false, "end_point": null, "validation": {"maxDate": "", "minDate": ""}}, {"name": "Implementation Status", "type": "select", "label": "Implementation Status", "fields": [], "dynamic": false, "options": ["In-Progress", "Completed", "Deplayed"], "type_id": 8, "required": false, "end_point": null, "validation": {"isMultiple": false, "maxSelection": 1, "minSelection": 1}}, {"name": "Supporting Document ", "type": "file", "label": "Supporting Document ", "fields": [], "dynamic": false, "options": [], "type_id": 11, "required": false, "end_point": null, "validation": {"fileType": "pdf,doc,txt", "isMultiple": false, "maxFileSize": 10}}], "section_name": "Implementation"}]}	32
19	2025-10-06 11:58:53.667153+05:30	2025-10-06 12:00:58.819771+05:30	f	{"fields": [], "sections": [{"fields": [{"name": "quality_system", "type": "range", "label": "Quality System", "fields": [], "dynamic": false, "options": [], "type_id": 14, "required": true, "end_point": null, "validation": {"max": 10, "min": 0, "step": 1}}, {"name": "process_capability", "type": "range", "label": "Process Capability", "fields": [], "dynamic": false, "options": [], "type_id": 14, "required": true, "end_point": null, "validation": {"max": 10, "min": 0, "step": 1}}, {"name": "delivery", "type": "text", "label": "Delivery", "fields": [], "dynamic": false, "options": [], "type_id": 1, "required": true, "end_point": null, "validation": {"pattern": "", "maxLength": 1000, "minLength": 1}}, {"name": "cost", "type": "number", "label": "Cost", "fields": [], "dynamic": false, "options": [], "type_id": 3, "required": true, "end_point": null, "validation": {"max": "", "min": 0, "isInteger": false, "isPositive": false}}, {"name": "compliance", "type": "radio", "label": "Compliance", "fields": [], "dynamic": false, "options": ["Yes ", "No"], "type_id": 9, "required": true, "end_point": null, "validation": {}}, {"name": "overall_score", "type": "range", "label": "Overall Score", "fields": [], "dynamic": false, "options": [], "type_id": 14, "required": true, "end_point": null, "validation": {"max": 10, "min": 0, "step": 1}}], "section_name": "Evaluation Criteria"}, {"fields": [{"name": "qaa_signed", "type": "radio", "label": "QAA Signed", "fields": [], "dynamic": false, "options": ["Yes", "No"], "type_id": 9, "required": true, "end_point": null, "validation": {}}, {"name": "qaa_document", "type": "file", "label": "Upload Document", "fields": [], "dynamic": false, "options": [], "type_id": 11, "required": false, "end_point": null, "validation": {"fileType": "pdf,doc,txt,png,jpg", "isMultiple": true, "maxFileSize": 10}}], "section_name": "Quality Agreement"}]}	19
32	2025-10-06 13:39:31.666607+05:30	2025-10-06 13:39:31.66663+05:30	f	{"fields": [], "sections": [{"fields": [{"name": "Review Comments", "type": "textarea", "label": "Review Comments", "fields": [], "dynamic": false, "options": [], "type_id": 2, "required": false, "end_point": null, "validation": {"pattern": "", "maxLength": 100, "minLength": 1}}, {"name": "Final Closure Date ", "type": "date", "label": "Final Closure Date ", "fields": [], "dynamic": false, "options": [], "type_id": 4, "required": false, "end_point": null, "validation": {"maxDate": "", "minDate": ""}}, {"name": "Risk Mitigation Effective?", "type": "radio", "label": "Risk Mitigation Effective?", "fields": [], "dynamic": false, "options": ["Yes", "No"], "type_id": 9, "required": false, "end_point": null, "validation": {}}], "section_name": "Risk Review"}]}	33
36	2025-10-07 12:51:45.538176+05:30	2025-10-07 13:10:13.329917+05:30	f	{"fields": [], "sections": [{"fields": [{"name": "Auditor Name", "type": "text", "label": "Auditor Name", "fields": [], "dynamic": false, "options": [], "type_id": 1, "required": false, "end_point": null, "validation": {"pattern": "", "maxLength": 100, "minLength": 1}}, {"name": "scope of audit", "type": "textarea", "label": "Scope of audit", "fields": [], "dynamic": false, "options": [], "type_id": 2, "required": false, "end_point": null, "validation": {"pattern": "", "maxLength": 100, "minLength": 1}}, {"name": "Observation", "type": "textarea", "label": "Observation", "fields": [], "dynamic": false, "options": [], "type_id": 2, "required": false, "end_point": null, "validation": {"pattern": "", "maxLength": 100, "minLength": 1}}, {"name": "Evidence Collected", "type": "file", "label": "Evidence Collected", "fields": [], "dynamic": false, "options": [], "type_id": 11, "required": false, "end_point": null, "validation": {"fileType": "pdf,docx,txt", "isMultiple": false, "maxFileSize": 10}}, {"name": "Compliance Status", "type": "select", "label": "Compliance Status", "fields": [], "dynamic": false, "options": ["Compliant", "Major NC", "Minor NC", "Observation"], "type_id": 8, "required": false, "end_point": null, "validation": {"isMultiple": false, "maxSelection": 1, "minSelection": 1}}], "section_name": "Perform"}]}	38
38	2025-10-07 13:14:20.212392+05:30	2025-10-07 13:14:20.212406+05:30	f	{"fields": [], "sections": [{"fields": [{"name": "Review Date", "type": "date", "label": "Review Date", "fields": [], "dynamic": false, "options": [], "type_id": 4, "required": false, "end_point": null, "validation": {"maxDate": "", "minDate": ""}}, {"name": "Remarks", "type": "textarea", "label": "Remarks", "fields": [], "dynamic": false, "options": [], "type_id": 2, "required": false, "end_point": null, "validation": {"pattern": "", "maxLength": 100, "minLength": 1}}, {"name": "Attachment", "type": "file", "label": "Attachment", "fields": [], "dynamic": false, "options": [], "type_id": 11, "required": false, "end_point": null, "validation": {"fileType": "pdf,doc,txt", "isMultiple": false, "maxFileSize": 10}}], "section_name": "Review"}]}	40
25	2025-10-06 13:03:31.717757+05:30	2025-10-06 13:03:33.042429+05:30	f	{"fields": [], "sections": [{"fields": [{"name": "kpi_gaps", "type": "text", "label": "KPI Gaps", "fields": [], "dynamic": false, "options": [], "type_id": 1, "required": false, "end_point": null, "validation": {"pattern": "", "maxLength": 10000, "minLength": 1}}, {"name": "improvement_targets", "type": "text", "label": "Improvement Targets", "fields": [], "dynamic": false, "options": [], "type_id": 1, "required": false, "end_point": null, "validation": {"pattern": "", "maxLength": 10000, "minLength": 1}}, {"name": "action_items", "type": "text", "label": "Action Items", "fields": [], "dynamic": false, "options": [], "type_id": 1, "required": false, "end_point": null, "validation": {"pattern": "", "maxLength": 10000, "minLength": 1}}, {"name": "timeline", "type": "date_range", "label": "Timeline", "fields": [], "dynamic": false, "options": [], "type_id": 5, "required": false, "end_point": null, "validation": {"startDateBeforeOrEqualEndDate": true}}, {"name": "closure_verification", "type": "file", "label": "Closure Verification", "fields": [], "dynamic": false, "options": [], "type_id": 11, "required": false, "end_point": null, "validation": {"fileType": "pdf,doc,txt", "isMultiple": false, "maxFileSize": 1000}}], "section_name": "Development Plan"}]}	25
20	2025-10-06 12:09:37.679825+05:30	2025-10-06 12:13:25.156374+05:30	f	{"fields": [], "sections": [{"fields": [{"name": "suitable_provider", "type": "radio", "label": "Suitable Provider", "fields": [], "dynamic": false, "options": ["Yes", "No"], "type_id": 9, "required": false, "end_point": null, "validation": {}}, {"name": "decision_justification", "type": "text", "label": "Decision Justification", "fields": [], "dynamic": false, "options": [], "type_id": 1, "required": false, "end_point": null, "validation": {"pattern": "", "maxLength": 10000, "minLength": 1}}, {"name": "approval_status", "type": "select", "label": "Approval Status", "fields": [], "dynamic": false, "options": ["Approved", "Conditionally Approved", "Rejected", "On Hold"], "type_id": 8, "required": false, "end_point": null, "validation": {"isMultiple": false, "maxSelection": 1, "minSelection": 1}}], "section_name": "Selection Details"}, {"fields": [{"name": "frame_contract_signed", "type": "radio", "label": "Frame Contract Signed", "fields": [], "dynamic": false, "options": ["Yes", "No"], "type_id": 9, "required": false, "end_point": null, "validation": {}}, {"name": "contract_document", "type": "file", "label": "Contract Document", "fields": [], "dynamic": false, "options": [], "type_id": 11, "required": false, "end_point": null, "validation": {"fileType": "pdf,doc,txt,exl", "isMultiple": true, "maxFileSize": 100}}], "section_name": "Contract Info"}]}	20
27	2025-10-06 13:12:29.366492+05:30	2025-10-06 13:12:29.366511+05:30	f	{"fields": [], "sections": [{"fields": [{"name": "certification_validity", "type": "radio", "label": "Certification Validity", "fields": [], "dynamic": false, "options": ["Valid", "Invalid"], "type_id": 9, "required": true, "end_point": null, "validation": {}}, {"name": "kpi_trend_file", "type": "file", "label": "KPI Trend File", "fields": [], "dynamic": false, "options": [], "type_id": 11, "required": false, "end_point": null, "validation": {"fileType": "pdf,doc,txt,jpg,png,xlxs", "isMultiple": true, "maxFileSize": 10}}, {"name": "audit_report_review", "type": "file", "label": "Audit Report Review", "fields": [], "dynamic": false, "options": [], "type_id": 11, "required": false, "end_point": null, "validation": {"fileType": "pdf,doc,txt,png,jpg,xlxs", "isMultiple": true, "maxFileSize": 10}}, {"name": "new_risks", "type": "textarea", "label": "New Risks Identified", "fields": [], "dynamic": false, "options": [], "type_id": 2, "required": true, "end_point": null, "validation": {"pattern": "", "maxLength": 10000, "minLength": 1}}, {"name": "reapproval_status", "type": "select", "label": "Approval Status Decision", "fields": [], "dynamic": false, "options": ["Approved", "Conditional", "Rejected", "Phase-Out"], "type_id": 8, "required": true, "end_point": null, "validation": {"isMultiple": false, "maxSelection": 1, "minSelection": 1}}], "section_name": "Re-evaluation Summary"}]}	27
26	2025-10-06 13:05:48.262606+05:30	2025-10-06 13:14:09.536814+05:30	f	{"fields": [], "sections": [{"fields": [{"name": "supplier_name_exit", "type": "text", "label": "Supplier Name", "fields": [], "dynamic": false, "options": [], "type_id": 1, "required": false, "end_point": null, "validation": {"pattern": "", "maxLength": 10000, "minLength": 1}}, {"name": "removal_reason", "type": "text", "label": "Reason for Removal", "fields": [], "dynamic": false, "options": [], "type_id": 1, "required": false, "end_point": null, "validation": {"pattern": "", "maxLength": 100000, "minLength": 1}}, {"name": "risk_mitigation_plan", "type": "text", "label": "Risk Mitigation Plan", "fields": [], "dynamic": false, "options": [], "type_id": 1, "required": false, "end_point": null, "validation": {"pattern": "", "maxLength": 100000, "minLength": 1}}, {"name": "approval_authority", "type": "text", "label": "Approval Authority", "fields": [], "dynamic": false, "options": [], "type_id": 1, "required": false, "end_point": null, "validation": {"pattern": "", "maxLength": 100000, "minLength": 1}}, {"name": "exit_date", "type": "date", "label": "Exit Date", "fields": [], "dynamic": false, "options": [], "type_id": 4, "required": false, "end_point": null, "validation": {"maxDate": "", "minDate": ""}}], "section_name": "Exit Record"}]}	26
29	2025-10-06 13:32:40.596167+05:30	2025-10-06 13:32:40.596179+05:30	f	{"fields": [], "sections": [{"fields": [{"name": "Risk Justification", "type": "textarea", "label": "Risk Justification", "fields": [], "dynamic": false, "options": [], "type_id": 2, "required": false, "end_point": null, "validation": {"pattern": "", "maxLength": 100, "minLength": 1}}, {"name": "Risk Rating", "type": "range", "label": "Risk Rating", "fields": [], "dynamic": false, "options": [], "type_id": 14, "required": false, "end_point": null, "validation": {"max": 10, "min": 0, "step": 1}}, {"name": "Risk Category ", "type": "select", "label": "Risk Category ", "fields": [], "dynamic": false, "options": ["Operational", "Safty", "Regulatory", "Financial"], "type_id": 8, "required": false, "end_point": null, "validation": {"isMultiple": false, "maxSelection": 1, "minSelection": 1}}, {"name": "Impact ", "type": "select", "label": "Impact ", "fields": [], "dynamic": false, "options": ["Low", "Medium", "High"], "type_id": 8, "required": false, "end_point": null, "validation": {"isMultiple": false, "maxSelection": 1, "minSelection": 1}}, {"name": "Likelihood", "type": "select", "label": "Likelihood", "fields": [], "dynamic": false, "options": ["Low", "Medium", "High"], "type_id": 8, "required": false, "end_point": null, "validation": {"isMultiple": false, "maxSelection": 1, "minSelection": 1}}], "section_name": "Risk Assessment Details"}]}	30
21	2025-10-06 12:20:05.150615+05:30	2025-10-06 12:24:53.127824+05:30	f	{"fields": [], "sections": [{"fields": [{"name": "order_id", "type": "text", "label": "Order ID", "fields": [], "dynamic": false, "options": [], "type_id": 1, "required": true, "end_point": null, "validation": {"pattern": "", "maxLength": 10000, "minLength": 1}}, {"name": "sample_lot_size", "type": "number", "label": "Sample Lot Size", "fields": [], "dynamic": false, "options": [], "type_id": 3, "required": true, "end_point": null, "validation": {"max": "", "min": 0, "isInteger": false, "isPositive": true}}, {"name": "test_results", "type": "file", "label": "Test Results", "fields": [], "dynamic": false, "options": [], "type_id": 11, "required": false, "end_point": null, "validation": {"fileType": "pdf,doc,txt", "isMultiple": true, "maxFileSize": 10}}, {"name": "non_conformities", "type": "textarea", "label": "Non Conformities", "fields": [], "dynamic": false, "options": [], "type_id": 2, "required": false, "end_point": null, "validation": {"pattern": "", "maxLength": 1000, "minLength": 1}}], "section_name": "First Sample"}, {"fields": [{"name": "audit_results", "type": "textarea", "label": "Audit Results", "fields": [], "dynamic": false, "options": [], "type_id": 2, "required": true, "end_point": null, "validation": {"pattern": "", "maxLength": 1500, "minLength": 1}}, {"name": "approval_documents", "type": "file", "label": "Documentations", "fields": [], "dynamic": false, "options": [], "type_id": 11, "required": false, "end_point": null, "validation": {"fileType": "pdf,doc,txt", "isMultiple": true, "maxFileSize": 10}}], "section_name": "Run Approval"}]}	21
22	2025-10-06 12:35:55.321211+05:30	2025-10-06 12:35:58.754636+05:30	f	{"fields": [], "sections": [{"fields": [{"name": "quality_agreement_signed", "type": "radio", "label": "Quality Agreement Signed", "fields": [], "dynamic": false, "options": ["Yes", "No"], "type_id": 9, "required": true, "end_point": null, "validation": {}}, {"name": "nda_signed", "type": "radio", "label": "NDA signed", "fields": [], "dynamic": false, "options": ["Yes", "No"], "type_id": 9, "required": true, "end_point": null, "validation": {}}, {"name": "erp_access_granted", "type": "radio", "label": "ERP Access Granted", "fields": [], "dynamic": false, "options": ["Yes", "No"], "type_id": 9, "required": true, "end_point": null, "validation": {}}, {"name": "supplier_code", "type": "text", "label": "Supplier Code Assigned", "fields": [], "dynamic": false, "options": [], "type_id": 1, "required": true, "end_point": null, "validation": {"pattern": "", "maxLength": 100, "minLength": 1}}], "section_name": "Onboarding Checklist"}]}	22
24	2025-10-06 12:51:12.010696+05:30	2025-10-06 12:56:45.302494+05:30	f	{"fields": [], "sections": [{"fields": [{"name": "defect_description", "type": "textarea", "label": "Defect Description", "fields": [], "dynamic": false, "options": [], "type_id": 2, "required": false, "end_point": null, "validation": {"pattern": "", "maxLength": 10000, "minLength": 1}}, {"name": "quantity_affected", "type": "number", "label": "Quantity Affected", "fields": [], "dynamic": false, "options": [], "type_id": 3, "required": false, "end_point": null, "validation": {"max": "", "min": 0, "isInteger": false, "isPositive": true}}, {"name": "ncr_photos", "type": "image", "label": "Photos/Proof", "fields": [], "dynamic": false, "options": [], "type_id": 12, "required": false, "end_point": null, "validation": {"isMultiple": true, "resolution": "1920x1080", "aspectRatio": "16:9", "maxFileSize": 100}}], "section_name": "Non-Conformance Report (NCR)"}, {"fields": [{"name": "scar_no", "type": "text", "label": "SCAR No.", "fields": [], "dynamic": false, "options": [], "type_id": 1, "required": false, "end_point": null, "validation": {"pattern": "", "maxLength": 1000, "minLength": 1}}, {"name": "issue_description", "type": "textarea", "label": "Issue Description", "fields": [], "dynamic": false, "options": [], "type_id": 2, "required": false, "end_point": null, "validation": {"pattern": "", "maxLength": 10000, "minLength": 1}}, {"name": "root_cause", "type": "text", "label": "Root Cause", "fields": [], "dynamic": false, "options": [], "type_id": 1, "required": false, "end_point": null, "validation": {"pattern": "", "maxLength": 10000, "minLength": 1}}, {"name": "corrective_action", "type": "text", "label": "Corrective Action", "fields": [], "dynamic": false, "options": [], "type_id": 1, "required": false, "end_point": null, "validation": {"pattern": "", "maxLength": 10000, "minLength": 1}}, {"name": "target_date", "type": "date", "label": "Target Date", "fields": [], "dynamic": false, "options": [], "type_id": 4, "required": false, "end_point": null, "validation": {"maxDate": "", "minDate": ""}}, {"name": "verification_proof", "type": "file", "label": "Verification Proof", "fields": [], "dynamic": false, "options": [], "type_id": 11, "required": false, "end_point": null, "validation": {"fileType": "pdf,doc,txt,exl", "isMultiple": true, "maxFileSize": 100}}], "section_name": "SCAR"}]}	24
23	2025-10-06 12:43:21.281298+05:30	2025-10-06 12:47:20.000448+05:30	f	{"fields": [], "sections": [{"fields": [{"name": "month", "type": "select", "label": "Month", "fields": [], "dynamic": false, "options": ["Jan", "Feb", "March", "April", "May", "June", "July", "Aug", "Sept", "Oct", "Nov", "Dec"], "type_id": 8, "required": true, "end_point": null, "validation": {"isMultiple": false, "maxSelection": 1, "minSelection": 1}}, {"name": "ppm", "type": "number", "label": "PPM (Defect Rate)", "fields": [], "dynamic": false, "options": [], "type_id": 3, "required": true, "end_point": null, "validation": {"max": 10000, "min": 0, "isInteger": false, "isPositive": true}}, {"name": "otd_percentage", "type": "number", "label": "On-Time Delivery %", "fields": [], "dynamic": false, "options": [], "type_id": 3, "required": true, "end_point": null, "validation": {"max": 100, "min": 0, "isInteger": false, "isPositive": true}}, {"name": "audit_score", "type": "range", "label": "Audit Score", "fields": [], "dynamic": false, "options": [], "type_id": 14, "required": true, "end_point": null, "validation": {"max": 100, "min": 0, "step": 1}}, {"name": "complaints", "type": "number", "label": "Complaints", "fields": [], "dynamic": false, "options": [], "type_id": 3, "required": false, "end_point": null, "validation": {"max": "", "min": 0, "isInteger": false, "isPositive": true}}, {"name": "status", "type": "select", "label": "Status", "fields": [], "dynamic": false, "options": ["Approved", "Conditional", "Rejected"], "type_id": 8, "required": true, "end_point": null, "validation": {"isMultiple": false, "maxSelection": 1, "minSelection": 1}}], "section_name": "Supplier Performance Scorecard"}, {"fields": [{"name": "audit_type", "type": "select", "label": "Audit Type", "fields": [], "dynamic": false, "options": ["Internal Audit", "Supplier Self-Audit", "Process Audit", "System Audit", "Product Audit", "Customer Audit", "Regulatory / Compliance Audit"], "type_id": 8, "required": true, "end_point": null, "validation": {"isMultiple": false, "maxSelection": 1, "minSelection": 1}}, {"name": "findings_summary", "type": "textarea", "label": "Findings Summary", "fields": [], "dynamic": false, "options": [], "type_id": 2, "required": false, "end_point": null, "validation": {"pattern": "", "maxLength": 5000, "minLength": 1}}, {"name": "attach_report", "type": "file", "label": "Attach Report", "fields": [], "dynamic": false, "options": [], "type_id": 11, "required": false, "end_point": null, "validation": {"fileType": "pdf,doc,txt,png,jpg", "isMultiple": true, "maxFileSize": 10}}], "section_name": "Audit Record"}]}	23
28	2025-10-06 13:22:38.666871+05:30	2025-10-06 13:22:38.666892+05:30	f	{"fields": [], "sections": [{"fields": [{"name": "Risk Title", "type": "text", "label": "Risk Title", "fields": [], "dynamic": false, "options": [], "type_id": 1, "required": true, "end_point": null, "validation": {"pattern": "", "maxLength": 100, "minLength": 1}}, {"name": "Risk Description", "type": "textarea", "label": "Risk Description", "fields": [], "dynamic": false, "options": [], "type_id": 2, "required": true, "end_point": null, "validation": {"pattern": "", "maxLength": 100, "minLength": 1}}, {"name": "Risk Source", "type": "select", "label": "Risk Source", "fields": [], "dynamic": false, "options": ["Process", "Audit", "Complaint"], "type_id": 8, "required": true, "end_point": null, "validation": {"isMultiple": false, "maxSelection": 1, "minSelection": 1}}, {"name": "Date Identified", "type": "date", "label": "Date Identified", "fields": [], "dynamic": false, "options": [], "type_id": 4, "required": false, "end_point": null, "validation": {"maxDate": "", "minDate": ""}}, {"name": "Attachment ", "type": "file", "label": "Attachment ", "fields": [], "dynamic": false, "options": [], "type_id": 11, "required": false, "end_point": null, "validation": {"fileType": "pdf,doc,txt", "isMultiple": false, "maxFileSize": 10}}], "section_name": "Risk Details"}]}	29
30	2025-10-06 13:35:18.870804+05:30	2025-10-06 13:35:18.870853+05:30	f	{"fields": [], "sections": [{"fields": [{"name": "Treatment Plan", "type": "text", "label": "Treatment Plan", "fields": [], "dynamic": false, "options": [], "type_id": 1, "required": false, "end_point": null, "validation": {"pattern": "", "maxLength": 100, "minLength": 1}}, {"name": "Target Completion Date", "type": "date", "label": "Target Completion Date", "fields": [], "dynamic": false, "options": [], "type_id": 4, "required": false, "end_point": null, "validation": {"maxDate": "", "minDate": ""}}, {"name": "Treatment Type", "type": "select", "label": "Treatment Type", "fields": [], "dynamic": false, "options": ["Mitigate", "Transfer", "Accept", "Avoid"], "type_id": 8, "required": false, "end_point": null, "validation": {"isMultiple": false, "maxSelection": 1, "minSelection": 1}}], "section_name": "Action Planning"}]}	31
11	2025-10-03 19:08:22.986418+05:30	2025-10-07 12:37:46.017349+05:30	f	{"fields": [], "sections": [{"fields": [{"name": "Risk Title", "type": "text", "label": "Risk Title", "fields": [], "dynamic": false, "options": [], "type_id": 1, "required": false, "end_point": null, "validation": {"pattern": "", "maxLength": 100, "minLength": 1}}, {"name": "Department", "type": "select", "label": "Department", "fields": [], "dynamic": false, "options": ["Microbiology", "QA", "QC", "Warehouse", "Production"], "type_id": 8, "required": false, "end_point": null, "validation": {"isMultiple": false, "maxSelection": 1, "minSelection": 1}}, {"name": "Risk Category", "type": "select", "label": "Risk Category", "fields": [], "dynamic": false, "options": ["Product Quality", "Equipment Failure", "Safety", "Environmental", "Data Integrity"], "type_id": 8, "required": false, "end_point": null, "validation": {"isMultiple": false, "maxSelection": 1, "minSelection": 1}}, {"name": "Description", "type": "textarea", "label": "Description", "fields": [], "dynamic": false, "options": [], "type_id": 2, "required": false, "end_point": null, "validation": {"pattern": "", "maxLength": 10000, "minLength": 1}}], "section_name": "Initiation"}]}	11
33	2025-10-07 12:32:42.597867+05:30	2025-10-07 12:39:53.82034+05:30	f	{"fields": [], "sections": [{"fields": [{"name": "Title", "type": "text", "label": "Title", "fields": [], "dynamic": false, "options": [], "type_id": 1, "required": true, "end_point": null, "validation": {"pattern": "", "maxLength": 100, "minLength": 1}}], "section_name": "Planning"}]}	34
12	2025-10-03 19:14:13.702027+05:30	2025-10-07 12:41:58.466191+05:30	f	{"fields": [], "sections": [{"fields": [{"name": "Source of Risk", "type": "textarea", "label": "Source of Risk", "fields": [], "dynamic": false, "options": [], "type_id": 2, "required": false, "end_point": null, "validation": {"pattern": "", "maxLength": 10000, "minLength": 1}}, {"name": "Potential Impact Area", "type": "select", "label": "Potential Impact Area", "fields": [], "dynamic": false, "options": ["Product Quality", "Patient Safety", "Compliance", "Environment"], "type_id": 8, "required": false, "end_point": null, "validation": {"isMultiple": false, "maxSelection": 1, "minSelection": 1}}, {"name": "Severity", "type": "radio", "label": "Severity", "fields": [], "dynamic": false, "options": ["Minor", "Moderate", "Major", "Critical"], "type_id": 9, "required": false, "end_point": null, "validation": {}}, {"name": "Identified By", "type": "text", "label": "Identified By", "fields": [], "dynamic": false, "options": [], "type_id": 1, "required": false, "end_point": null, "validation": {"pattern": "", "maxLength": 100, "minLength": 1}}], "section_name": "Risk Identification Form"}]}	12
34	2025-10-07 12:45:19.908408+05:30	2025-10-07 12:45:30.720502+05:30	f	{"fields": [], "sections": [{"fields": [{"name": "Department", "type": "select", "label": "Department", "fields": [], "dynamic": true, "options": [], "type_id": 21, "required": false, "end_point": "/api/get_department_designation_role/department/?source=dropdown", "validation": {"isMultiple": false, "maxSelection": 1, "minSelection": 1}}], "section_name": "Planning"}]}	36
35	2025-10-07 12:46:28.136025+05:30	2025-10-07 12:47:23.464929+05:30	f	{"fields": [], "sections": [{"fields": [{"name": "Title", "type": "text", "label": "Title", "fields": [], "dynamic": false, "options": [], "type_id": 1, "required": true, "end_point": null, "validation": {"pattern": "", "maxLength": 100, "minLength": 1}}, {"name": "department", "type": "select", "label": "Department", "fields": [], "dynamic": true, "options": [], "type_id": 21, "required": false, "end_point": "/get_department_designation_role/department/?source=dropdown", "validation": {"isMultiple": false, "maxSelection": 1, "minSelection": 1}}, {"name": "Audit Date", "type": "date", "label": "Audit Date", "fields": [], "dynamic": false, "options": [], "type_id": 4, "required": false, "end_point": null, "validation": {"maxDate": "", "minDate": ""}}], "section_name": "Planning"}]}	37
15	2025-10-03 19:21:22.026394+05:30	2025-10-07 12:49:51.864101+05:30	f	{"fields": [], "sections": [{"fields": [{"name": "rpn", "type": "text", "label": "Post-Mitigation RPN", "fields": [], "dynamic": false, "options": [], "type_id": 1, "required": false, "end_point": null, "validation": {"pattern": "", "maxLength": 100, "minLength": 1}}, {"name": "effectiveness_verification", "type": "select", "label": "Verification of Effectiveness", "fields": [], "dynamic": false, "options": ["Effective", "Not Effective"], "type_id": 8, "required": false, "end_point": null, "validation": {"isMultiple": false, "maxSelection": 1, "minSelection": 1}}, {"name": "final_approvar", "type": "text", "label": "Final Approval By", "fields": [], "dynamic": false, "options": [], "type_id": 1, "required": false, "end_point": null, "validation": {"pattern": "", "maxLength": 100, "minLength": 1}}, {"name": "Residual Risk Level", "type": "select", "label": "Residual Risk Level", "fields": [], "dynamic": false, "options": ["Low", "Medium", "High"], "type_id": 8, "required": false, "end_point": null, "validation": {"isMultiple": false, "maxSelection": 1, "minSelection": 1}}, {"name": "Effectiveness", "type": "select", "label": "Effectiveness", "fields": [], "dynamic": false, "options": ["Effective", "Ineffective", "Requires Follow-up"], "type_id": 8, "required": false, "end_point": null, "validation": {"isMultiple": false, "maxSelection": 1, "minSelection": 1}}], "section_name": "Risk Review & Closure Form"}]}	15
37	2025-10-07 13:11:41.055568+05:30	2025-10-07 13:11:41.055586+05:30	f	{"fields": [], "sections": [{"fields": [{"name": "Audit Summary", "type": "textarea", "label": "Audit Summary", "fields": [], "dynamic": false, "options": [], "type_id": 2, "required": false, "end_point": null, "validation": {"pattern": "", "maxLength": 100, "minLength": 1}}, {"name": "Root Cause", "type": "textarea", "label": "Root Cause", "fields": [], "dynamic": false, "options": [], "type_id": 2, "required": false, "end_point": null, "validation": {"pattern": "", "maxLength": 100, "minLength": 1}}, {"name": "Report File", "type": "file", "label": "Report File", "fields": [], "dynamic": false, "options": [], "type_id": 11, "required": false, "end_point": null, "validation": {"fileType": "pdf,docx,txt", "isMultiple": false, "maxFileSize": 10}}], "section_name": "Submit Report"}]}	39
39	2025-10-07 13:47:18.596967+05:30	2025-10-07 13:47:18.597008+05:30	f	{"fields": [], "sections": [{"fields": [{"name": "Title", "type": "text", "label": "Title", "fields": [], "dynamic": false, "options": [], "type_id": 1, "required": false, "end_point": null, "validation": {"pattern": "", "maxLength": 100, "minLength": 1}}, {"name": "Department", "type": "select", "label": "Department", "fields": [], "dynamic": false, "options": ["Production", "QA", "Warehouse", "R&D", "Microbiology"], "type_id": 8, "required": false, "end_point": null, "validation": {"isMultiple": false, "maxSelection": 1, "minSelection": 1}}, {"name": "Reported By", "type": "text", "label": "Reported By", "fields": [], "dynamic": false, "options": [], "type_id": 1, "required": false, "end_point": null, "validation": {"pattern": "", "maxLength": 100, "minLength": 1}}, {"name": "Description", "type": "textarea", "label": "Description", "fields": [], "dynamic": false, "options": [], "type_id": 2, "required": false, "end_point": null, "validation": {"pattern": "", "maxLength": 10000, "minLength": 1}}], "section_name": "Deviation / NC Initiation Form"}]}	41
40	2025-10-07 13:50:04.797253+05:30	2025-10-07 13:50:04.797265+05:30	f	{"fields": [], "sections": [{"fields": [{"name": "Title", "type": "text", "label": "Title", "fields": [], "dynamic": false, "options": [], "type_id": 1, "required": false, "end_point": null, "validation": {"pattern": "", "maxLength": 100, "minLength": 1}}, {"name": "Initiated by", "type": "text", "label": "Initiated by", "fields": [], "dynamic": false, "options": [], "type_id": 1, "required": false, "end_point": null, "validation": {"pattern": "", "maxLength": 100, "minLength": 1}}, {"name": "Initiation Date", "type": "date", "label": "Initiation Date", "fields": [], "dynamic": false, "options": [], "type_id": 4, "required": false, "end_point": null, "validation": {"maxDate": "", "minDate": ""}}, {"name": "Department", "type": "select", "label": "Department", "fields": [], "dynamic": true, "options": [], "type_id": 21, "required": false, "end_point": "/config/get_department_designation_role/department/?source=dropdown", "validation": {"isMultiple": false, "maxSelection": 1, "minSelection": 1}}, {"name": "Attachments", "type": "file", "label": "Attachments", "fields": [], "dynamic": false, "options": [], "type_id": 11, "required": false, "end_point": null, "validation": {"fileType": "pdf", "isMultiple": false, "maxFileSize": 10}}], "section_name": "Initiation"}]}	42
41	2025-10-07 13:50:35.303013+05:30	2025-10-07 13:50:35.303027+05:30	f	{"fields": [], "sections": [{"fields": [{"name": "Problem Statement", "type": "textarea", "label": "Problem Statement", "fields": [], "dynamic": false, "options": [], "type_id": 2, "required": false, "end_point": null, "validation": {"pattern": "", "maxLength": 10000, "minLength": 1}}, {"name": "Impact Area", "type": "select", "label": "Impact Area", "fields": [], "dynamic": false, "options": ["Product Quality", "GMP Compliance", "Safety", "Data Integrity", "Environment"], "type_id": 8, "required": false, "end_point": null, "validation": {"isMultiple": false, "maxSelection": 1, "minSelection": 1}}, {"name": "Severity Level", "type": "select", "label": "Severity Level", "fields": [], "dynamic": false, "options": ["Minor", "Major", "Critical"], "type_id": 8, "required": false, "end_point": null, "validation": {"isMultiple": false, "maxSelection": 1, "minSelection": 1}}, {"name": "Initial Assessment Summary", "type": "textarea", "label": "Initial Assessment Summary", "fields": [], "dynamic": false, "options": [], "type_id": 2, "required": false, "end_point": null, "validation": {"pattern": "", "maxLength": 10000, "minLength": 1}}], "section_name": "Problem Identification & Initial Assessment"}]}	43
42	2025-10-07 13:52:19.956275+05:30	2025-10-07 13:52:19.956315+05:30	f	{"fields": [], "sections": [{"fields": [{"name": "Disposition Action Taken", "type": "text", "label": "Disposition Action Taken", "fields": [], "dynamic": false, "options": [], "type_id": 1, "required": false, "end_point": null, "validation": {"pattern": "", "maxLength": 100, "minLength": 1}}, {"name": "Responsible Person", "type": "text", "label": "Responsible Person", "fields": [], "dynamic": false, "options": [], "type_id": 1, "required": false, "end_point": null, "validation": {"pattern": "", "maxLength": 100, "minLength": 1}}, {"name": "Date of Action", "type": "date", "label": "Date of Action", "fields": [], "dynamic": false, "options": [], "type_id": 4, "required": false, "end_point": null, "validation": {"maxDate": "", "minDate": ""}}], "section_name": "Immediate / Disposition Action"}]}	45
43	2025-10-07 13:53:37.681305+05:30	2025-10-07 13:53:37.68132+05:30	f	{"fields": [], "sections": [{"fields": [{"name": "Description", "type": "textarea", "label": "Description", "fields": [], "dynamic": false, "options": [], "type_id": 2, "required": false, "end_point": null, "validation": {"pattern": "", "maxLength": 100, "minLength": 1}}, {"name": "Product Reference", "type": "text", "label": "Product Reference", "fields": [], "dynamic": false, "options": [], "type_id": 1, "required": false, "end_point": null, "validation": {"pattern": "", "maxLength": 100, "minLength": 1}}, {"name": "Containment Action", "type": "textarea", "label": "Containment Action", "fields": [], "dynamic": false, "options": [], "type_id": 2, "required": false, "end_point": null, "validation": {"pattern": "", "maxLength": 100, "minLength": 1}}, {"name": "Responsible Person", "type": "text", "label": "Responsible Person", "fields": [], "dynamic": false, "options": [], "type_id": 1, "required": false, "end_point": null, "validation": {"pattern": "", "maxLength": 100, "minLength": 1}}], "section_name": "Identification and Containment"}]}	44
44	2025-10-07 13:56:39.70919+05:30	2025-10-07 13:56:39.709202+05:30	f	{"fields": [], "sections": [{"fields": [{"name": "Root Cause Method Used", "type": "select", "label": "Root Cause Method Used", "fields": [], "dynamic": false, "options": ["5 Why", "Fishbone Diagram", "Brainstorming", "FMEA"], "type_id": 8, "required": false, "end_point": null, "validation": {"isMultiple": false, "maxSelection": 1, "minSelection": 1}}, {"name": "Identified Root Cause", "type": "textarea", "label": "Identified Root Cause", "fields": [], "dynamic": false, "options": [], "type_id": 2, "required": false, "end_point": null, "validation": {"pattern": "", "maxLength": 10000, "minLength": 1}}, {"name": "Contributing Factors", "type": "textarea", "label": "Contributing Factors", "fields": [], "dynamic": false, "options": [], "type_id": 2, "required": false, "end_point": null, "validation": {"pattern": "", "maxLength": 10000, "minLength": 1}}, {"name": "Analyzed By", "type": "text", "label": "Analyzed By", "fields": [], "dynamic": false, "options": [], "type_id": 1, "required": false, "end_point": null, "validation": {"pattern": "", "maxLength": 100, "minLength": 1}}], "section_name": "Root Cause Analysis "}]}	46
45	2025-10-07 13:56:43.105352+05:30	2025-10-07 13:56:43.105392+05:30	f	{"fields": [], "sections": [{"fields": [{"name": "Root Cause Method Used", "type": "select", "label": "Root Cause Method Used", "fields": [], "dynamic": false, "options": ["5 Whys", "Fishbone", "Brainstroming"], "type_id": 8, "required": false, "end_point": null, "validation": {"isMultiple": false, "maxSelection": 1, "minSelection": 1}}, {"name": "Root Cause Summary", "type": "textarea", "label": "Root Cause Summary", "fields": [], "dynamic": false, "options": [], "type_id": 2, "required": false, "end_point": null, "validation": {"pattern": "", "maxLength": 100, "minLength": 1}}, {"name": "Corrective Action Plan", "type": "textarea", "label": "Corrective Action Plan", "fields": [], "dynamic": false, "options": [], "type_id": 2, "required": false, "end_point": null, "validation": {"pattern": "", "maxLength": 100, "minLength": 1}}, {"name": "Preventive Action Plan", "type": "textarea", "label": "Preventive Action Plan", "fields": [], "dynamic": false, "options": [], "type_id": 2, "required": false, "end_point": null, "validation": {"pattern": "", "maxLength": 100, "minLength": 1}}, {"name": "Target Completion Date", "type": "date", "label": "Target Completion Date", "fields": [], "dynamic": false, "options": [], "type_id": 4, "required": false, "end_point": null, "validation": {"maxDate": "", "minDate": ""}}], "section_name": "Planning"}]}	47
46	2025-10-07 13:58:33.827808+05:30	2025-10-07 13:58:33.827825+05:30	f	{"fields": [], "sections": [{"fields": [{"name": "Verification Method", "type": "text", "label": "Verification Method", "fields": [], "dynamic": false, "options": [], "type_id": 1, "required": false, "end_point": null, "validation": {"pattern": "", "maxLength": 100, "minLength": 1}}, {"name": "Verified By", "type": "text", "label": "Verified By", "fields": [], "dynamic": false, "options": [], "type_id": 1, "required": false, "end_point": null, "validation": {"pattern": "", "maxLength": 100, "minLength": 1}}, {"name": "Verification Date", "type": "date", "label": "Verification Date", "fields": [], "dynamic": false, "options": [], "type_id": 4, "required": false, "end_point": null, "validation": {"maxDate": "", "minDate": ""}}, {"name": "QA Review Remarks", "type": "textarea", "label": "QA Review Remarks", "fields": [], "dynamic": false, "options": [], "type_id": 2, "required": false, "end_point": null, "validation": {"pattern": "", "maxLength": 10000, "minLength": 1}}], "section_name": "Verification of Root Cause"}]}	49
47	2025-10-07 13:59:28.361841+05:30	2025-10-07 13:59:28.361879+05:30	f	{"fields": [], "sections": [{"fields": [{"name": "Action Implemented", "type": "select", "label": "Action Implemented", "fields": [], "dynamic": false, "options": ["yes", "no"], "type_id": 8, "required": false, "end_point": null, "validation": {"isMultiple": false, "maxSelection": 1, "minSelection": 1}}, {"name": "Implementation Details", "type": "textarea", "label": "Implementation Details", "fields": [], "dynamic": false, "options": [], "type_id": 2, "required": false, "end_point": null, "validation": {"pattern": "", "maxLength": 100, "minLength": 1}}, {"name": "Verified By", "type": "text", "label": "Verified By", "fields": [], "dynamic": false, "options": [], "type_id": 1, "required": false, "end_point": null, "validation": {"pattern": "", "maxLength": 100, "minLength": 1}}, {"name": "Verification Date", "type": "date", "label": "Verification Date", "fields": [], "dynamic": false, "options": [], "type_id": 4, "required": false, "end_point": null, "validation": {"maxDate": "", "minDate": ""}}], "section_name": "Implementation & Verification"}]}	48
48	2025-10-07 14:00:14.172272+05:30	2025-10-07 14:00:14.172304+05:30	f	{"fields": [], "sections": [{"fields": [{"name": "Corrective Action", "type": "textarea", "label": "Corrective Action", "fields": [], "dynamic": false, "options": [], "type_id": 2, "required": false, "end_point": null, "validation": {"pattern": "", "maxLength": 10000, "minLength": 1}}, {"name": "Preventive Action", "type": "textarea", "label": "Preventive Action", "fields": [], "dynamic": false, "options": [], "type_id": 2, "required": false, "end_point": null, "validation": {"pattern": "", "maxLength": 10000, "minLength": 1}}, {"name": "Responsible Person", "type": "text", "label": "Responsible Person", "fields": [], "dynamic": false, "options": [], "type_id": 1, "required": false, "end_point": null, "validation": {"pattern": "", "maxLength": 100, "minLength": 1}}, {"name": "Target Completion Date", "type": "date", "label": "Target Completion Date", "fields": [], "dynamic": false, "options": [], "type_id": 4, "required": false, "end_point": null, "validation": {"maxDate": "", "minDate": ""}}], "section_name": "Corrective and Preventive Action (CAPA) Definition"}]}	50
49	2025-10-07 14:02:19.934918+05:30	2025-10-07 14:02:19.934936+05:30	f	{"fields": [], "sections": [{"fields": [{"name": "Implementation Status", "type": "select", "label": "Implementation Status", "fields": [], "dynamic": false, "options": ["Not Started", "In Progress", "Completed", "Verified"], "type_id": 8, "required": false, "end_point": null, "validation": {"isMultiple": false, "maxSelection": 1, "minSelection": 1}}, {"name": "Verification Remarks", "type": "textarea", "label": "Verification Remarks", "fields": [], "dynamic": false, "options": [], "type_id": 2, "required": false, "end_point": null, "validation": {"pattern": "", "maxLength": 100, "minLength": 1}}, {"name": "Verified By", "type": "text", "label": "Verified By", "fields": [], "dynamic": false, "options": [], "type_id": 1, "required": false, "end_point": null, "validation": {"pattern": "", "maxLength": 100, "minLength": 1}}, {"name": "Verification Date", "type": "date", "label": "Verification Date", "fields": [], "dynamic": false, "options": [], "type_id": 4, "required": false, "end_point": null, "validation": {"maxDate": "", "minDate": ""}}], "section_name": "Implementation & Verification of CAPA"}]}	52
50	2025-10-07 14:02:52.990727+05:30	2025-10-07 14:02:52.990788+05:30	f	{"fields": [], "sections": [{"fields": [{"name": "Effectiveness Verified", "type": "select", "label": "Effectiveness Verified", "fields": [], "dynamic": false, "options": ["Effective", "Not Effective"], "type_id": 8, "required": false, "end_point": null, "validation": {"isMultiple": false, "maxSelection": 1, "minSelection": 1}}, {"name": "Closure Remarks", "type": "textarea", "label": "Closure Remarks", "fields": [], "dynamic": false, "options": [], "type_id": 2, "required": false, "end_point": null, "validation": {"pattern": "", "maxLength": 100, "minLength": 1}}, {"name": "Supporting Documents", "type": "file", "label": "Supporting Documents", "fields": [], "dynamic": false, "options": [], "type_id": 11, "required": false, "end_point": null, "validation": {"fileType": "pdf,doc,txt", "isMultiple": false, "maxFileSize": 10}}], "section_name": "Closure"}]}	51
51	2025-10-07 14:03:50.647174+05:30	2025-10-07 14:03:50.647189+05:30	f	{"fields": [], "sections": [{"fields": [{"name": "Effectiveness Review Result", "type": "select", "label": "Effectiveness Review Result", "fields": [], "dynamic": false, "options": ["Effective", "Ineffective", "Requires Follow-Up"], "type_id": 8, "required": false, "end_point": null, "validation": {"isMultiple": false, "maxSelection": 1, "minSelection": 1}}, {"name": "Final Remarks", "type": "textarea", "label": "Final Remarks", "fields": [], "dynamic": false, "options": [], "type_id": 2, "required": false, "end_point": null, "validation": {"pattern": "", "maxLength": 10000, "minLength": 1}}, {"name": "Closure Date", "type": "date", "label": "Closure Date", "fields": [], "dynamic": false, "options": [], "type_id": 4, "required": false, "end_point": null, "validation": {"maxDate": "", "minDate": ""}}, {"name": "Closed By", "type": "text", "label": "Closed By", "fields": [], "dynamic": false, "options": [], "type_id": 1, "required": false, "end_point": null, "validation": {"pattern": "", "maxLength": 100, "minLength": 1}}], "section_name": "Effectiveness Check & Closure"}]}	53
52	2025-10-07 15:23:47.65791+05:30	2025-10-07 15:23:47.657922+05:30	f	{"fields": [], "sections": [{"fields": [{"name": "Change Title", "type": "text", "label": "Change Title", "fields": [], "dynamic": false, "options": [], "type_id": 1, "required": false, "end_point": null, "validation": {"pattern": "", "maxLength": 100, "minLength": 1}}, {"name": "Initiated By", "type": "text", "label": "Initiated By", "fields": [], "dynamic": false, "options": [], "type_id": 1, "required": false, "end_point": null, "validation": {"pattern": "", "maxLength": 100, "minLength": 1}}, {"name": "Department", "type": "select", "label": "Department", "fields": [], "dynamic": false, "options": ["QA", "Production", "Engineering", "R&D", "Warehouse"], "type_id": 8, "required": false, "end_point": null, "validation": {"isMultiple": false, "maxSelection": 1, "minSelection": 1}}, {"name": "Type of Change", "type": "select", "label": "Type of Change", "fields": [], "dynamic": false, "options": ["Document", "Equipment", "Process", "Utility", "Computer System", "Supplier"], "type_id": 8, "required": false, "end_point": null, "validation": {"isMultiple": false, "maxSelection": 1, "minSelection": 1}}, {"name": "Justification for Change", "type": "textarea", "label": "Justification for Change", "fields": [], "dynamic": false, "options": [], "type_id": 2, "required": false, "end_point": null, "validation": {"pattern": "", "maxLength": 10000, "minLength": 1}}, {"name": "Priority", "type": "select", "label": "Priority", "fields": [], "dynamic": false, "options": ["Critical", "Major", "Minor"], "type_id": 8, "required": false, "end_point": null, "validation": {"isMultiple": false, "maxSelection": 1, "minSelection": 1}}], "section_name": "Change Control Initiation Form"}]}	54
53	2025-10-07 15:26:46.24681+05:30	2025-10-07 15:26:46.246824+05:30	f	{"fields": [], "sections": [{"fields": [{"name": "Impact on Product Quality", "type": "select", "label": "Impact on Product Quality", "fields": [], "dynamic": false, "options": ["Yes", "No", "Not Applicable"], "type_id": 8, "required": false, "end_point": null, "validation": {"isMultiple": false, "maxSelection": 1, "minSelection": 1}}, {"name": "Impact on Validation Status", "type": "select", "label": "Impact on Validation Status", "fields": [], "dynamic": false, "options": ["Yes", "No", "Not Applicable"], "type_id": 8, "required": false, "end_point": null, "validation": {"isMultiple": false, "maxSelection": 1, "minSelection": 1}}, {"name": "Impact on Equipment/Facility", "type": "select", "label": "Impact on Equipment/Facility", "fields": [], "dynamic": false, "options": ["Yes", "No", "Not Applicable"], "type_id": 8, "required": false, "end_point": null, "validation": {"isMultiple": false, "maxSelection": 1, "minSelection": 1}}], "section_name": "Impact Assessment"}]}	55
54	2025-10-07 15:29:57.481726+05:30	2025-10-07 15:29:57.481741+05:30	f	{"fields": [], "sections": [{"fields": [{"name": "Change Implementation Plan", "type": "textarea", "label": "Change Implementation Plan", "fields": [], "dynamic": false, "options": [], "type_id": 2, "required": false, "end_point": null, "validation": {"pattern": "", "maxLength": 10000, "minLength": 1}}, {"name": "Responsible Person", "type": "text", "label": "Responsible Person(s)", "fields": [], "dynamic": false, "options": [], "type_id": 1, "required": false, "end_point": null, "validation": {"pattern": "", "maxLength": 100, "minLength": 1}}, {"name": "Required Documents", "type": "file", "label": "Required Documents", "fields": [], "dynamic": false, "options": [], "type_id": 11, "required": false, "end_point": null, "validation": {"fileType": "pdf,doc,txt", "isMultiple": false, "maxFileSize": 10}}, {"name": "Expected Completion Date", "type": "date", "label": "Expected Completion Date", "fields": [], "dynamic": false, "options": [], "type_id": 4, "required": false, "end_point": null, "validation": {"maxDate": "", "minDate": ""}}], "section_name": "Change Plan & Approval"}]}	56
55	2025-10-07 15:31:16.934324+05:30	2025-10-07 15:31:16.934341+05:30	f	{"fields": [], "sections": [{"fields": [{"name": "Date of Implementation", "type": "date", "label": "Date of Implementation", "fields": [], "dynamic": false, "options": [], "type_id": 4, "required": false, "end_point": null, "validation": {"maxDate": "", "minDate": ""}}, {"name": "Implementation Summary", "type": "textarea", "label": "Implementation Summary", "fields": [], "dynamic": false, "options": [], "type_id": 2, "required": false, "end_point": null, "validation": {"pattern": "", "maxLength": 10000, "minLength": 1}}, {"name": "Attach Implementation Records", "type": "file", "label": "Attach Implementation Records", "fields": [], "dynamic": false, "options": [], "type_id": 11, "required": false, "end_point": null, "validation": {"fileType": "pdf,doc,txt", "isMultiple": false, "maxFileSize": 10}}, {"name": "Implemented By", "type": "text", "label": "Implemented By", "fields": [], "dynamic": false, "options": [], "type_id": 1, "required": false, "end_point": null, "validation": {"pattern": "", "maxLength": 100, "minLength": 1}}], "section_name": "Implementation"}]}	57
56	2025-10-07 15:33:07.326643+05:30	2025-10-07 15:33:07.326658+05:30	f	{"fields": [], "sections": [{"fields": [{"name": "Verification Method", "type": "select", "label": "Verification Method", "fields": [], "dynamic": false, "options": ["Observation", "Review", "Testing", "Validation"], "type_id": 8, "required": false, "end_point": null, "validation": {"isMultiple": false, "maxSelection": 1, "minSelection": 1}}, {"name": "Verification Results", "type": "textarea", "label": "Verification Results", "fields": [], "dynamic": false, "options": [], "type_id": 2, "required": false, "end_point": null, "validation": {"pattern": "", "maxLength": 10000, "minLength": 1}}, {"name": "Effectiveness Evaluation", "type": "select", "label": "Effectiveness Evaluation", "fields": [], "dynamic": false, "options": ["Effective", "Non Effective"], "type_id": 8, "required": false, "end_point": null, "validation": {"isMultiple": false, "maxSelection": 1, "minSelection": 1}}], "section_name": "Verification & Effectiveness Check"}]}	58
57	2025-10-07 15:35:09.205876+05:30	2025-10-07 15:35:09.205912+05:30	f	{"fields": [], "sections": [{"fields": [{"name": "Summary of Change Outcome", "type": "textarea", "label": "Summary of Change Outcome", "fields": [], "dynamic": false, "options": [], "type_id": 2, "required": false, "end_point": null, "validation": {"pattern": "", "maxLength": 10000, "minLength": 1}}, {"name": "All Actions Completed", "type": "select", "label": "All Actions Completed", "fields": [], "dynamic": false, "options": ["Yes", "No"], "type_id": 8, "required": false, "end_point": null, "validation": {"isMultiple": false, "maxSelection": 1, "minSelection": 1}}, {"name": "Closure Remarks", "type": "textarea", "label": "Closure Remarks", "fields": [], "dynamic": false, "options": [], "type_id": 2, "required": false, "end_point": null, "validation": {"pattern": "", "maxLength": 10000, "minLength": 1}}, {"name": "Closed By", "type": "text", "label": "Closed By", "fields": [], "dynamic": false, "options": [], "type_id": 1, "required": false, "end_point": null, "validation": {"pattern": "", "maxLength": 100, "minLength": 1}}, {"name": "Closure Date", "type": "date", "label": "Closure Date", "fields": [], "dynamic": false, "options": [], "type_id": 4, "required": false, "end_point": null, "validation": {"maxDate": "", "minDate": ""}}, {"name": "Attach Final Records", "type": "file", "label": "Attach Final Records", "fields": [], "dynamic": false, "options": [], "type_id": 11, "required": false, "end_point": null, "validation": {"fileType": "pdf,doc,txt", "isMultiple": false, "maxFileSize": 10}}], "section_name": "Closure & Documentation"}]}	59
\.


--
-- Data for Name: formsapp_formfields; Type: TABLE DATA; Schema: public; Owner: postgres
--

COPY public.formsapp_formfields (id, created_on, updated_on, is_deleted, label, name, required, "order", additional_info, field_type_id, parent_field_id, section_id) FROM stdin;
1	2025-10-03 17:22:35.472847+05:30	2025-10-03 17:22:35.472891+05:30	f	Workflow Name	Workflow Name	f	0	{"dynamic": false, "options": [], "end_point": null, "validation": {"pattern": "", "maxLength": 100, "minLength": 1}}	1	\N	1
2	2025-10-03 17:22:35.48131+05:30	2025-10-03 17:22:35.481369+05:30	f	Number of Stages	Number of Stages	f	1	{"dynamic": false, "options": [], "end_point": null, "validation": {"max": "", "min": 0, "isInteger": false, "isPositive": false}}	3	\N	1
3	2025-10-03 17:22:35.48738+05:30	2025-10-03 17:22:35.487443+05:30	f	Workflow Description (Purpose, scope, and expected outcome)	Workflow Description (Purpose, scope, and expected outcome)	f	2	{"dynamic": false, "options": [], "end_point": null, "validation": {"pattern": "", "maxLength": 100, "minLength": 1}}	2	\N	1
4	2025-10-03 17:22:35.493344+05:30	2025-10-03 17:22:35.493398+05:30	f	Why is this workflow needed?	Why is this workflow needed?	f	3	{"dynamic": false, "options": [], "end_point": null, "validation": {"pattern": "", "maxLength": 100, "minLength": 1}}	2	\N	1
5	2025-10-03 17:22:35.499866+05:30	2025-10-03 17:22:35.499906+05:30	f	type	type	f	4	{"dynamic": true, "options": [], "end_point": "/api/get_workflow_type?status=completed", "validation": {"isMultiple": false, "maxSelection": 1, "minSelection": 1}}	20	\N	1
6	2025-10-03 17:28:22.010542+05:30	2025-10-03 17:28:22.010595+05:30	f	Add your remarks, approval notes, or reason for rejection	Add your remarks, approval notes, or reason for rejection	t	0	{"dynamic": false, "options": [], "end_point": null, "validation": {"pattern": "", "maxLength": 100, "minLength": 1}}	2	\N	2
7	2025-10-03 18:37:49.733521+05:30	2025-10-03 18:37:49.733557+05:30	f	Source of CAPA	source-_of_CAPA	t	0	{"dynamic": false, "options": ["Audit", "Customer Complaint", "Supplier NCR", "Internal NCR"], "end_point": null, "validation": {"isMultiple": false, "maxSelection": 1, "minSelection": 1}}	8	\N	3
8	2025-10-03 18:37:49.738927+05:30	2025-10-03 18:37:49.738959+05:30	f	Problem Description	problem_description	t	1	{"dynamic": false, "options": [], "end_point": null, "validation": {"pattern": "", "maxLength": 100, "minLength": 1}}	2	\N	3
9	2025-10-03 18:37:49.742202+05:30	2025-10-03 18:37:49.742226+05:30	f	Severity Assessment	severity_assessment	f	2	{"dynamic": false, "options": ["High", "Medium", "Low"], "end_point": null, "validation": {"isMultiple": false, "maxSelection": 1, "minSelection": 1}}	8	\N	3
10	2025-10-03 18:37:49.745105+05:30	2025-10-03 18:37:49.745124+05:30	f	Attachments	attachments	t	3	{"dynamic": false, "options": [], "end_point": null, "validation": {"fileType": "pdf,doc,txt", "isMultiple": false, "maxFileSize": 10}}	11	\N	3
11	2025-10-03 18:41:29.976302+05:30	2025-10-03 18:41:29.976316+05:30	f	Date of Containment	date_of_containment	f	0	{"dynamic": false, "options": [], "end_point": null, "validation": {"maxDate": "", "minDate": ""}}	4	\N	4
12	2025-10-03 18:41:29.978235+05:30	2025-10-03 18:41:29.978256+05:30	f	Containment Action Taken	containment_action_taken	t	1	{"dynamic": false, "options": [], "end_point": null, "validation": {"pattern": "", "maxLength": 100, "minLength": 1}}	2	\N	4
13	2025-10-03 18:41:29.980315+05:30	2025-10-03 18:41:29.980333+05:30	f	Verification of Containment	verification_of _containment	f	2	{"dynamic": false, "options": [], "end_point": null, "validation": {"fileType": "pdf,doc,txt", "isMultiple": false, "maxFileSize": 10}}	11	\N	4
14	2025-10-03 18:45:58.980954+05:30	2025-10-03 18:45:58.980972+05:30	f	Analysis Method Used	rca_method	t	0	{"dynamic": false, "options": ["5 Why", "Fishbone", "Pareto", "FTA"], "end_point": null, "validation": {"isMultiple": false, "maxSelection": 1, "minSelection": 1}}	8	\N	5
15	2025-10-03 18:45:58.983341+05:30	2025-10-03 18:45:58.983354+05:30	f	Systemic Cause (if any)	systemic_cause	f	1	{"dynamic": false, "options": [], "end_point": null, "validation": {"pattern": "", "maxLength": 100, "minLength": 1}}	2	\N	5
16	2025-10-03 18:45:58.98553+05:30	2025-10-03 18:45:58.985547+05:30	f	Risk Assessment	root_cause_risk	t	2	{"dynamic": false, "options": ["High", "Medium", "Low"], "end_point": null, "validation": {"isMultiple": false, "maxSelection": 1, "minSelection": 1}}	8	\N	5
17	2025-10-03 18:45:58.987716+05:30	2025-10-03 18:45:58.987732+05:30	f	Attachments	rca_attachments	f	3	{"dynamic": false, "options": [], "end_point": null, "validation": {"fileType": "pdf,doc,txt", "isMultiple": false, "maxFileSize": 10}}	11	\N	5
18	2025-10-03 18:49:56.654392+05:30	2025-10-03 18:49:56.654428+05:30	f	Corrective Action Proposed	corrective_plan	t	0	{"dynamic": false, "options": [], "end_point": null, "validation": {"pattern": "", "maxLength": 100, "minLength": 1}}	2	\N	6
19	2025-10-03 18:49:56.660554+05:30	2025-10-03 18:49:56.660591+05:30	f	Priority	corrective_priority	t	1	{"dynamic": false, "options": ["High", "Medium", "Low"], "end_point": null, "validation": {"isMultiple": false, "maxSelection": 1, "minSelection": 1}}	8	\N	6
20	2025-10-03 18:49:56.664707+05:30	2025-10-03 18:49:56.664733+05:30	f	Resources Needed	corrective_resources	t	2	{"dynamic": false, "options": [], "end_point": null, "validation": {"pattern": "", "maxLength": 100, "minLength": 1}}	2	\N	6
21	2025-10-03 18:52:18.624333+05:30	2025-10-03 18:52:18.624351+05:30	f	Action Implemented	action_done	t	0	{"dynamic": false, "options": [], "end_point": null, "validation": {"pattern": "", "maxLength": 100, "minLength": 1}}	2	\N	7
22	2025-10-03 18:52:18.627217+05:30	2025-10-03 18:52:18.627235+05:30	f	Date of Implementation	implementation_date	t	1	{"dynamic": false, "options": [], "end_point": null, "validation": {"maxDate": "", "minDate": ""}}	4	\N	7
23	2025-10-03 18:52:18.629594+05:30	2025-10-03 18:52:18.629612+05:30	f	Evidence/Attachments	implementation_evidence	f	2	{"dynamic": false, "options": [], "end_point": null, "validation": {"fileType": "pdf,doc,txt", "isMultiple": false, "maxFileSize": 10}}	11	\N	7
24	2025-10-03 18:55:07.749777+05:30	2025-10-03 18:55:07.749789+05:30	f	Verification Method	verification_method	t	0	{"dynamic": false, "options": ["Audit", "SPC", "Inspetion", "Customer Approval"], "end_point": null, "validation": {"isMultiple": false, "maxSelection": 1, "minSelection": 1}}	8	\N	8
25	2025-10-03 18:55:07.751552+05:30	2025-10-03 18:55:07.751566+05:30	f	Verification Result	verification_result	t	1	{"dynamic": false, "options": ["Effective", "Not Effective"], "end_point": null, "validation": {}}	9	\N	8
26	2025-10-03 18:55:07.753075+05:30	2025-10-03 18:55:07.753087+05:30	f	Attachments	verification_attachments	t	2	{"dynamic": false, "options": [], "end_point": null, "validation": {"fileType": "pdf,doc,txt", "isMultiple": false, "maxFileSize": 10}}	11	\N	8
27	2025-10-03 18:58:23.121212+05:30	2025-10-03 18:58:23.121249+05:30	f	Similar Risk Analysis	risk_analysis	f	0	{"dynamic": false, "options": ["Yes", "No", ""], "end_point": null, "validation": {"isMultiple": false, "maxSelection": 1, "minSelection": 1}}	8	\N	9
28	2025-10-03 18:58:23.128538+05:30	2025-10-03 18:58:23.128575+05:30	f	Preventive Action Taken	preventive_action	f	1	{"dynamic": false, "options": [], "end_point": null, "validation": {"pattern": "", "maxLength": 100, "minLength": 1}}	2	\N	9
29	2025-10-03 18:58:23.134368+05:30	2025-10-03 18:58:23.134405+05:30	f	Completion Date	preventive_date	f	2	{"dynamic": false, "options": [], "end_point": null, "validation": {"maxDate": "", "minDate": ""}}	4	\N	9
30	2025-10-03 18:58:23.140312+05:30	2025-10-03 18:58:23.140349+05:30	f	Attachments	preventive_evidence	f	3	{"dynamic": false, "options": [], "end_point": null, "validation": {"fileType": "pdf,doc,txt", "isMultiple": false, "maxFileSize": 10}}	11	\N	9
31	2025-10-03 19:00:25.412648+05:30	2025-10-03 19:00:25.412712+05:30	f	CAPA Closure Date	Closure Date	t	0	{"dynamic": false, "options": [], "end_point": null, "validation": {"maxDate": "", "minDate": ""}}	4	\N	10
32	2025-10-03 19:00:25.417951+05:30	2025-10-03 19:00:25.417984+05:30	f	Customer Acknowledgment	customer_acknowledge	t	1	{"dynamic": false, "options": ["Yes", "No"], "end_point": null, "validation": {}}	9	\N	10
33	2025-10-03 19:00:25.422076+05:30	2025-10-03 19:00:25.422108+05:30	f	Attachments	closure_attachments	f	2	{"dynamic": false, "options": [], "end_point": null, "validation": {"fileType": "pdf,doc,txt", "isMultiple": false, "maxFileSize": 10}}	11	\N	10
51	2025-10-06 11:10:50.216169+05:30	2025-10-06 11:10:50.21623+05:30	f	Responsible Party	respondible_party	f	0	{"dynamic": false, "options": ["Purchasing", "Inquirer"], "end_point": null, "validation": {"isMultiple": false, "maxSelection": 1, "minSelection": 1}}	8	\N	16
52	2025-10-06 11:10:50.222608+05:30	2025-10-06 11:10:50.222644+05:30	f	Collaborating Departments	collaborating_departments	f	1	{"dynamic": false, "options": ["Purchasing", "Inquirer"], "end_point": null, "validation": {"isMultiple": true, "maxSelection": 5, "minSelection": 1}}	8	\N	16
53	2025-10-06 11:10:50.227004+05:30	2025-10-06 11:10:50.227038+05:30	f	Category of Supplied Item	item_category	f	2	{"dynamic": false, "options": ["Category I", "Category II", "Category III"], "end_point": null, "validation": {"isMultiple": false, "maxSelection": 1, "minSelection": 1}}	8	\N	16
54	2025-10-06 11:10:50.231338+05:30	2025-10-06 11:10:50.231373+05:30	f	Cost Evaluation	cost_evaluation	f	3	{"dynamic": false, "options": [], "end_point": null, "validation": {"max": "", "min": 0, "isInteger": false, "isPositive": true}}	3	\N	16
55	2025-10-06 11:10:50.235585+05:30	2025-10-06 11:10:50.235621+05:30	f	Commercial Terms	terms	f	4	{"dynamic": false, "options": [], "end_point": null, "validation": {"pattern": "", "maxLength": 100000, "minLength": 1}}	2	\N	16
56	2025-10-06 11:10:50.23989+05:30	2025-10-06 11:10:50.239926+05:30	f	Supporting Documents	supporting_documents	f	5	{"dynamic": false, "options": [], "end_point": null, "validation": {"fileType": "pdf,doc,txt", "isMultiple": false, "maxFileSize": 10}}	11	\N	16
57	2025-10-06 11:10:50.244415+05:30	2025-10-06 11:10:50.244449+05:30	f	Comments	comments	f	6	{"dynamic": false, "options": [], "end_point": null, "validation": {"pattern": "", "maxLength": 10000, "minLength": 1}}	2	\N	16
58	2025-10-06 11:25:03.11295+05:30	2025-10-06 11:25:03.112983+05:30	f	Supplier Name	supplier_name	f	0	{"dynamic": false, "options": [], "end_point": null, "validation": {"pattern": "", "maxLength": 1000, "minLength": 1}}	1	\N	17
59	2025-10-06 11:25:03.118043+05:30	2025-10-06 11:25:03.118078+05:30	f	Contact Person	contact_person	f	1	{"dynamic": false, "options": [], "end_point": null, "validation": {"pattern": "", "maxLength": 10000, "minLength": 1}}	1	\N	17
60	2025-10-06 11:25:03.123117+05:30	2025-10-06 11:25:03.123151+05:30	f	Address	address	f	2	{"dynamic": false, "options": [], "end_point": null, "validation": {"pattern": "", "maxLength": 10000, "minLength": 1}}	1	\N	17
61	2025-10-06 11:25:03.127166+05:30	2025-10-06 11:25:03.127199+05:30	f	Scope of Supply	scope_of_supply	f	3	{"dynamic": false, "options": [], "end_point": null, "validation": {"pattern": "", "maxLength": 10000, "minLength": 1}}	1	\N	17
62	2025-10-06 11:25:03.131189+05:30	2025-10-06 11:25:03.131221+05:30	f	Certifications	certifications	f	4	{"dynamic": false, "options": [], "end_point": null, "validation": {"pattern": "", "maxLength": 10000, "minLength": 1}}	1	\N	17
63	2025-10-06 11:25:03.135311+05:30	2025-10-06 11:25:03.135343+05:30	f	Manufacturing Capacity	manufacturing_capacity	f	5	{"dynamic": false, "options": [], "end_point": null, "validation": {"max": "", "min": 0, "isInteger": false, "isPositive": true}}	3	\N	17
64	2025-10-06 11:25:03.139427+05:30	2025-10-06 11:25:03.139461+05:30	f	Key Customers	key_customers	f	6	{"dynamic": false, "options": [], "end_point": null, "validation": {"pattern": "", "maxLength": 10000, "minLength": 1}}	1	\N	17
65	2025-10-06 11:25:03.143452+05:30	2025-10-06 11:25:03.143486+05:30	f	Risk Assessment	risk_assessment	f	7	{"dynamic": false, "options": ["Low", "Medium", "High"], "end_point": null, "validation": {"isMultiple": false, "maxSelection": 1, "minSelection": 1}}	8	\N	17
66	2025-10-06 11:50:48.333786+05:30	2025-10-06 11:50:48.333825+05:30	f	Business Continuity Risk	business_continuity_risk	f	0	{"dynamic": false, "options": ["Low", "Medium", "High"], "end_point": null, "validation": {"isMultiple": false, "maxSelection": 1, "minSelection": 1}}	8	\N	18
67	2025-10-06 11:50:48.33967+05:30	2025-10-06 11:50:48.339708+05:30	f	Quality Risk	quality_risk	f	1	{"dynamic": false, "options": ["Low", "Medium", "High"], "end_point": null, "validation": {"isMultiple": false, "maxSelection": 1, "minSelection": 1}}	8	\N	18
68	2025-10-06 11:50:48.344559+05:30	2025-10-06 11:50:48.344598+05:30	f	Financial Stability	financial_stability	f	2	{"dynamic": false, "options": ["Stable", "Moderate Risk", "High Risk"], "end_point": null, "validation": {"isMultiple": false, "maxSelection": 1, "minSelection": 1}}	8	\N	18
69	2025-10-06 11:50:48.349847+05:30	2025-10-06 11:50:48.349883+05:30	f	Geopolitical Risk	geopolitical_risk	f	3	{"dynamic": false, "options": ["Low", "Medium", "High"], "end_point": null, "validation": {"isMultiple": false, "maxSelection": 1, "minSelection": 1}}	8	\N	18
70	2025-10-06 11:50:48.354914+05:30	2025-10-06 11:50:48.35495+05:30	f	Overall Risk Rating	overall_risk_rating	f	4	{"dynamic": false, "options": ["Low", "Medium", "High", "Critical"], "end_point": null, "validation": {"isMultiple": false, "maxSelection": 1, "minSelection": 1}}	8	\N	18
71	2025-10-06 12:00:58.834908+05:30	2025-10-06 12:00:58.834947+05:30	f	Quality System	quality_system	t	0	{"dynamic": false, "options": [], "end_point": null, "validation": {"max": 10, "min": 0, "step": 1}}	14	\N	19
72	2025-10-06 12:00:58.84138+05:30	2025-10-06 12:00:58.84142+05:30	f	Process Capability	process_capability	t	1	{"dynamic": false, "options": [], "end_point": null, "validation": {"max": 10, "min": 0, "step": 1}}	14	\N	19
73	2025-10-06 12:00:58.848989+05:30	2025-10-06 12:00:58.849051+05:30	f	Delivery	delivery	t	2	{"dynamic": false, "options": [], "end_point": null, "validation": {"pattern": "", "maxLength": 1000, "minLength": 1}}	1	\N	19
74	2025-10-06 12:00:58.855942+05:30	2025-10-06 12:00:58.856005+05:30	f	Cost	cost	t	3	{"dynamic": false, "options": [], "end_point": null, "validation": {"max": "", "min": 0, "isInteger": false, "isPositive": false}}	3	\N	19
75	2025-10-06 12:00:58.862293+05:30	2025-10-06 12:00:58.862333+05:30	f	Compliance	compliance	t	4	{"dynamic": false, "options": ["Yes ", "No"], "end_point": null, "validation": {}}	9	\N	19
76	2025-10-06 12:00:58.867482+05:30	2025-10-06 12:00:58.86752+05:30	f	Overall Score	overall_score	t	5	{"dynamic": false, "options": [], "end_point": null, "validation": {"max": 10, "min": 0, "step": 1}}	14	\N	19
77	2025-10-06 12:00:58.875207+05:30	2025-10-06 12:00:58.875279+05:30	f	QAA Signed	qaa_signed	t	0	{"dynamic": false, "options": ["Yes", "No"], "end_point": null, "validation": {}}	9	\N	20
78	2025-10-06 12:00:58.880953+05:30	2025-10-06 12:00:58.880992+05:30	f	Upload Document	qaa_document	f	1	{"dynamic": false, "options": [], "end_point": null, "validation": {"fileType": "pdf,doc,txt,png,jpg", "isMultiple": true, "maxFileSize": 10}}	11	\N	20
79	2025-10-06 12:13:25.164896+05:30	2025-10-06 12:13:25.164911+05:30	f	Suitable Provider	suitable_provider	f	0	{"dynamic": false, "options": ["Yes", "No"], "end_point": null, "validation": {}}	9	\N	21
80	2025-10-06 12:13:25.167691+05:30	2025-10-06 12:13:25.167706+05:30	f	Decision Justification	decision_justification	f	1	{"dynamic": false, "options": [], "end_point": null, "validation": {"pattern": "", "maxLength": 10000, "minLength": 1}}	1	\N	21
81	2025-10-06 12:13:25.170198+05:30	2025-10-06 12:13:25.170213+05:30	f	Approval Status	approval_status	f	2	{"dynamic": false, "options": ["Approved", "Conditionally Approved", "Rejected", "On Hold"], "end_point": null, "validation": {"isMultiple": false, "maxSelection": 1, "minSelection": 1}}	8	\N	21
82	2025-10-06 12:13:25.173853+05:30	2025-10-06 12:13:25.173876+05:30	f	Frame Contract Signed	frame_contract_signed	f	0	{"dynamic": false, "options": ["Yes", "No"], "end_point": null, "validation": {}}	9	\N	22
83	2025-10-06 12:13:25.176697+05:30	2025-10-06 12:13:25.176719+05:30	f	Contract Document	contract_document	f	1	{"dynamic": false, "options": [], "end_point": null, "validation": {"fileType": "pdf,doc,txt,exl", "isMultiple": true, "maxFileSize": 100}}	11	\N	22
84	2025-10-06 12:24:53.14442+05:30	2025-10-06 12:24:53.144459+05:30	f	Order ID	order_id	t	0	{"dynamic": false, "options": [], "end_point": null, "validation": {"pattern": "", "maxLength": 10000, "minLength": 1}}	1	\N	23
85	2025-10-06 12:24:53.151102+05:30	2025-10-06 12:24:53.15114+05:30	f	Sample Lot Size	sample_lot_size	t	1	{"dynamic": false, "options": [], "end_point": null, "validation": {"max": "", "min": 0, "isInteger": false, "isPositive": true}}	3	\N	23
86	2025-10-06 12:24:53.156148+05:30	2025-10-06 12:24:53.156185+05:30	f	Test Results	test_results	f	2	{"dynamic": false, "options": [], "end_point": null, "validation": {"fileType": "pdf,doc,txt", "isMultiple": true, "maxFileSize": 10}}	11	\N	23
87	2025-10-06 12:24:53.161253+05:30	2025-10-06 12:24:53.161291+05:30	f	Non Conformities	non_conformities	f	3	{"dynamic": false, "options": [], "end_point": null, "validation": {"pattern": "", "maxLength": 1000, "minLength": 1}}	2	\N	23
88	2025-10-06 12:24:53.169526+05:30	2025-10-06 12:24:53.169598+05:30	f	Audit Results	audit_results	t	0	{"dynamic": false, "options": [], "end_point": null, "validation": {"pattern": "", "maxLength": 1500, "minLength": 1}}	2	\N	24
89	2025-10-06 12:24:53.174438+05:30	2025-10-06 12:24:53.174478+05:30	f	Documentations	approval_documents	f	1	{"dynamic": false, "options": [], "end_point": null, "validation": {"fileType": "pdf,doc,txt", "isMultiple": true, "maxFileSize": 10}}	11	\N	24
90	2025-10-06 12:35:58.777124+05:30	2025-10-06 12:35:58.777172+05:30	f	Quality Agreement Signed	quality_agreement_signed	t	0	{"dynamic": false, "options": ["Yes", "No"], "end_point": null, "validation": {}}	9	\N	25
91	2025-10-06 12:35:58.784038+05:30	2025-10-06 12:35:58.784088+05:30	f	NDA signed	nda_signed	t	1	{"dynamic": false, "options": ["Yes", "No"], "end_point": null, "validation": {}}	9	\N	25
92	2025-10-06 12:35:58.788479+05:30	2025-10-06 12:35:58.788511+05:30	f	ERP Access Granted	erp_access_granted	t	2	{"dynamic": false, "options": ["Yes", "No"], "end_point": null, "validation": {}}	9	\N	25
93	2025-10-06 12:35:58.803145+05:30	2025-10-06 12:35:58.803198+05:30	f	Supplier Code Assigned	supplier_code	t	3	{"dynamic": false, "options": [], "end_point": null, "validation": {"pattern": "", "maxLength": 100, "minLength": 1}}	1	\N	25
94	2025-10-06 12:47:20.019899+05:30	2025-10-06 12:47:20.019941+05:30	f	Month	month	t	0	{"dynamic": false, "options": ["Jan", "Feb", "March", "April", "May", "June", "July", "Aug", "Sept", "Oct", "Nov", "Dec"], "end_point": null, "validation": {"isMultiple": false, "maxSelection": 1, "minSelection": 1}}	8	\N	26
95	2025-10-06 12:47:20.026786+05:30	2025-10-06 12:47:20.026826+05:30	f	PPM (Defect Rate)	ppm	t	1	{"dynamic": false, "options": [], "end_point": null, "validation": {"max": 10000, "min": 0, "isInteger": false, "isPositive": true}}	3	\N	26
96	2025-10-06 12:47:20.032733+05:30	2025-10-06 12:47:20.032774+05:30	f	On-Time Delivery %	otd_percentage	t	2	{"dynamic": false, "options": [], "end_point": null, "validation": {"max": 100, "min": 0, "isInteger": false, "isPositive": true}}	3	\N	26
97	2025-10-06 12:47:20.039113+05:30	2025-10-06 12:47:20.03917+05:30	f	Audit Score	audit_score	t	3	{"dynamic": false, "options": [], "end_point": null, "validation": {"max": 100, "min": 0, "step": 1}}	14	\N	26
98	2025-10-06 12:47:20.045509+05:30	2025-10-06 12:47:20.045588+05:30	f	Complaints	complaints	f	4	{"dynamic": false, "options": [], "end_point": null, "validation": {"max": "", "min": 0, "isInteger": false, "isPositive": true}}	3	\N	26
99	2025-10-06 12:47:20.051477+05:30	2025-10-06 12:47:20.051527+05:30	f	Status	status	t	5	{"dynamic": false, "options": ["Approved", "Conditional", "Rejected"], "end_point": null, "validation": {"isMultiple": false, "maxSelection": 1, "minSelection": 1}}	8	\N	26
100	2025-10-06 12:47:20.059969+05:30	2025-10-06 12:47:20.060017+05:30	f	Audit Type	audit_type	t	0	{"dynamic": false, "options": ["Internal Audit", "Supplier Self-Audit", "Process Audit", "System Audit", "Product Audit", "Customer Audit", "Regulatory / Compliance Audit"], "end_point": null, "validation": {"isMultiple": false, "maxSelection": 1, "minSelection": 1}}	8	\N	27
101	2025-10-06 12:47:20.065715+05:30	2025-10-06 12:47:20.065763+05:30	f	Findings Summary	findings_summary	f	1	{"dynamic": false, "options": [], "end_point": null, "validation": {"pattern": "", "maxLength": 5000, "minLength": 1}}	2	\N	27
102	2025-10-06 12:47:20.07171+05:30	2025-10-06 12:47:20.071767+05:30	f	Attach Report	attach_report	f	2	{"dynamic": false, "options": [], "end_point": null, "validation": {"fileType": "pdf,doc,txt,png,jpg", "isMultiple": true, "maxFileSize": 10}}	11	\N	27
103	2025-10-06 12:56:45.308495+05:30	2025-10-06 12:56:45.308508+05:30	f	Defect Description	defect_description	f	0	{"dynamic": false, "options": [], "end_point": null, "validation": {"pattern": "", "maxLength": 10000, "minLength": 1}}	2	\N	28
104	2025-10-06 12:56:45.310379+05:30	2025-10-06 12:56:45.310392+05:30	f	Quantity Affected	quantity_affected	f	1	{"dynamic": false, "options": [], "end_point": null, "validation": {"max": "", "min": 0, "isInteger": false, "isPositive": true}}	3	\N	28
105	2025-10-06 12:56:45.311846+05:30	2025-10-06 12:56:45.311859+05:30	f	Photos/Proof	ncr_photos	f	2	{"dynamic": false, "options": [], "end_point": null, "validation": {"isMultiple": true, "resolution": "1920x1080", "aspectRatio": "16:9", "maxFileSize": 100}}	12	\N	28
106	2025-10-06 12:56:45.31383+05:30	2025-10-06 12:56:45.313843+05:30	f	SCAR No.	scar_no	f	0	{"dynamic": false, "options": [], "end_point": null, "validation": {"pattern": "", "maxLength": 1000, "minLength": 1}}	1	\N	29
107	2025-10-06 12:56:45.316255+05:30	2025-10-06 12:56:45.316279+05:30	f	Issue Description	issue_description	f	1	{"dynamic": false, "options": [], "end_point": null, "validation": {"pattern": "", "maxLength": 10000, "minLength": 1}}	2	\N	29
108	2025-10-06 12:56:45.31871+05:30	2025-10-06 12:56:45.318722+05:30	f	Root Cause	root_cause	f	2	{"dynamic": false, "options": [], "end_point": null, "validation": {"pattern": "", "maxLength": 10000, "minLength": 1}}	1	\N	29
109	2025-10-06 12:56:45.320796+05:30	2025-10-06 12:56:45.32081+05:30	f	Corrective Action	corrective_action	f	3	{"dynamic": false, "options": [], "end_point": null, "validation": {"pattern": "", "maxLength": 10000, "minLength": 1}}	1	\N	29
110	2025-10-06 12:56:45.322507+05:30	2025-10-06 12:56:45.322519+05:30	f	Target Date	target_date	f	4	{"dynamic": false, "options": [], "end_point": null, "validation": {"maxDate": "", "minDate": ""}}	4	\N	29
111	2025-10-06 12:56:45.324172+05:30	2025-10-06 12:56:45.324185+05:30	f	Verification Proof	verification_proof	f	5	{"dynamic": false, "options": [], "end_point": null, "validation": {"fileType": "pdf,doc,txt,exl", "isMultiple": true, "maxFileSize": 100}}	11	\N	29
112	2025-10-06 13:03:33.061358+05:30	2025-10-06 13:03:33.061394+05:30	f	KPI Gaps	kpi_gaps	f	0	{"dynamic": false, "options": [], "end_point": null, "validation": {"pattern": "", "maxLength": 10000, "minLength": 1}}	1	\N	30
113	2025-10-06 13:03:33.067445+05:30	2025-10-06 13:03:33.067479+05:30	f	Improvement Targets	improvement_targets	f	1	{"dynamic": false, "options": [], "end_point": null, "validation": {"pattern": "", "maxLength": 10000, "minLength": 1}}	1	\N	30
114	2025-10-06 13:03:33.072321+05:30	2025-10-06 13:03:33.072354+05:30	f	Action Items	action_items	f	2	{"dynamic": false, "options": [], "end_point": null, "validation": {"pattern": "", "maxLength": 10000, "minLength": 1}}	1	\N	30
115	2025-10-06 13:03:33.076665+05:30	2025-10-06 13:03:33.076692+05:30	f	Timeline	timeline	f	3	{"dynamic": false, "options": [], "end_point": null, "validation": {"startDateBeforeOrEqualEndDate": true}}	5	\N	30
116	2025-10-06 13:03:33.080116+05:30	2025-10-06 13:03:33.080137+05:30	f	Closure Verification	closure_verification	f	4	{"dynamic": false, "options": [], "end_point": null, "validation": {"fileType": "pdf,doc,txt", "isMultiple": false, "maxFileSize": 1000}}	11	\N	30
122	2025-10-06 13:12:29.371464+05:30	2025-10-06 13:12:29.371482+05:30	f	Certification Validity	certification_validity	t	0	{"dynamic": false, "options": ["Valid", "Invalid"], "end_point": null, "validation": {}}	9	\N	32
123	2025-10-06 13:12:29.373466+05:30	2025-10-06 13:12:29.373478+05:30	f	KPI Trend File	kpi_trend_file	f	1	{"dynamic": false, "options": [], "end_point": null, "validation": {"fileType": "pdf,doc,txt,jpg,png,xlxs", "isMultiple": true, "maxFileSize": 10}}	11	\N	32
124	2025-10-06 13:12:29.375034+05:30	2025-10-06 13:12:29.375046+05:30	f	Audit Report Review	audit_report_review	f	2	{"dynamic": false, "options": [], "end_point": null, "validation": {"fileType": "pdf,doc,txt,png,jpg,xlxs", "isMultiple": true, "maxFileSize": 10}}	11	\N	32
125	2025-10-06 13:12:29.376963+05:30	2025-10-06 13:12:29.376978+05:30	f	New Risks Identified	new_risks	t	3	{"dynamic": false, "options": [], "end_point": null, "validation": {"pattern": "", "maxLength": 10000, "minLength": 1}}	2	\N	32
126	2025-10-06 13:12:29.378853+05:30	2025-10-06 13:12:29.378871+05:30	f	Approval Status Decision	reapproval_status	t	4	{"dynamic": false, "options": ["Approved", "Conditional", "Rejected", "Phase-Out"], "end_point": null, "validation": {"isMultiple": false, "maxSelection": 1, "minSelection": 1}}	8	\N	32
127	2025-10-06 13:14:09.560186+05:30	2025-10-06 13:14:09.560198+05:30	f	Supplier Name	supplier_name_exit	f	0	{"dynamic": false, "options": [], "end_point": null, "validation": {"pattern": "", "maxLength": 10000, "minLength": 1}}	1	\N	33
128	2025-10-06 13:14:09.562307+05:30	2025-10-06 13:14:09.562321+05:30	f	Reason for Removal	removal_reason	f	1	{"dynamic": false, "options": [], "end_point": null, "validation": {"pattern": "", "maxLength": 100000, "minLength": 1}}	1	\N	33
129	2025-10-06 13:14:09.56381+05:30	2025-10-06 13:14:09.563822+05:30	f	Risk Mitigation Plan	risk_mitigation_plan	f	2	{"dynamic": false, "options": [], "end_point": null, "validation": {"pattern": "", "maxLength": 100000, "minLength": 1}}	1	\N	33
130	2025-10-06 13:14:09.565217+05:30	2025-10-06 13:14:09.56523+05:30	f	Approval Authority	approval_authority	f	3	{"dynamic": false, "options": [], "end_point": null, "validation": {"pattern": "", "maxLength": 100000, "minLength": 1}}	1	\N	33
131	2025-10-06 13:14:09.566692+05:30	2025-10-06 13:14:09.566707+05:30	f	Exit Date	exit_date	f	4	{"dynamic": false, "options": [], "end_point": null, "validation": {"maxDate": "", "minDate": ""}}	4	\N	33
132	2025-10-06 13:22:38.672391+05:30	2025-10-06 13:22:38.672409+05:30	f	Risk Title	Risk Title	t	0	{"dynamic": false, "options": [], "end_point": null, "validation": {"pattern": "", "maxLength": 100, "minLength": 1}}	1	\N	34
133	2025-10-06 13:22:38.677936+05:30	2025-10-06 13:22:38.677948+05:30	f	Risk Description	Risk Description	t	1	{"dynamic": false, "options": [], "end_point": null, "validation": {"pattern": "", "maxLength": 100, "minLength": 1}}	2	\N	34
134	2025-10-06 13:22:38.679652+05:30	2025-10-06 13:22:38.679665+05:30	f	Risk Source	Risk Source	t	2	{"dynamic": false, "options": ["Process", "Audit", "Complaint"], "end_point": null, "validation": {"isMultiple": false, "maxSelection": 1, "minSelection": 1}}	8	\N	34
135	2025-10-06 13:22:38.681073+05:30	2025-10-06 13:22:38.681085+05:30	f	Date Identified	Date Identified	f	3	{"dynamic": false, "options": [], "end_point": null, "validation": {"maxDate": "", "minDate": ""}}	4	\N	34
136	2025-10-06 13:22:38.68257+05:30	2025-10-06 13:22:38.682586+05:30	f	Attachment 	Attachment 	f	4	{"dynamic": false, "options": [], "end_point": null, "validation": {"fileType": "pdf,doc,txt", "isMultiple": false, "maxFileSize": 10}}	11	\N	34
137	2025-10-06 13:32:40.599646+05:30	2025-10-06 13:32:40.599658+05:30	f	Risk Justification	Risk Justification	f	0	{"dynamic": false, "options": [], "end_point": null, "validation": {"pattern": "", "maxLength": 100, "minLength": 1}}	2	\N	35
138	2025-10-06 13:32:40.601248+05:30	2025-10-06 13:32:40.601259+05:30	f	Risk Rating	Risk Rating	f	1	{"dynamic": false, "options": [], "end_point": null, "validation": {"max": 10, "min": 0, "step": 1}}	14	\N	35
139	2025-10-06 13:32:40.602743+05:30	2025-10-06 13:32:40.602763+05:30	f	Risk Category 	Risk Category 	f	2	{"dynamic": false, "options": ["Operational", "Safty", "Regulatory", "Financial"], "end_point": null, "validation": {"isMultiple": false, "maxSelection": 1, "minSelection": 1}}	8	\N	35
140	2025-10-06 13:32:40.604342+05:30	2025-10-06 13:32:40.604354+05:30	f	Impact 	Impact 	f	3	{"dynamic": false, "options": ["Low", "Medium", "High"], "end_point": null, "validation": {"isMultiple": false, "maxSelection": 1, "minSelection": 1}}	8	\N	35
141	2025-10-06 13:32:40.605752+05:30	2025-10-06 13:32:40.605763+05:30	f	Likelihood	Likelihood	f	4	{"dynamic": false, "options": ["Low", "Medium", "High"], "end_point": null, "validation": {"isMultiple": false, "maxSelection": 1, "minSelection": 1}}	8	\N	35
142	2025-10-06 13:35:18.886649+05:30	2025-10-06 13:35:18.886699+05:30	f	Treatment Plan	Treatment Plan	f	0	{"dynamic": false, "options": [], "end_point": null, "validation": {"pattern": "", "maxLength": 100, "minLength": 1}}	1	\N	36
143	2025-10-06 13:35:18.892507+05:30	2025-10-06 13:35:18.892564+05:30	f	Target Completion Date	Target Completion Date	f	1	{"dynamic": false, "options": [], "end_point": null, "validation": {"maxDate": "", "minDate": ""}}	4	\N	36
144	2025-10-06 13:35:18.897064+05:30	2025-10-06 13:35:18.897095+05:30	f	Treatment Type	Treatment Type	f	2	{"dynamic": false, "options": ["Mitigate", "Transfer", "Accept", "Avoid"], "end_point": null, "validation": {"isMultiple": false, "maxSelection": 1, "minSelection": 1}}	8	\N	36
145	2025-10-06 13:37:49.109491+05:30	2025-10-06 13:37:49.109504+05:30	f	Implementation Remarks 	Implementation Remarks 	f	0	{"dynamic": false, "options": [], "end_point": null, "validation": {"pattern": "", "maxLength": 100, "minLength": 1}}	2	\N	37
146	2025-10-06 13:37:49.111868+05:30	2025-10-06 13:37:49.111881+05:30	f	Actual Completion Date	Actual Completion Date	f	1	{"dynamic": false, "options": [], "end_point": null, "validation": {"maxDate": "", "minDate": ""}}	4	\N	37
147	2025-10-06 13:37:49.113884+05:30	2025-10-06 13:37:49.113902+05:30	f	Implementation Status	Implementation Status	f	2	{"dynamic": false, "options": ["In-Progress", "Completed", "Deplayed"], "end_point": null, "validation": {"isMultiple": false, "maxSelection": 1, "minSelection": 1}}	8	\N	37
148	2025-10-06 13:37:49.116993+05:30	2025-10-06 13:37:49.117011+05:30	f	Supporting Document 	Supporting Document 	f	3	{"dynamic": false, "options": [], "end_point": null, "validation": {"fileType": "pdf,doc,txt", "isMultiple": false, "maxFileSize": 10}}	11	\N	37
149	2025-10-06 13:39:31.673067+05:30	2025-10-06 13:39:31.673085+05:30	f	Review Comments	Review Comments	f	0	{"dynamic": false, "options": [], "end_point": null, "validation": {"pattern": "", "maxLength": 100, "minLength": 1}}	2	\N	38
150	2025-10-06 13:39:31.676209+05:30	2025-10-06 13:39:31.676229+05:30	f	Final Closure Date 	Final Closure Date 	f	1	{"dynamic": false, "options": [], "end_point": null, "validation": {"maxDate": "", "minDate": ""}}	4	\N	38
151	2025-10-06 13:39:31.678818+05:30	2025-10-06 13:39:31.678838+05:30	f	Risk Mitigation Effective?	Risk Mitigation Effective?	f	2	{"dynamic": false, "options": ["Yes", "No"], "end_point": null, "validation": {}}	9	\N	38
152	2025-10-07 12:37:46.090593+05:30	2025-10-07 12:37:46.090632+05:30	f	Risk Title	Risk Title	f	0	{"dynamic": false, "options": [], "end_point": null, "validation": {"pattern": "", "maxLength": 100, "minLength": 1}}	1	\N	40
153	2025-10-07 12:37:46.09903+05:30	2025-10-07 12:37:46.099069+05:30	f	Department	Department	f	1	{"dynamic": false, "options": ["Microbiology", "QA", "QC", "Warehouse", "Production"], "end_point": null, "validation": {"isMultiple": false, "maxSelection": 1, "minSelection": 1}}	8	\N	40
154	2025-10-07 12:37:46.10524+05:30	2025-10-07 12:37:46.105279+05:30	f	Risk Category	Risk Category	f	2	{"dynamic": false, "options": ["Product Quality", "Equipment Failure", "Safety", "Environmental", "Data Integrity"], "end_point": null, "validation": {"isMultiple": false, "maxSelection": 1, "minSelection": 1}}	8	\N	40
155	2025-10-07 12:37:46.111616+05:30	2025-10-07 12:37:46.111682+05:30	f	Description	Description	f	3	{"dynamic": false, "options": [], "end_point": null, "validation": {"pattern": "", "maxLength": 10000, "minLength": 1}}	2	\N	40
156	2025-10-07 12:41:58.506333+05:30	2025-10-07 12:41:58.506387+05:30	f	Source of Risk	Source of Risk	f	0	{"dynamic": false, "options": [], "end_point": null, "validation": {"pattern": "", "maxLength": 10000, "minLength": 1}}	2	\N	41
157	2025-10-07 12:41:58.51096+05:30	2025-10-07 12:41:58.510995+05:30	f	Potential Impact Area	Potential Impact Area	f	1	{"dynamic": false, "options": ["Product Quality", "Patient Safety", "Compliance", "Environment"], "end_point": null, "validation": {"isMultiple": false, "maxSelection": 1, "minSelection": 1}}	8	\N	41
158	2025-10-07 12:41:58.515258+05:30	2025-10-07 12:41:58.515293+05:30	f	Severity	Severity	f	2	{"dynamic": false, "options": ["Minor", "Moderate", "Major", "Critical"], "end_point": null, "validation": {}}	9	\N	41
159	2025-10-07 12:41:58.52005+05:30	2025-10-07 12:41:58.520084+05:30	f	Identified By	Identified By	f	3	{"dynamic": false, "options": [], "end_point": null, "validation": {"pattern": "", "maxLength": 100, "minLength": 1}}	1	\N	41
160	2025-10-07 12:45:22.244702+05:30	2025-10-07 12:45:22.244757+05:30	f	Occurrence	Occurrence	f	0	{"dynamic": false, "options": ["Rare", "Unlikely", "Possible", "Likely", "Frequent"], "end_point": null, "validation": {"isMultiple": false, "maxSelection": 1, "minSelection": 1}}	8	\N	42
161	2025-10-07 12:45:22.254886+05:30	2025-10-07 12:45:22.254944+05:30	f	Detection	Detection	f	1	{"dynamic": false, "options": ["Easily Detected", "Moderately Detected", "Hard to Detect", "Rarely Detected", "Not Detectable"], "end_point": null, "validation": {"isMultiple": false, "maxSelection": 1, "minSelection": 1}}	8	\N	42
162	2025-10-07 12:45:22.261758+05:30	2025-10-07 12:45:22.261798+05:30	f	RPN Score	RPN Score	f	2	{"dynamic": false, "options": [], "end_point": null, "validation": {"pattern": "", "maxLength": 100, "minLength": 1}}	1	\N	42
163	2025-10-07 12:45:22.268578+05:30	2025-10-07 12:45:22.268617+05:30	f	Current Controls	Current Controls	f	3	{"dynamic": false, "options": [], "end_point": null, "validation": {"pattern": "", "maxLength": 10000, "minLength": 1}}	2	\N	42
164	2025-10-07 12:45:30.734584+05:30	2025-10-07 12:45:30.734621+05:30	f	Department	Department	f	0	{"dynamic": true, "options": [], "end_point": "/api/get_department_designation_role/department/?source=dropdown", "validation": {"isMultiple": false, "maxSelection": 1, "minSelection": 1}}	21	\N	43
165	2025-10-07 12:47:20.058771+05:30	2025-10-07 12:47:20.058809+05:30	f	Action / Mitigation Plan	Action / Mitigation Plan	f	0	{"dynamic": false, "options": [], "end_point": null, "validation": {"pattern": "", "maxLength": 10000, "minLength": 1}}	2	\N	44
166	2025-10-07 12:47:20.064025+05:30	2025-10-07 12:47:20.064063+05:30	f	Responsible Person	Responsible Person	f	1	{"dynamic": false, "options": [], "end_point": null, "validation": {"pattern": "", "maxLength": 100, "minLength": 1}}	1	\N	44
167	2025-10-07 12:47:20.069108+05:30	2025-10-07 12:47:20.069168+05:30	f	Target Completion Date	Target Completion Date	f	2	{"dynamic": false, "options": [], "end_point": null, "validation": {"maxDate": "", "minDate": ""}}	4	\N	44
168	2025-10-07 12:47:20.073955+05:30	2025-10-07 12:47:20.073992+05:30	f	Status	Status	f	3	{"dynamic": false, "options": ["Not Started", "In Progress", "Completed"], "end_point": null, "validation": {"isMultiple": false, "maxSelection": 1, "minSelection": 1}}	8	\N	44
169	2025-10-07 12:47:23.478798+05:30	2025-10-07 12:47:23.478817+05:30	f	Title	Title	t	0	{"dynamic": false, "options": [], "end_point": null, "validation": {"pattern": "", "maxLength": 100, "minLength": 1}}	1	\N	45
171	2025-10-07 12:47:23.484686+05:30	2025-10-07 12:47:23.484708+05:30	f	Audit Date	Audit Date	f	2	{"dynamic": false, "options": [], "end_point": null, "validation": {"maxDate": "", "minDate": ""}}	4	\N	45
177	2025-10-07 12:49:51.893142+05:30	2025-10-07 12:49:51.893162+05:30	f	Post-Mitigation RPN	rpn	f	0	{"dynamic": false, "options": [], "end_point": null, "validation": {"pattern": "", "maxLength": 100, "minLength": 1}}	1	\N	47
178	2025-10-07 12:49:51.895569+05:30	2025-10-07 12:49:51.895586+05:30	f	Verification of Effectiveness	effectiveness_verification	f	1	{"dynamic": false, "options": ["Effective", "Not Effective"], "end_point": null, "validation": {"isMultiple": false, "maxSelection": 1, "minSelection": 1}}	8	\N	47
179	2025-10-07 12:49:51.897506+05:30	2025-10-07 12:49:51.897522+05:30	f	Final Approval By	final_approvar	f	2	{"dynamic": false, "options": [], "end_point": null, "validation": {"pattern": "", "maxLength": 100, "minLength": 1}}	1	\N	47
180	2025-10-07 12:49:51.899569+05:30	2025-10-07 12:49:51.899583+05:30	f	Residual Risk Level	Residual Risk Level	f	3	{"dynamic": false, "options": ["Low", "Medium", "High"], "end_point": null, "validation": {"isMultiple": false, "maxSelection": 1, "minSelection": 1}}	8	\N	47
181	2025-10-07 12:49:51.901478+05:30	2025-10-07 12:49:51.901492+05:30	f	Effectiveness	Effectiveness	f	4	{"dynamic": false, "options": ["Effective", "Ineffective", "Requires Follow-up"], "end_point": null, "validation": {"isMultiple": false, "maxSelection": 1, "minSelection": 1}}	8	\N	47
186	2025-10-07 13:10:13.345402+05:30	2025-10-07 13:10:13.345414+05:30	f	Auditor Name	Auditor Name	f	0	{"dynamic": false, "options": [], "end_point": null, "validation": {"pattern": "", "maxLength": 100, "minLength": 1}}	1	\N	49
187	2025-10-07 13:10:13.347021+05:30	2025-10-07 13:10:13.347038+05:30	f	Scope of audit	scope of audit	f	1	{"dynamic": false, "options": [], "end_point": null, "validation": {"pattern": "", "maxLength": 100, "minLength": 1}}	2	\N	49
188	2025-10-07 13:10:13.348468+05:30	2025-10-07 13:10:13.348479+05:30	f	Observation	Observation	f	2	{"dynamic": false, "options": [], "end_point": null, "validation": {"pattern": "", "maxLength": 100, "minLength": 1}}	2	\N	49
189	2025-10-07 13:10:13.34974+05:30	2025-10-07 13:10:13.349752+05:30	f	Evidence Collected	Evidence Collected	f	3	{"dynamic": false, "options": [], "end_point": null, "validation": {"fileType": "pdf,docx,txt", "isMultiple": false, "maxFileSize": 10}}	11	\N	49
190	2025-10-07 13:10:13.352906+05:30	2025-10-07 13:10:13.352918+05:30	f	Compliance Status	Compliance Status	f	4	{"dynamic": false, "options": ["Compliant", "Major NC", "Minor NC", "Observation"], "end_point": null, "validation": {"isMultiple": false, "maxSelection": 1, "minSelection": 1}}	8	\N	49
191	2025-10-07 13:11:41.063991+05:30	2025-10-07 13:11:41.064007+05:30	f	Audit Summary	Audit Summary	f	0	{"dynamic": false, "options": [], "end_point": null, "validation": {"pattern": "", "maxLength": 100, "minLength": 1}}	2	\N	50
192	2025-10-07 13:11:41.068069+05:30	2025-10-07 13:11:41.068087+05:30	f	Root Cause	Root Cause	f	1	{"dynamic": false, "options": [], "end_point": null, "validation": {"pattern": "", "maxLength": 100, "minLength": 1}}	2	\N	50
193	2025-10-07 13:11:41.073269+05:30	2025-10-07 13:11:41.073286+05:30	f	Report File	Report File	f	2	{"dynamic": false, "options": [], "end_point": null, "validation": {"fileType": "pdf,docx,txt", "isMultiple": false, "maxFileSize": 10}}	11	\N	50
194	2025-10-07 13:14:20.216164+05:30	2025-10-07 13:14:20.216178+05:30	f	Review Date	Review Date	f	0	{"dynamic": false, "options": [], "end_point": null, "validation": {"maxDate": "", "minDate": ""}}	4	\N	51
195	2025-10-07 13:14:20.217861+05:30	2025-10-07 13:14:20.217873+05:30	f	Remarks	Remarks	f	1	{"dynamic": false, "options": [], "end_point": null, "validation": {"pattern": "", "maxLength": 100, "minLength": 1}}	2	\N	51
196	2025-10-07 13:14:20.219537+05:30	2025-10-07 13:14:20.21955+05:30	f	Attachment	Attachment	f	2	{"dynamic": false, "options": [], "end_point": null, "validation": {"fileType": "pdf,doc,txt", "isMultiple": false, "maxFileSize": 10}}	11	\N	51
197	2025-10-07 13:47:18.610313+05:30	2025-10-07 13:47:18.610352+05:30	f	Title	Title	f	0	{"dynamic": false, "options": [], "end_point": null, "validation": {"pattern": "", "maxLength": 100, "minLength": 1}}	1	\N	52
198	2025-10-07 13:47:18.616214+05:30	2025-10-07 13:47:18.616252+05:30	f	Department	Department	f	1	{"dynamic": false, "options": ["Production", "QA", "Warehouse", "R&D", "Microbiology"], "end_point": null, "validation": {"isMultiple": false, "maxSelection": 1, "minSelection": 1}}	8	\N	52
199	2025-10-07 13:47:18.621371+05:30	2025-10-07 13:47:18.621408+05:30	f	Reported By	Reported By	f	2	{"dynamic": false, "options": [], "end_point": null, "validation": {"pattern": "", "maxLength": 100, "minLength": 1}}	1	\N	52
200	2025-10-07 13:47:18.624822+05:30	2025-10-07 13:47:18.624848+05:30	f	Description	Description	f	3	{"dynamic": false, "options": [], "end_point": null, "validation": {"pattern": "", "maxLength": 10000, "minLength": 1}}	2	\N	52
201	2025-10-07 13:50:04.801203+05:30	2025-10-07 13:50:04.801214+05:30	f	Title	Title	f	0	{"dynamic": false, "options": [], "end_point": null, "validation": {"pattern": "", "maxLength": 100, "minLength": 1}}	1	\N	53
202	2025-10-07 13:50:04.802954+05:30	2025-10-07 13:50:04.802965+05:30	f	Initiated by	Initiated by	f	1	{"dynamic": false, "options": [], "end_point": null, "validation": {"pattern": "", "maxLength": 100, "minLength": 1}}	1	\N	53
203	2025-10-07 13:50:04.804378+05:30	2025-10-07 13:50:04.804389+05:30	f	Initiation Date	Initiation Date	f	2	{"dynamic": false, "options": [], "end_point": null, "validation": {"maxDate": "", "minDate": ""}}	4	\N	53
204	2025-10-07 13:50:04.806083+05:30	2025-10-07 13:50:04.806094+05:30	f	Department	Department	f	3	{"dynamic": true, "options": [], "end_point": "/config/get_department_designation_role/department/?source=dropdown", "validation": {"isMultiple": false, "maxSelection": 1, "minSelection": 1}}	21	\N	53
205	2025-10-07 13:50:04.807839+05:30	2025-10-07 13:50:04.807851+05:30	f	Attachments	Attachments	f	4	{"dynamic": false, "options": [], "end_point": null, "validation": {"fileType": "pdf", "isMultiple": false, "maxFileSize": 10}}	11	\N	53
206	2025-10-07 13:50:35.306917+05:30	2025-10-07 13:50:35.306928+05:30	f	Problem Statement	Problem Statement	f	0	{"dynamic": false, "options": [], "end_point": null, "validation": {"pattern": "", "maxLength": 10000, "minLength": 1}}	2	\N	54
207	2025-10-07 13:50:35.308716+05:30	2025-10-07 13:50:35.308727+05:30	f	Impact Area	Impact Area	f	1	{"dynamic": false, "options": ["Product Quality", "GMP Compliance", "Safety", "Data Integrity", "Environment"], "end_point": null, "validation": {"isMultiple": false, "maxSelection": 1, "minSelection": 1}}	8	\N	54
208	2025-10-07 13:50:35.310238+05:30	2025-10-07 13:50:35.31025+05:30	f	Severity Level	Severity Level	f	2	{"dynamic": false, "options": ["Minor", "Major", "Critical"], "end_point": null, "validation": {"isMultiple": false, "maxSelection": 1, "minSelection": 1}}	8	\N	54
209	2025-10-07 13:50:35.311659+05:30	2025-10-07 13:50:35.311669+05:30	f	Initial Assessment Summary	Initial Assessment Summary	f	3	{"dynamic": false, "options": [], "end_point": null, "validation": {"pattern": "", "maxLength": 10000, "minLength": 1}}	2	\N	54
210	2025-10-07 13:52:19.967971+05:30	2025-10-07 13:52:19.967997+05:30	f	Disposition Action Taken	Disposition Action Taken	f	0	{"dynamic": false, "options": [], "end_point": null, "validation": {"pattern": "", "maxLength": 100, "minLength": 1}}	1	\N	55
211	2025-10-07 13:52:19.971756+05:30	2025-10-07 13:52:19.971782+05:30	f	Responsible Person	Responsible Person	f	1	{"dynamic": false, "options": [], "end_point": null, "validation": {"pattern": "", "maxLength": 100, "minLength": 1}}	1	\N	55
212	2025-10-07 13:52:19.974247+05:30	2025-10-07 13:52:19.974265+05:30	f	Date of Action	Date of Action	f	2	{"dynamic": false, "options": [], "end_point": null, "validation": {"maxDate": "", "minDate": ""}}	4	\N	55
213	2025-10-07 13:53:37.685468+05:30	2025-10-07 13:53:37.685481+05:30	f	Description	Description	f	0	{"dynamic": false, "options": [], "end_point": null, "validation": {"pattern": "", "maxLength": 100, "minLength": 1}}	2	\N	56
214	2025-10-07 13:53:37.687221+05:30	2025-10-07 13:53:37.687234+05:30	f	Product Reference	Product Reference	f	1	{"dynamic": false, "options": [], "end_point": null, "validation": {"pattern": "", "maxLength": 100, "minLength": 1}}	1	\N	56
215	2025-10-07 13:53:37.68863+05:30	2025-10-07 13:53:37.688642+05:30	f	Containment Action	Containment Action	f	2	{"dynamic": false, "options": [], "end_point": null, "validation": {"pattern": "", "maxLength": 100, "minLength": 1}}	2	\N	56
216	2025-10-07 13:53:37.690086+05:30	2025-10-07 13:53:37.690098+05:30	f	Responsible Person	Responsible Person	f	3	{"dynamic": false, "options": [], "end_point": null, "validation": {"pattern": "", "maxLength": 100, "minLength": 1}}	1	\N	56
217	2025-10-07 13:56:39.712729+05:30	2025-10-07 13:56:39.71274+05:30	f	Root Cause Method Used	Root Cause Method Used	f	0	{"dynamic": false, "options": ["5 Why", "Fishbone Diagram", "Brainstorming", "FMEA"], "end_point": null, "validation": {"isMultiple": false, "maxSelection": 1, "minSelection": 1}}	8	\N	57
218	2025-10-07 13:56:39.714348+05:30	2025-10-07 13:56:39.71436+05:30	f	Identified Root Cause	Identified Root Cause	f	1	{"dynamic": false, "options": [], "end_point": null, "validation": {"pattern": "", "maxLength": 10000, "minLength": 1}}	2	\N	57
219	2025-10-07 13:56:39.715794+05:30	2025-10-07 13:56:39.715809+05:30	f	Contributing Factors	Contributing Factors	f	2	{"dynamic": false, "options": [], "end_point": null, "validation": {"pattern": "", "maxLength": 10000, "minLength": 1}}	2	\N	57
220	2025-10-07 13:56:39.717243+05:30	2025-10-07 13:56:39.717254+05:30	f	Analyzed By	Analyzed By	f	3	{"dynamic": false, "options": [], "end_point": null, "validation": {"pattern": "", "maxLength": 100, "minLength": 1}}	1	\N	57
221	2025-10-07 13:56:43.116738+05:30	2025-10-07 13:56:43.116758+05:30	f	Root Cause Method Used	Root Cause Method Used	f	0	{"dynamic": false, "options": ["5 Whys", "Fishbone", "Brainstroming"], "end_point": null, "validation": {"isMultiple": false, "maxSelection": 1, "minSelection": 1}}	8	\N	58
222	2025-10-07 13:56:43.119926+05:30	2025-10-07 13:56:43.119946+05:30	f	Root Cause Summary	Root Cause Summary	f	1	{"dynamic": false, "options": [], "end_point": null, "validation": {"pattern": "", "maxLength": 100, "minLength": 1}}	2	\N	58
223	2025-10-07 13:56:43.122357+05:30	2025-10-07 13:56:43.122373+05:30	f	Corrective Action Plan	Corrective Action Plan	f	2	{"dynamic": false, "options": [], "end_point": null, "validation": {"pattern": "", "maxLength": 100, "minLength": 1}}	2	\N	58
224	2025-10-07 13:56:43.124622+05:30	2025-10-07 13:56:43.124638+05:30	f	Preventive Action Plan	Preventive Action Plan	f	3	{"dynamic": false, "options": [], "end_point": null, "validation": {"pattern": "", "maxLength": 100, "minLength": 1}}	2	\N	58
225	2025-10-07 13:56:43.126701+05:30	2025-10-07 13:56:43.126729+05:30	f	Target Completion Date	Target Completion Date	f	4	{"dynamic": false, "options": [], "end_point": null, "validation": {"maxDate": "", "minDate": ""}}	4	\N	58
226	2025-10-07 13:58:33.832712+05:30	2025-10-07 13:58:33.83273+05:30	f	Verification Method	Verification Method	f	0	{"dynamic": false, "options": [], "end_point": null, "validation": {"pattern": "", "maxLength": 100, "minLength": 1}}	1	\N	59
227	2025-10-07 13:58:33.835082+05:30	2025-10-07 13:58:33.835099+05:30	f	Verified By	Verified By	f	1	{"dynamic": false, "options": [], "end_point": null, "validation": {"pattern": "", "maxLength": 100, "minLength": 1}}	1	\N	59
228	2025-10-07 13:58:33.837062+05:30	2025-10-07 13:58:33.837079+05:30	f	Verification Date	Verification Date	f	2	{"dynamic": false, "options": [], "end_point": null, "validation": {"maxDate": "", "minDate": ""}}	4	\N	59
229	2025-10-07 13:58:33.838959+05:30	2025-10-07 13:58:33.838974+05:30	f	QA Review Remarks	QA Review Remarks	f	3	{"dynamic": false, "options": [], "end_point": null, "validation": {"pattern": "", "maxLength": 10000, "minLength": 1}}	2	\N	59
230	2025-10-07 13:59:28.375946+05:30	2025-10-07 13:59:28.375983+05:30	f	Action Implemented	Action Implemented	f	0	{"dynamic": false, "options": ["yes", "no"], "end_point": null, "validation": {"isMultiple": false, "maxSelection": 1, "minSelection": 1}}	8	\N	60
231	2025-10-07 13:59:28.38224+05:30	2025-10-07 13:59:28.382303+05:30	f	Implementation Details	Implementation Details	f	1	{"dynamic": false, "options": [], "end_point": null, "validation": {"pattern": "", "maxLength": 100, "minLength": 1}}	2	\N	60
232	2025-10-07 13:59:28.389582+05:30	2025-10-07 13:59:28.389639+05:30	f	Verified By	Verified By	f	2	{"dynamic": false, "options": [], "end_point": null, "validation": {"pattern": "", "maxLength": 100, "minLength": 1}}	1	\N	60
233	2025-10-07 13:59:28.394094+05:30	2025-10-07 13:59:28.394152+05:30	f	Verification Date	Verification Date	f	3	{"dynamic": false, "options": [], "end_point": null, "validation": {"maxDate": "", "minDate": ""}}	4	\N	60
234	2025-10-07 14:00:14.178677+05:30	2025-10-07 14:00:14.178697+05:30	f	Corrective Action	Corrective Action	f	0	{"dynamic": false, "options": [], "end_point": null, "validation": {"pattern": "", "maxLength": 10000, "minLength": 1}}	2	\N	61
235	2025-10-07 14:00:14.18155+05:30	2025-10-07 14:00:14.181567+05:30	f	Preventive Action	Preventive Action	f	1	{"dynamic": false, "options": [], "end_point": null, "validation": {"pattern": "", "maxLength": 10000, "minLength": 1}}	2	\N	61
236	2025-10-07 14:00:14.18368+05:30	2025-10-07 14:00:14.183697+05:30	f	Responsible Person	Responsible Person	f	2	{"dynamic": false, "options": [], "end_point": null, "validation": {"pattern": "", "maxLength": 100, "minLength": 1}}	1	\N	61
237	2025-10-07 14:00:14.185674+05:30	2025-10-07 14:00:14.185688+05:30	f	Target Completion Date	Target Completion Date	f	3	{"dynamic": false, "options": [], "end_point": null, "validation": {"maxDate": "", "minDate": ""}}	4	\N	61
238	2025-10-07 14:02:19.93889+05:30	2025-10-07 14:02:19.938902+05:30	f	Implementation Status	Implementation Status	f	0	{"dynamic": false, "options": ["Not Started", "In Progress", "Completed", "Verified"], "end_point": null, "validation": {"isMultiple": false, "maxSelection": 1, "minSelection": 1}}	8	\N	62
239	2025-10-07 14:02:19.940487+05:30	2025-10-07 14:02:19.940498+05:30	f	Verification Remarks	Verification Remarks	f	1	{"dynamic": false, "options": [], "end_point": null, "validation": {"pattern": "", "maxLength": 100, "minLength": 1}}	2	\N	62
240	2025-10-07 14:02:19.941828+05:30	2025-10-07 14:02:19.941839+05:30	f	Verified By	Verified By	f	2	{"dynamic": false, "options": [], "end_point": null, "validation": {"pattern": "", "maxLength": 100, "minLength": 1}}	1	\N	62
241	2025-10-07 14:02:19.943151+05:30	2025-10-07 14:02:19.943163+05:30	f	Verification Date	Verification Date	f	3	{"dynamic": false, "options": [], "end_point": null, "validation": {"maxDate": "", "minDate": ""}}	4	\N	62
242	2025-10-07 14:02:53.004706+05:30	2025-10-07 14:02:53.004742+05:30	f	Effectiveness Verified	Effectiveness Verified	f	0	{"dynamic": false, "options": ["Effective", "Not Effective"], "end_point": null, "validation": {"isMultiple": false, "maxSelection": 1, "minSelection": 1}}	8	\N	63
243	2025-10-07 14:02:53.00877+05:30	2025-10-07 14:02:53.008791+05:30	f	Closure Remarks	Closure Remarks	f	1	{"dynamic": false, "options": [], "end_point": null, "validation": {"pattern": "", "maxLength": 100, "minLength": 1}}	2	\N	63
244	2025-10-07 14:02:53.011492+05:30	2025-10-07 14:02:53.011508+05:30	f	Supporting Documents	Supporting Documents	f	2	{"dynamic": false, "options": [], "end_point": null, "validation": {"fileType": "pdf,doc,txt", "isMultiple": false, "maxFileSize": 10}}	11	\N	63
245	2025-10-07 14:03:50.652218+05:30	2025-10-07 14:03:50.652234+05:30	f	Effectiveness Review Result	Effectiveness Review Result	f	0	{"dynamic": false, "options": ["Effective", "Ineffective", "Requires Follow-Up"], "end_point": null, "validation": {"isMultiple": false, "maxSelection": 1, "minSelection": 1}}	8	\N	64
246	2025-10-07 14:03:50.654436+05:30	2025-10-07 14:03:50.654455+05:30	f	Final Remarks	Final Remarks	f	1	{"dynamic": false, "options": [], "end_point": null, "validation": {"pattern": "", "maxLength": 10000, "minLength": 1}}	2	\N	64
247	2025-10-07 14:03:50.656206+05:30	2025-10-07 14:03:50.65622+05:30	f	Closure Date	Closure Date	f	2	{"dynamic": false, "options": [], "end_point": null, "validation": {"maxDate": "", "minDate": ""}}	4	\N	64
248	2025-10-07 14:03:50.657783+05:30	2025-10-07 14:03:50.657796+05:30	f	Closed By	Closed By	f	3	{"dynamic": false, "options": [], "end_point": null, "validation": {"pattern": "", "maxLength": 100, "minLength": 1}}	1	\N	64
249	2025-10-07 15:23:47.661964+05:30	2025-10-07 15:23:47.661978+05:30	f	Change Title	Change Title	f	0	{"dynamic": false, "options": [], "end_point": null, "validation": {"pattern": "", "maxLength": 100, "minLength": 1}}	1	\N	65
250	2025-10-07 15:23:47.66389+05:30	2025-10-07 15:23:47.663902+05:30	f	Initiated By	Initiated By	f	1	{"dynamic": false, "options": [], "end_point": null, "validation": {"pattern": "", "maxLength": 100, "minLength": 1}}	1	\N	65
251	2025-10-07 15:23:47.665313+05:30	2025-10-07 15:23:47.665324+05:30	f	Department	Department	f	2	{"dynamic": false, "options": ["QA", "Production", "Engineering", "R&D", "Warehouse"], "end_point": null, "validation": {"isMultiple": false, "maxSelection": 1, "minSelection": 1}}	8	\N	65
252	2025-10-07 15:23:47.666934+05:30	2025-10-07 15:23:47.666951+05:30	f	Type of Change	Type of Change	f	3	{"dynamic": false, "options": ["Document", "Equipment", "Process", "Utility", "Computer System", "Supplier"], "end_point": null, "validation": {"isMultiple": false, "maxSelection": 1, "minSelection": 1}}	8	\N	65
253	2025-10-07 15:23:47.6691+05:30	2025-10-07 15:23:47.669129+05:30	f	Justification for Change	Justification for Change	f	4	{"dynamic": false, "options": [], "end_point": null, "validation": {"pattern": "", "maxLength": 10000, "minLength": 1}}	2	\N	65
254	2025-10-07 15:23:47.67071+05:30	2025-10-07 15:23:47.670722+05:30	f	Priority	Priority	f	5	{"dynamic": false, "options": ["Critical", "Major", "Minor"], "end_point": null, "validation": {"isMultiple": false, "maxSelection": 1, "minSelection": 1}}	8	\N	65
255	2025-10-07 15:26:46.251418+05:30	2025-10-07 15:26:46.251432+05:30	f	Impact on Product Quality	Impact on Product Quality	f	0	{"dynamic": false, "options": ["Yes", "No", "Not Applicable"], "end_point": null, "validation": {"isMultiple": false, "maxSelection": 1, "minSelection": 1}}	8	\N	66
256	2025-10-07 15:26:46.25352+05:30	2025-10-07 15:26:46.253534+05:30	f	Impact on Validation Status	Impact on Validation Status	f	1	{"dynamic": false, "options": ["Yes", "No", "Not Applicable"], "end_point": null, "validation": {"isMultiple": false, "maxSelection": 1, "minSelection": 1}}	8	\N	66
257	2025-10-07 15:26:46.255386+05:30	2025-10-07 15:26:46.2554+05:30	f	Impact on Equipment/Facility	Impact on Equipment/Facility	f	2	{"dynamic": false, "options": ["Yes", "No", "Not Applicable"], "end_point": null, "validation": {"isMultiple": false, "maxSelection": 1, "minSelection": 1}}	8	\N	66
258	2025-10-07 15:29:57.486321+05:30	2025-10-07 15:29:57.486337+05:30	f	Change Implementation Plan	Change Implementation Plan	f	0	{"dynamic": false, "options": [], "end_point": null, "validation": {"pattern": "", "maxLength": 10000, "minLength": 1}}	2	\N	67
259	2025-10-07 15:29:57.487951+05:30	2025-10-07 15:29:57.487962+05:30	f	Responsible Person(s)	Responsible Person	f	1	{"dynamic": false, "options": [], "end_point": null, "validation": {"pattern": "", "maxLength": 100, "minLength": 1}}	1	\N	67
260	2025-10-07 15:29:57.489572+05:30	2025-10-07 15:29:57.489584+05:30	f	Required Documents	Required Documents	f	2	{"dynamic": false, "options": [], "end_point": null, "validation": {"fileType": "pdf,doc,txt", "isMultiple": false, "maxFileSize": 10}}	11	\N	67
261	2025-10-07 15:29:57.491612+05:30	2025-10-07 15:29:57.491625+05:30	f	Expected Completion Date	Expected Completion Date	f	3	{"dynamic": false, "options": [], "end_point": null, "validation": {"maxDate": "", "minDate": ""}}	4	\N	67
262	2025-10-07 15:31:16.938669+05:30	2025-10-07 15:31:16.938684+05:30	f	Date of Implementation	Date of Implementation	f	0	{"dynamic": false, "options": [], "end_point": null, "validation": {"maxDate": "", "minDate": ""}}	4	\N	68
263	2025-10-07 15:31:16.940687+05:30	2025-10-07 15:31:16.940699+05:30	f	Implementation Summary	Implementation Summary	f	1	{"dynamic": false, "options": [], "end_point": null, "validation": {"pattern": "", "maxLength": 10000, "minLength": 1}}	2	\N	68
264	2025-10-07 15:31:16.942203+05:30	2025-10-07 15:31:16.942216+05:30	f	Attach Implementation Records	Attach Implementation Records	f	2	{"dynamic": false, "options": [], "end_point": null, "validation": {"fileType": "pdf,doc,txt", "isMultiple": false, "maxFileSize": 10}}	11	\N	68
265	2025-10-07 15:31:16.94362+05:30	2025-10-07 15:31:16.943633+05:30	f	Implemented By	Implemented By	f	3	{"dynamic": false, "options": [], "end_point": null, "validation": {"pattern": "", "maxLength": 100, "minLength": 1}}	1	\N	68
266	2025-10-07 15:33:07.331357+05:30	2025-10-07 15:33:07.33137+05:30	f	Verification Method	Verification Method	f	0	{"dynamic": false, "options": ["Observation", "Review", "Testing", "Validation"], "end_point": null, "validation": {"isMultiple": false, "maxSelection": 1, "minSelection": 1}}	8	\N	69
267	2025-10-07 15:33:07.333063+05:30	2025-10-07 15:33:07.333075+05:30	f	Verification Results	Verification Results	f	1	{"dynamic": false, "options": [], "end_point": null, "validation": {"pattern": "", "maxLength": 10000, "minLength": 1}}	2	\N	69
268	2025-10-07 15:33:07.3345+05:30	2025-10-07 15:33:07.334512+05:30	f	Effectiveness Evaluation	Effectiveness Evaluation	f	2	{"dynamic": false, "options": ["Effective", "Non Effective"], "end_point": null, "validation": {"isMultiple": false, "maxSelection": 1, "minSelection": 1}}	8	\N	69
269	2025-10-07 15:35:09.217334+05:30	2025-10-07 15:35:09.217368+05:30	f	Summary of Change Outcome	Summary of Change Outcome	f	0	{"dynamic": false, "options": [], "end_point": null, "validation": {"pattern": "", "maxLength": 10000, "minLength": 1}}	2	\N	70
270	2025-10-07 15:35:09.222545+05:30	2025-10-07 15:35:09.222578+05:30	f	All Actions Completed	All Actions Completed	f	1	{"dynamic": false, "options": ["Yes", "No"], "end_point": null, "validation": {"isMultiple": false, "maxSelection": 1, "minSelection": 1}}	8	\N	70
271	2025-10-07 15:35:09.227062+05:30	2025-10-07 15:35:09.227095+05:30	f	Closure Remarks	Closure Remarks	f	2	{"dynamic": false, "options": [], "end_point": null, "validation": {"pattern": "", "maxLength": 10000, "minLength": 1}}	2	\N	70
272	2025-10-07 15:35:09.231432+05:30	2025-10-07 15:35:09.231466+05:30	f	Closed By	Closed By	f	3	{"dynamic": false, "options": [], "end_point": null, "validation": {"pattern": "", "maxLength": 100, "minLength": 1}}	1	\N	70
273	2025-10-07 15:35:09.235839+05:30	2025-10-07 15:35:09.235872+05:30	f	Closure Date	Closure Date	f	4	{"dynamic": false, "options": [], "end_point": null, "validation": {"maxDate": "", "minDate": ""}}	4	\N	70
274	2025-10-07 15:35:09.240257+05:30	2025-10-07 15:35:09.240291+05:30	f	Attach Final Records	Attach Final Records	f	5	{"dynamic": false, "options": [], "end_point": null, "validation": {"fileType": "pdf,doc,txt", "isMultiple": false, "maxFileSize": 10}}	11	\N	70
170	2025-10-07 12:47:23.481885+05:30	2025-10-07 12:47:23.481905+05:30	f	Department	department	f	1	{"dynamic": true, "options": [], "end_point": "/config/get_department_designation_role/department/?source=dropdown", "validation": {"isMultiple": false, "maxSelection": 1, "minSelection": 1}}	21	\N	45
\.


--
-- Data for Name: formsapp_formsections; Type: TABLE DATA; Schema: public; Owner: postgres
--

COPY public.formsapp_formsections (id, created_on, updated_on, is_deleted, name, description, "order", form_id) FROM stdin;
1	2025-10-03 17:22:35.463347+05:30	2025-10-03 17:22:35.463397+05:30	f	Workflow Creation Request Form	\N	0	1
2	2025-10-03 17:28:21.999916+05:30	2025-10-03 17:28:21.999964+05:30	f	Final Approval Form	\N	0	2
3	2025-10-03 18:37:49.726089+05:30	2025-10-03 18:37:49.726126+05:30	f	Problem Details	\N	0	3
4	2025-10-03 18:41:29.974344+05:30	2025-10-03 18:41:29.974358+05:30	f	Containment Details	\N	0	4
5	2025-10-03 18:45:58.978291+05:30	2025-10-03 18:45:58.978307+05:30	f	Root Cause Analysis	\N	0	5
6	2025-10-03 18:49:56.64827+05:30	2025-10-03 18:49:56.648307+05:30	f	Corrective Action Plan	\N	0	6
7	2025-10-03 18:52:18.621247+05:30	2025-10-03 18:52:18.621263+05:30	f	Action Implementation	\N	0	7
8	2025-10-03 18:55:07.747857+05:30	2025-10-03 18:55:07.747871+05:30	f	Effectiveness Verification	\N	0	8
9	2025-10-03 18:58:23.112467+05:30	2025-10-03 18:58:23.112532+05:30	f	Preventive Action Details	\N	0	9
10	2025-10-03 19:00:25.407063+05:30	2025-10-03 19:00:25.407096+05:30	f	Closure Details	\N	0	10
16	2025-10-06 11:10:50.209468+05:30	2025-10-06 11:10:50.209505+05:30	f	Commercial Assessment	\N	0	16
17	2025-10-06 11:25:03.107738+05:30	2025-10-06 11:25:03.107772+05:30	f	Supplier Details	\N	0	17
18	2025-10-06 11:50:48.327568+05:30	2025-10-06 11:50:48.327614+05:30	f	Risk Evaluation	\N	0	18
19	2025-10-06 12:00:58.828515+05:30	2025-10-06 12:00:58.828585+05:30	f	Evaluation Criteria	\N	0	19
20	2025-10-06 12:00:58.870115+05:30	2025-10-06 12:00:58.870152+05:30	f	Quality Agreement	\N	0	19
21	2025-10-06 12:13:25.160875+05:30	2025-10-06 12:13:25.160898+05:30	f	Selection Details	\N	0	20
22	2025-10-06 12:13:25.171317+05:30	2025-10-06 12:13:25.171332+05:30	f	Contract Info	\N	0	20
23	2025-10-06 12:24:53.136229+05:30	2025-10-06 12:24:53.136265+05:30	f	First Sample	\N	0	21
24	2025-10-06 12:24:53.164194+05:30	2025-10-06 12:24:53.164247+05:30	f	Run Approval	\N	0	21
25	2025-10-06 12:35:58.76744+05:30	2025-10-06 12:35:58.76749+05:30	f	Onboarding Checklist	\N	0	22
26	2025-10-06 12:47:20.011454+05:30	2025-10-06 12:47:20.011516+05:30	f	Supplier Performance Scorecard	\N	0	23
27	2025-10-06 12:47:20.054359+05:30	2025-10-06 12:47:20.054405+05:30	f	Audit Record	\N	0	23
28	2025-10-06 12:56:45.30618+05:30	2025-10-06 12:56:45.306196+05:30	f	Non-Conformance Report (NCR)	\N	0	24
29	2025-10-06 12:56:45.312485+05:30	2025-10-06 12:56:45.312495+05:30	f	SCAR	\N	0	24
30	2025-10-06 13:03:33.053585+05:30	2025-10-06 13:03:33.053632+05:30	f	Development Plan	\N	0	25
32	2025-10-06 13:12:29.369575+05:30	2025-10-06 13:12:29.369593+05:30	f	Re-evaluation Summary	\N	0	27
33	2025-10-06 13:14:09.55758+05:30	2025-10-06 13:14:09.557601+05:30	f	Exit Record	\N	0	26
34	2025-10-06 13:22:38.669741+05:30	2025-10-06 13:22:38.669755+05:30	f	Risk Details	\N	0	29
35	2025-10-06 13:32:40.598016+05:30	2025-10-06 13:32:40.598028+05:30	f	Risk Assessment Details	\N	0	30
36	2025-10-06 13:35:18.878769+05:30	2025-10-06 13:35:18.878813+05:30	f	Action Planning	\N	0	31
37	2025-10-06 13:37:49.106824+05:30	2025-10-06 13:37:49.106837+05:30	f	Implementation	\N	0	32
38	2025-10-06 13:39:31.669957+05:30	2025-10-06 13:39:31.669976+05:30	f	Risk Review	\N	0	33
39	2025-10-07 12:32:42.601376+05:30	2025-10-07 12:32:42.601401+05:30	f	Pla	\N	0	34
40	2025-10-07 12:37:46.080557+05:30	2025-10-07 12:37:46.080617+05:30	f	Initiation	\N	0	11
41	2025-10-07 12:41:58.500617+05:30	2025-10-07 12:41:58.500652+05:30	f	Risk Identification Form	\N	0	12
42	2025-10-07 12:45:22.233758+05:30	2025-10-07 12:45:22.233812+05:30	f	Risk Evaluation & Assessment Form	\N	0	13
43	2025-10-07 12:45:30.727611+05:30	2025-10-07 12:45:30.727668+05:30	f	Planning	\N	0	36
44	2025-10-07 12:47:20.052335+05:30	2025-10-07 12:47:20.052374+05:30	f	Risk Control / Mitigation Plan Form	\N	0	14
45	2025-10-07 12:47:23.47167+05:30	2025-10-07 12:47:23.471689+05:30	f	Planning	\N	0	37
47	2025-10-07 12:49:51.889637+05:30	2025-10-07 12:49:51.889658+05:30	f	Risk Review & Closure Form	\N	0	15
49	2025-10-07 13:10:13.343527+05:30	2025-10-07 13:10:13.343539+05:30	f	Perform	\N	0	38
50	2025-10-07 13:11:41.059005+05:30	2025-10-07 13:11:41.059023+05:30	f	Submit Report	\N	0	39
51	2025-10-07 13:14:20.214396+05:30	2025-10-07 13:14:20.214408+05:30	f	Review	\N	0	40
52	2025-10-07 13:47:18.604296+05:30	2025-10-07 13:47:18.604334+05:30	f	Deviation / NC Initiation Form	\N	0	41
53	2025-10-07 13:50:04.799398+05:30	2025-10-07 13:50:04.79941+05:30	f	Initiation	\N	0	42
54	2025-10-07 13:50:35.305136+05:30	2025-10-07 13:50:35.305148+05:30	f	Problem Identification & Initial Assessment	\N	0	43
55	2025-10-07 13:52:19.962595+05:30	2025-10-07 13:52:19.962631+05:30	f	Immediate / Disposition Action	\N	0	45
56	2025-10-07 13:53:37.683611+05:30	2025-10-07 13:53:37.683625+05:30	f	Identification and Containment	\N	0	44
57	2025-10-07 13:56:39.711096+05:30	2025-10-07 13:56:39.711122+05:30	f	Root Cause Analysis 	\N	0	46
58	2025-10-07 13:56:43.112636+05:30	2025-10-07 13:56:43.11268+05:30	f	Planning	\N	0	47
59	2025-10-07 13:58:33.830307+05:30	2025-10-07 13:58:33.830323+05:30	f	Verification of Root Cause	\N	0	49
60	2025-10-07 13:59:28.368641+05:30	2025-10-07 13:59:28.368678+05:30	f	Implementation & Verification	\N	0	48
61	2025-10-07 14:00:14.17568+05:30	2025-10-07 14:00:14.175699+05:30	f	Corrective and Preventive Action (CAPA) Definition	\N	0	50
62	2025-10-07 14:02:19.937164+05:30	2025-10-07 14:02:19.937176+05:30	f	Implementation & Verification of CAPA	\N	0	52
63	2025-10-07 14:02:52.999588+05:30	2025-10-07 14:02:52.999628+05:30	f	Closure	\N	0	51
64	2025-10-07 14:03:50.64987+05:30	2025-10-07 14:03:50.649886+05:30	f	Effectiveness Check & Closure	\N	0	53
65	2025-10-07 15:23:47.660014+05:30	2025-10-07 15:23:47.660025+05:30	f	Change Control Initiation Form	\N	0	54
66	2025-10-07 15:26:46.249245+05:30	2025-10-07 15:26:46.24926+05:30	f	Impact Assessment	\N	0	55
67	2025-10-07 15:29:57.484408+05:30	2025-10-07 15:29:57.484421+05:30	f	Change Plan & Approval	\N	0	56
68	2025-10-07 15:31:16.93668+05:30	2025-10-07 15:31:16.936694+05:30	f	Implementation	\N	0	57
69	2025-10-07 15:33:07.329366+05:30	2025-10-07 15:33:07.329378+05:30	f	Verification & Effectiveness Check	\N	0	58
70	2025-10-07 15:35:09.212+05:30	2025-10-07 15:35:09.212032+05:30	f	Closure & Documentation	\N	0	59
\.


--
-- Data for Name: formsapp_formtype; Type: TABLE DATA; Schema: public; Owner: postgres
--

COPY public.formsapp_formtype (id, created_on, updated_on, is_deleted, name, description, parent_form_type_id) FROM stdin;
1	2025-10-03 17:10:34.652858+05:30	2025-10-03 17:10:34.652929+05:30	f	Workflow	\N	\N
2	2025-10-03 18:33:18.5041+05:30	2025-10-03 18:33:18.50414+05:30	f	CAPA	\N	\N
3	2025-10-03 19:07:18.726204+05:30	2025-10-03 19:07:18.72624+05:30	f	Risk Management	\N	\N
4	2025-10-06 10:58:40.978022+05:30	2025-10-06 10:58:40.978041+05:30	f	Supplier	\N	\N
5	2025-10-07 12:32:12.825159+05:30	2025-10-07 12:32:12.825211+05:30	f	Audit	\N	\N
6	2025-10-07 15:19:08.421858+05:30	2025-10-07 15:19:08.421876+05:30	f	General	\N	\N
\.


--
-- Data for Name: formsapp_parameter; Type: TABLE DATA; Schema: public; Owner: postgres
--

COPY public.formsapp_parameter (id, created_on, updated_on, is_deleted, name) FROM stdin;
\.


--
-- Data for Name: formsapp_parameterdata; Type: TABLE DATA; Schema: public; Owner: postgres
--

COPY public.formsapp_parameterdata (id, created_on, updated_on, is_deleted, is_optional, is_monitorable, expected_value, system_config, user_config, form_list_id, name_id, unit_id, section_id) FROM stdin;
\.


--
-- Data for Name: formsapp_parameterdatatype; Type: TABLE DATA; Schema: public; Owner: postgres
--

COPY public.formsapp_parameterdatatype (id, created_on, updated_on, is_deleted, additional_info, data_type_id, form_data_id) FROM stdin;
\.


--
-- Data for Name: formsapp_section; Type: TABLE DATA; Schema: public; Owner: postgres
--

COPY public.formsapp_section (id, created_on, updated_on, is_deleted, name, description) FROM stdin;
\.


--
-- Data for Name: inventoryapp_adddetailsfield; Type: TABLE DATA; Schema: public; Owner: postgres
--

COPY public.inventoryapp_adddetailsfield (id, created_on, updated_on, is_deleted, detail_config) FROM stdin;
\.


--
-- Data for Name: inventoryapp_adddetailsfieldlog; Type: TABLE DATA; Schema: public; Owner: postgres
--

COPY public.inventoryapp_adddetailsfieldlog (id, created_on, updated_on, is_deleted, update_details, additional_field_id) FROM stdin;
\.


--
-- Data for Name: inventoryapp_addinventoryfield; Type: TABLE DATA; Schema: public; Owner: postgres
--

COPY public.inventoryapp_addinventoryfield (id, created_on, updated_on, is_deleted, inventory_config) FROM stdin;
\.


--
-- Data for Name: inventoryapp_addinventoryfieldlog; Type: TABLE DATA; Schema: public; Owner: postgres
--

COPY public.inventoryapp_addinventoryfieldlog (id, created_on, updated_on, is_deleted, update_details, additional_field_id) FROM stdin;
\.


--
-- Data for Name: inventoryapp_addinventoryinward; Type: TABLE DATA; Schema: public; Owner: postgres
--

COPY public.inventoryapp_addinventoryinward (id, created_on, updated_on, is_deleted, inventory_inward_config) FROM stdin;
\.


--
-- Data for Name: inventoryapp_addinventoryinwardlog; Type: TABLE DATA; Schema: public; Owner: postgres
--

COPY public.inventoryapp_addinventoryinwardlog (id, created_on, updated_on, is_deleted, update_details, additional_field_id) FROM stdin;
\.


--
-- Data for Name: inventoryapp_addinventoryoutward; Type: TABLE DATA; Schema: public; Owner: postgres
--

COPY public.inventoryapp_addinventoryoutward (id, created_on, updated_on, is_deleted, inventory_outward_config) FROM stdin;
\.


--
-- Data for Name: inventoryapp_addinventoryoutwardlog; Type: TABLE DATA; Schema: public; Owner: postgres
--

COPY public.inventoryapp_addinventoryoutwardlog (id, created_on, updated_on, is_deleted, update_details, additional_field_id) FROM stdin;
\.


--
-- Data for Name: inventoryapp_criticality; Type: TABLE DATA; Schema: public; Owner: postgres
--

COPY public.inventoryapp_criticality (id, created_on, updated_on, is_deleted, criticality_name) FROM stdin;
\.


--
-- Data for Name: inventoryapp_inventorydetails; Type: TABLE DATA; Schema: public; Owner: postgres
--

COPY public.inventoryapp_inventorydetails (id, created_on, updated_on, is_deleted, inventory_name, inventory_code, description, max_stock_level, system_config, user_config, criticality_id, parent_inventory_id, inventory_type_id, rol_id, unit_id) FROM stdin;
\.


--
-- Data for Name: inventoryapp_inventoryinward; Type: TABLE DATA; Schema: public; Owner: postgres
--

COPY public.inventoryapp_inventoryinward (id, created_on, updated_on, is_deleted, purchase_order_number, material_receive_note_number, qty, price, unit_price, inward_date, invoice, system_config, user_config, inventory_name_id, location_id) FROM stdin;
\.


--
-- Data for Name: inventoryapp_inventoryoutward; Type: TABLE DATA; Schema: public; Owner: postgres
--

COPY public.inventoryapp_inventoryoutward (id, created_on, updated_on, is_deleted, outward_number, reason, outward_date, quantity, system_config, user_config, department_id, inventory_name_id, user_id) FROM stdin;
\.


--
-- Data for Name: inventoryapp_inventorystockinfo; Type: TABLE DATA; Schema: public; Owner: postgres
--

COPY public.inventoryapp_inventorystockinfo (id, created_on, updated_on, is_deleted, batch_lot_number, stock_level, system_config, user_config, inventory_name_id, location_id) FROM stdin;
\.


--
-- Data for Name: inventoryapp_inventorytype; Type: TABLE DATA; Schema: public; Owner: postgres
--

COPY public.inventoryapp_inventorytype (id, created_on, updated_on, is_deleted, name, parent_inventory_type_id) FROM stdin;
\.


--
-- Data for Name: inventoryapp_rol; Type: TABLE DATA; Schema: public; Owner: postgres
--

COPY public.inventoryapp_rol (id, created_on, updated_on, is_deleted, rol, max_stock_level, location_id) FROM stdin;
\.


--
-- Data for Name: inventoryapp_unit; Type: TABLE DATA; Schema: public; Owner: postgres
--

COPY public.inventoryapp_unit (id, created_on, updated_on, is_deleted, name, description, category, symbol, is_base) FROM stdin;
\.


--
-- Data for Name: ticketworkflowapp_actioncriteria; Type: TABLE DATA; Schema: public; Owner: postgres
--

COPY public.ticketworkflowapp_actioncriteria (id, created_on, updated_on, is_deleted, name) FROM stdin;
1	2025-10-03 15:27:55.769728+05:30	2025-10-03 15:27:55.76974+05:30	f	Anyone
2	2025-10-03 15:27:55.771128+05:30	2025-10-03 15:27:55.771141+05:30	f	Everyone
3	2025-10-03 15:27:55.772279+05:30	2025-10-03 15:27:55.772291+05:30	f	One per role
\.


--
-- Data for Name: ticketworkflowapp_actiontype; Type: TABLE DATA; Schema: public; Owner: postgres
--

COPY public.ticketworkflowapp_actiontype (id, created_on, updated_on, is_deleted, name) FROM stdin;
\.


--
-- Data for Name: ticketworkflowapp_customaccesstrack; Type: TABLE DATA; Schema: public; Owner: postgres
--

COPY public.ticketworkflowapp_customaccesstrack (id, dt, checklist_id, section_id, ticket_id, workflow_stage_id) FROM stdin;
\.


--
-- Data for Name: ticketworkflowapp_customaccesstrack_allowed_roles; Type: TABLE DATA; Schema: public; Owner: postgres
--

COPY public.ticketworkflowapp_customaccesstrack_allowed_roles (id, customaccesstrack_id, role_id) FROM stdin;
\.


--
-- Data for Name: ticketworkflowapp_customaccesstrack_allowed_users; Type: TABLE DATA; Schema: public; Owner: postgres
--

COPY public.ticketworkflowapp_customaccesstrack_allowed_users (id, customaccesstrack_id, employee_id) FROM stdin;
\.


--
-- Data for Name: ticketworkflowapp_customstageaccess; Type: TABLE DATA; Schema: public; Owner: postgres
--

COPY public.ticketworkflowapp_customstageaccess (id, checklist_id, criteria_id, section_id, ticket_id, workflow_stage_id) FROM stdin;
\.


--
-- Data for Name: ticketworkflowapp_customstageaccess_allowed_roles; Type: TABLE DATA; Schema: public; Owner: postgres
--

COPY public.ticketworkflowapp_customstageaccess_allowed_roles (id, customstageaccess_id, role_id) FROM stdin;
\.


--
-- Data for Name: ticketworkflowapp_customstageaccess_allowed_users; Type: TABLE DATA; Schema: public; Owner: postgres
--

COPY public.ticketworkflowapp_customstageaccess_allowed_users (id, customstageaccess_id, employee_id) FROM stdin;
\.


--
-- Data for Name: ticketworkflowapp_evaluationroles; Type: TABLE DATA; Schema: public; Owner: postgres
--

COPY public.ticketworkflowapp_evaluationroles (id, role_id, ticket_id, workflow_stage_id) FROM stdin;
\.


--
-- Data for Name: ticketworkflowapp_formfieldresponse; Type: TABLE DATA; Schema: public; Owner: postgres
--

COPY public.ticketworkflowapp_formfieldresponse (id, value, field_id, parent_field_id, submission_id) FROM stdin;
1	CAPA	1	\N	1
2	8	2	\N	1
3	This is the CAPA Workflow	3	\N	1
4	To perform Capa Flows	4	\N	1
5	{'label': 'CAPA', 'value': 2}	5	\N	1
6	Approve	6	\N	2
7	Supplier Management Workflow	1	\N	3
8	12	2	\N	3
9	\N	3	\N	3
10	\N	4	\N	3
11	{'label': 'Supplier', 'value': 3}	5	\N	3
12	Approved	6	\N	4
13	Risk Management Workflow	1	\N	5
14	6	2	\N	5
15	This is Risk Management Workflow	3	\N	5
16	\N	4	\N	5
17	{'label': 'General', 'value': 1}	5	\N	5
18	ok	6	\N	6
19	Internal Audit	1	\N	7
20	5	2	\N	7
21	This is internal audit workflow	3	\N	7
22	\N	4	\N	7
23	{'label': 'Audit', 'value': 5}	5	\N	7
24	ok	6	\N	8
25	NC Risk Management Workflow (Pharma)	1	\N	9
26	5	2	\N	9
27	demo	3	\N	9
28	demo	4	\N	9
29	\N	5	\N	9
30	Approved	6	\N	10
31	NC Risk Management Workflow (Pharma)	1	\N	11
32	5	2	\N	11
33	demo	3	\N	11
34	demo	4	\N	11
35	{'label': 'Risk Management', 'value': 4}	5	\N	11
36	ok	6	\N	12
37	Supplier CAPA-NC	1	\N	13
38	8	2	\N	13
39	demo	3	\N	13
40	demo	4	\N	13
41	{'label': 'Supplier', 'value': 3}	5	\N	13
42	Ok	6	\N	14
43	CAPA NC	1	\N	15
44	5	2	\N	15
45	This is CAPA NC Workflow	3	\N	15
46	\N	4	\N	15
47	{'label': 'Non Compliant', 'value': 6}	5	\N	15
48	ok	6	\N	16
49	Change Control	1	\N	17
50	6	2	\N	17
51	This is important to track changes which are required.	3	\N	17
52	\N	4	\N	17
53	{'label': 'General', 'value': 1}	5	\N	17
54	ok	6	\N	18
\.


--
-- Data for Name: ticketworkflowapp_formsubmission; Type: TABLE DATA; Schema: public; Owner: postgres
--

COPY public.ticketworkflowapp_formsubmission (id, created_on, updated_on, is_deleted, is_invalid, invalidated_at, invalidated_reason, submitted_at, form_id, invalidated_by_id, section_id, submitted_by_id, ticket_id, stage_id) FROM stdin;
1	2025-10-06 10:41:27.525017+05:30	2025-10-06 10:41:27.525032+05:30	f	f	\N	\N	2025-10-06 10:41:27.521498+05:30	1	\N	1	1	1	1
2	2025-10-06 10:42:23.66887+05:30	2025-10-06 10:42:23.668908+05:30	f	f	\N	\N	2025-10-06 10:42:23.65672+05:30	2	\N	2	1	1	2
3	2025-10-06 11:22:08.171669+05:30	2025-10-06 11:22:08.171683+05:30	f	f	\N	\N	2025-10-06 11:22:08.168895+05:30	1	\N	1	1	2	1
4	2025-10-06 11:22:29.182754+05:30	2025-10-06 11:22:29.182787+05:30	f	f	\N	\N	2025-10-06 11:22:29.176108+05:30	2	\N	2	1	2	2
5	2025-10-06 13:32:09.078155+05:30	2025-10-06 13:32:09.078168+05:30	f	f	\N	\N	2025-10-06 13:32:09.075777+05:30	1	\N	1	1	3	1
6	2025-10-06 13:32:29.54343+05:30	2025-10-06 13:32:29.543447+05:30	f	f	\N	\N	2025-10-06 13:32:29.540095+05:30	2	\N	2	1	3	2
7	2025-10-07 12:01:43.105011+05:30	2025-10-07 12:01:43.105029+05:30	f	f	\N	\N	2025-10-07 12:01:43.100783+05:30	1	\N	1	1	4	1
8	2025-10-07 12:01:55.826346+05:30	2025-10-07 12:01:55.826404+05:30	f	f	\N	\N	2025-10-07 12:01:55.817935+05:30	2	\N	2	1	4	2
9	2025-10-07 12:11:34.934761+05:30	2025-10-07 12:11:34.934775+05:30	f	f	\N	\N	2025-10-07 12:11:34.932303+05:30	1	\N	1	1	5	1
10	2025-10-07 12:11:48.14522+05:30	2025-10-07 12:11:48.145237+05:30	f	f	\N	\N	2025-10-07 12:11:48.142178+05:30	2	\N	2	1	5	2
11	2025-10-07 12:22:41.745394+05:30	2025-10-07 12:22:41.745407+05:30	f	f	\N	\N	2025-10-07 12:22:41.743055+05:30	1	\N	1	1	6	1
12	2025-10-07 12:22:55.499168+05:30	2025-10-07 12:22:55.499208+05:30	f	f	\N	\N	2025-10-07 12:22:55.491765+05:30	2	\N	2	1	6	2
13	2025-10-07 13:16:43.468642+05:30	2025-10-07 13:16:43.468656+05:30	f	f	\N	\N	2025-10-07 13:16:43.466283+05:30	1	\N	1	1	7	1
14	2025-10-07 13:16:55.518541+05:30	2025-10-07 13:16:55.518554+05:30	f	f	\N	\N	2025-10-07 13:16:55.515962+05:30	2	\N	2	1	7	2
15	2025-10-07 13:29:26.349507+05:30	2025-10-07 13:29:26.34952+05:30	f	f	\N	\N	2025-10-07 13:29:26.347459+05:30	1	\N	1	1	8	1
16	2025-10-07 13:29:34.335615+05:30	2025-10-07 13:29:34.335627+05:30	f	f	\N	\N	2025-10-07 13:29:34.33367+05:30	2	\N	2	1	8	2
17	2025-10-07 15:13:36.56919+05:30	2025-10-07 15:13:36.569203+05:30	f	f	\N	\N	2025-10-07 15:13:36.566973+05:30	1	\N	1	1	9	1
18	2025-10-07 15:13:50.694579+05:30	2025-10-07 15:13:50.694606+05:30	f	f	\N	\N	2025-10-07 15:13:50.68891+05:30	2	\N	2	1	9	2
\.


--
-- Data for Name: ticketworkflowapp_priority; Type: TABLE DATA; Schema: public; Owner: postgres
--

COPY public.ticketworkflowapp_priority (id, name) FROM stdin;
1	Major
2	Minor
3	Moderate
4	Critical
\.


--
-- Data for Name: ticketworkflowapp_savedtickets; Type: TABLE DATA; Schema: public; Owner: postgres
--

COPY public.ticketworkflowapp_savedtickets (id, created_on, updated_on, is_deleted, employee_id, ticket_id) FROM stdin;
\.


--
-- Data for Name: ticketworkflowapp_slaextensionrequest; Type: TABLE DATA; Schema: public; Owner: postgres
--

COPY public.ticketworkflowapp_slaextensionrequest (id, created_on, updated_on, is_deleted, reason, requested_extra_time, status, manager_comments, approved_at, manager_id, requested_by_id, ticket_id, stage_id) FROM stdin;
\.


--
-- Data for Name: ticketworkflowapp_slaextensionseen; Type: TABLE DATA; Schema: public; Owner: postgres
--

COPY public.ticketworkflowapp_slaextensionseen (id, is_seen, seen_at, employee_id, request_id) FROM stdin;
\.


--
-- Data for Name: ticketworkflowapp_slaextensionsignature; Type: TABLE DATA; Schema: public; Owner: postgres
--

COPY public.ticketworkflowapp_slaextensionsignature (id, created_on, updated_on, is_deleted, is_invalid, invalidated_at, invalidated_reason, action, username, reason, signed_at, extension_request_id, invalidated_by_id, signed_by_id, ticket_id, stage_id) FROM stdin;
\.


--
-- Data for Name: ticketworkflowapp_stageflowremark; Type: TABLE DATA; Schema: public; Owner: postgres
--

COPY public.ticketworkflowapp_stageflowremark (id, created_on, updated_on, is_deleted, remark, created_by_id, track_id) FROM stdin;
\.


--
-- Data for Name: ticketworkflowapp_temperoryworkflow; Type: TABLE DATA; Schema: public; Owner: postgres
--

COPY public.ticketworkflowapp_temperoryworkflow (id, created_on, updated_on, is_deleted, flow_json, workflow_id) FROM stdin;
1	2025-10-03 15:41:12.133855+05:30	2025-10-03 15:41:12.133868+05:30	f	{"edges": [{"id": "xy-edge__0-JR46", "type": "smoothstep", "label": "Initiate", "source": "0", "target": "JR46"}], "nodes": [{"id": "0", "data": {"sla": [], "label": "Request Submission Form", "dependency": [], "basic_details": {"stage_name": "Request Submission Form", "is_initial_stage": true, "email_notification": false}, "primary_actions": [{"roles_id": [], "roles_name": [{"label": "All", "value": 2}], "employees_id": [], "employees_name": [], "stage_status_id": 1, "stage_status_name": {"label": "Initiate", "value": 1}, "action_criteria_id": null, "action_criteria_name": {}}], "secondary_actions": []}, "type": "input", "style": {"color": "#ffffff", "border": "2px solid #1890ff", "display": "flex", "padding": "8px 12px", "fontSize": "14px", "minWidth": "150px", "boxShadow": "0 2px 8px rgba(24, 144, 255, 0.2)", "minHeight": "36px", "textAlign": "center", "alignItems": "center", "background": "#1890ff", "fontWeight": "500", "transition": "all 0.2s ease", "borderRadius": "6px", "justifyContent": "center"}, "measured": {"width": 150, "height": 62}, "position": {"x": 12, "y": 12}, "selected": false}, {"id": "JR46", "data": {"sla": [], "label": "Admin Review And Approval", "dependency": [{"stage": "0", "action": 1, "stage_name": {"label": "Request Submission Form", "value": "0", "actions_list": [{"roles_id": [], "roles_name": [{"label": "All", "value": 2}], "employees_id": [], "employees_name": [], "stage_status_id": 1, "stage_status_name": {"label": "Initiate", "value": 1}, "action_criteria_id": null, "action_criteria_name": {}}]}, "action_name": {"label": "Initiate", "value": 1}}], "open_modal": true, "basic_details": {"stage_name": "Admin Review And Approval", "is_initial_stage": false, "email_notification": false}, "primary_actions": [{"key": 1759492796993, "roles_id": [1], "roles_name": [{"label": "Administrator", "value": 1}], "employees_id": [1], "employees_name": [{"label": "Admin Nexgensis", "value": 1}], "stage_status_id": 2, "stage_status_name": {"label": "Approve", "value": 2}, "action_criteria_id": 1, "action_criteria_name": {"label": "Anyone", "value": 1}}, {"key": 1759492819201, "roles_id": [1], "roles_name": [{"label": "Administrator", "value": 1}], "employees_id": [1], "employees_name": [{"label": "Admin Nexgensis", "value": 1}], "stage_status_id": 3, "stage_status_name": {"label": "Reject", "value": 3}, "action_criteria_id": 1, "action_criteria_name": {"label": "Anyone", "value": 1}}], "secondary_actions": []}, "type": "default", "style": {"color": "#ffffff", "border": "2px solid #1890ff", "display": "flex", "padding": "8px 12px", "fontSize": "14px", "minWidth": "150px", "boxShadow": "0 2px 8px rgba(24, 144, 255, 0.2)", "minHeight": "36px", "textAlign": "center", "alignItems": "center", "background": "#1890ff", "fontWeight": "500", "transition": "all 0.2s ease", "borderRadius": "6px", "justifyContent": "center"}, "measured": {"width": 150, "height": 64}, "position": {"x": 12, "y": 124}, "selected": true}]}	1
6	2025-10-07 12:15:07.816194+05:30	2025-10-07 12:15:07.816234+05:30	f	{"edges": [], "nodes": [{"id": "0", "data": {"sla": [], "label": "Initiation", "dependency": [], "basic_details": {"stage_name": "Initiation", "is_initial_stage": true, "email_notification": false}, "primary_actions": [{"roles_id": [], "roles_name": [{"label": "All", "value": 2}], "employees_id": [], "employees_name": [], "stage_status_id": 1, "stage_status_name": {"label": "Initiate", "value": 1}, "action_criteria_id": null, "action_criteria_name": {}}], "secondary_actions": []}, "type": "input", "style": {"color": "var(--color-text-skin-base)", "border": "1px solid #d9d9d9", "display": "flex", "padding": "8px 12px", "fontSize": "14px", "minWidth": "150px", "boxShadow": "0 1px 4px rgba(0, 0, 0, 0.1)", "minHeight": "36px", "textAlign": "center", "alignItems": "center", "background": "var(--color-skin-fill-secondary)", "fontWeight": "400", "transition": "all 0.2s ease", "borderRadius": "6px", "justifyContent": "center"}, "dragging": false, "measured": {"width": 150, "height": 40}, "position": {"x": 12, "y": 12}, "selected": false}, {"id": "LH25", "data": {"sla": [], "label": "Risk Identification", "dependency": [], "open_modal": false, "basic_details": {"stage_name": "Risk Identification", "is_initial_stage": false, "email_notification": false}, "primary_actions": [], "secondary_actions": []}, "type": "default", "style": {"color": "#ffffff", "border": "2px solid #1890ff", "display": "flex", "padding": "8px 12px", "fontSize": "14px", "minWidth": "150px", "boxShadow": "0 2px 8px rgba(24, 144, 255, 0.2)", "minHeight": "36px", "textAlign": "center", "alignItems": "center", "background": "#1890ff", "fontWeight": "500", "transition": "all 0.2s ease", "borderRadius": "6px", "justifyContent": "center"}, "dragging": false, "measured": {"width": 150, "height": 40}, "position": {"x": 12, "y": 72}, "selected": false}, {"id": "HH67", "data": {"sla": [], "label": "Risk Evaluation & Assessment", "dependency": [], "open_modal": false, "basic_details": {"stage_name": "Risk Evaluation & Assessment", "is_initial_stage": false, "email_notification": false}, "primary_actions": [], "secondary_actions": []}, "type": "default", "style": {"color": "#ffffff", "border": "2px solid #1890ff", "display": "flex", "padding": "8px 12px", "fontSize": "14px", "minWidth": "150px", "boxShadow": "0 2px 8px rgba(24, 144, 255, 0.2)", "minHeight": "36px", "textAlign": "center", "alignItems": "center", "background": "#1890ff", "fontWeight": "500", "transition": "all 0.2s ease", "borderRadius": "6px", "justifyContent": "center"}, "dragging": false, "measured": {"width": 150, "height": 62}, "position": {"x": 12, "y": 132}, "selected": false}, {"id": "XI52", "data": {"sla": [], "label": "Risk Control / Mitigation Plan", "dependency": [], "basic_details": {"stage_name": "Risk Control / Mitigation Plan", "is_initial_stage": false, "email_notification": false}, "primary_actions": [], "secondary_actions": []}, "type": "default", "style": {"color": "var(--color-text-skin-base)", "border": "1px solid #d9d9d9", "display": "flex", "padding": "8px 12px", "fontSize": "14px", "minWidth": "150px", "boxShadow": "0 1px 4px rgba(0, 0, 0, 0.1)", "minHeight": "36px", "textAlign": "center", "alignItems": "center", "background": "var(--color-skin-fill-secondary)", "fontWeight": "400", "transition": "all 0.2s ease", "borderRadius": "6px", "justifyContent": "center"}, "measured": {"width": 150, "height": 62}, "position": {"x": 12, "y": 214}}, {"id": "OR81", "data": {"sla": [], "label": "Risk Review & Closure", "dependency": [], "basic_details": {"stage_name": "Risk Review & Closure", "is_initial_stage": false, "email_notification": false}, "primary_actions": [], "secondary_actions": []}, "type": "default", "style": {"color": "var(--color-text-skin-base)", "border": "1px solid #d9d9d9", "display": "flex", "padding": "8px 12px", "fontSize": "14px", "minWidth": "150px", "boxShadow": "0 1px 4px rgba(0, 0, 0, 0.1)", "minHeight": "36px", "textAlign": "center", "alignItems": "center", "background": "var(--color-skin-fill-secondary)", "fontWeight": "400", "transition": "all 0.2s ease", "borderRadius": "6px", "justifyContent": "center"}, "measured": {"width": 150, "height": 40}, "position": {"x": 180, "y": 50}}]}	8
4	2025-10-06 13:33:34.406271+05:30	2025-10-06 13:33:34.406289+05:30	f	{"edges": [{"id": "xy-edge__0-DC45", "type": "smoothstep", "label": "Initiate", "source": "0", "target": "DC45"}, {"id": "xy-edge__DC45-YI70", "type": "smoothstep", "label": "Submit", "source": "DC45", "target": "YI70"}, {"id": "xy-edge__YI70-JT94", "type": "smoothstep", "label": "Approve", "source": "YI70", "target": "JT94"}, {"id": "xy-edge__JT94-DV82", "type": "smoothstep", "label": "Treatment Planned", "source": "JT94", "target": "DV82"}, {"id": "xy-edge__DV82-TI91", "type": "smoothstep", "label": "Complete", "source": "DV82", "target": "TI91"}], "nodes": [{"id": "0", "data": {"sla": [], "label": "Initiation", "dependency": [], "basic_details": {"stage_name": "Initiation", "is_initial_stage": true, "email_notification": false}, "primary_actions": [{"roles_id": [], "roles_name": [{"label": "All", "value": 2}], "employees_id": [], "employees_name": [], "stage_status_id": 1, "stage_status_name": {"label": "Initiate", "value": 1}, "action_criteria_id": null, "action_criteria_name": {}}], "secondary_actions": []}, "type": "input", "dragging": false, "measured": {"width": 150, "height": 40}, "position": {"x": 12, "y": 12}, "selected": false}, {"id": "DC45", "data": {"sla": [{"key": 1759737941360, "days": 1, "hours": 0, "minutes": 0, "seconds": 0, "roles_id": [6], "roles_name": [{"label": "QA Head", "value": 6}], "employees_id": [8], "employees_name": [{"label": "qa head", "value": 8}]}], "label": "Risk Identification", "dependency": [{"stage": "0", "action": 1, "stage_name": {"label": "Initiation", "value": "0", "actions_list": [{"roles_id": [], "roles_name": [{"label": "All", "value": 2}], "employees_id": [], "employees_name": [], "stage_status_id": 1, "stage_status_name": {"label": "Initiate", "value": 1}, "action_criteria_id": null, "action_criteria_name": {}}]}, "action_name": {"label": "Initiate", "value": 1}}], "open_modal": true, "basic_details": {"stage_name": "Risk Identification", "is_initial_stage": false, "email_notification": false}, "primary_actions": [{"key": 1759737931818, "roles_id": [6], "roles_name": [{"label": "QA Head", "value": 6}], "employees_id": [8], "employees_name": [{"label": "qa head", "value": 8}], "stage_status_id": 21, "stage_status_name": {"label": "Submit", "value": 21}, "action_criteria_id": 1, "action_criteria_name": {"label": "Anyone", "value": 1}}], "secondary_actions": []}, "type": "default", "style": {"color": "#ffffff", "border": "2px solid #1890ff", "display": "flex", "padding": "8px 12px", "fontSize": "14px", "minWidth": "150px", "boxShadow": "0 2px 8px rgba(24, 144, 255, 0.2)", "minHeight": "36px", "textAlign": "center", "alignItems": "center", "background": "#1890ff", "fontWeight": "500", "transition": "all 0.2s ease", "borderRadius": "6px", "justifyContent": "center"}, "dragging": false, "measured": {"width": 150, "height": 40}, "position": {"x": 12, "y": 102}, "selected": false}, {"id": "YI70", "data": {"sla": [{"key": 1759738007223, "days": 1, "hours": 0, "minutes": 0, "seconds": 0, "roles_id": [2], "roles_name": [{"label": "Department Head", "value": 2}], "employees_id": [2], "employees_name": [{"label": "dept head", "value": 2}]}], "label": "Risk Assessment", "dependency": [{"stage": "DC45", "action": 21, "stage_name": {"label": "Risk Identification", "value": "DC45", "actions_list": [{"key": 1759737931818, "roles_id": [6], "roles_name": [{"label": "QA Head", "value": 6}], "employees_id": [8], "employees_name": [{"label": "qa head", "value": 8}], "stage_status_id": 21, "stage_status_name": {"label": "Submit", "value": 21}, "action_criteria_id": 1, "action_criteria_name": {"label": "Anyone", "value": 1}}]}, "action_name": {"label": "Submit", "value": 21}}], "open_modal": true, "basic_details": {"stage_name": "Risk Assessment", "is_initial_stage": false, "email_notification": false}, "primary_actions": [{"key": 1759737979279, "roles_id": [2], "roles_name": [{"label": "Department Head", "value": 2}], "employees_id": [2], "employees_name": [{"label": "dept head", "value": 2}], "stage_status_id": 2, "stage_status_name": {"label": "Approve", "value": 2}, "action_criteria_id": 1, "action_criteria_name": {"label": "Anyone", "value": 1}}, {"key": 1759737995070, "roles_id": [2], "roles_name": [{"label": "Department Head", "value": 2}], "employees_id": [2], "employees_name": [{"label": "dept head", "value": 2}], "stage_status_id": 3, "stage_status_name": {"label": "Reject", "value": 3}, "action_criteria_id": 1, "action_criteria_name": {"label": "Anyone", "value": 1}}], "secondary_actions": []}, "type": "default", "style": {"color": "var(--color-text-skin-base)", "border": "1px solid #d9d9d9", "display": "flex", "padding": "8px 12px", "fontSize": "14px", "minWidth": "150px", "boxShadow": "0 1px 4px rgba(0, 0, 0, 0.1)", "minHeight": "36px", "textAlign": "center", "alignItems": "center", "background": "var(--color-skin-fill-secondary)", "fontWeight": "400", "transition": "all 0.2s ease", "borderRadius": "6px", "justifyContent": "center"}, "dragging": false, "measured": {"width": 150, "height": 40}, "position": {"x": 12, "y": 192}, "selected": false}, {"id": "JT94", "data": {"sla": [{"key": 1759738081793, "days": 1, "hours": 0, "minutes": 0, "seconds": 0, "roles_id": [4], "roles_name": [{"label": "Quality Manager", "value": 4}], "employees_id": [5], "employees_name": [{"label": "quality manager", "value": 5}]}], "label": "Plan Treatment", "dependency": [{"stage": "YI70", "action": 2, "stage_name": {"label": "Risk Assessment", "value": "YI70", "actions_list": [{"key": 1759737979279, "roles_id": [2], "roles_name": [{"label": "Department Head", "value": 2}], "employees_id": [2], "employees_name": [{"label": "dept head", "value": 2}], "stage_status_id": 2, "stage_status_name": {"label": "Approve", "value": 2}, "action_criteria_id": 1, "action_criteria_name": {"label": "Anyone", "value": 1}}, {"key": 1759737995070, "roles_id": [2], "roles_name": [{"label": "Department Head", "value": 2}], "employees_id": [2], "employees_name": [{"label": "dept head", "value": 2}], "stage_status_id": 3, "stage_status_name": {"label": "Reject", "value": 3}, "action_criteria_id": 1, "action_criteria_name": {"label": "Anyone", "value": 1}}]}, "action_name": {"label": "Approve", "value": 2}}], "open_modal": true, "basic_details": {"stage_name": "Plan Treatment", "is_initial_stage": false, "email_notification": false}, "primary_actions": [{"key": 1759738070671, "roles_id": [4], "roles_name": [{"label": "Quality Manager", "value": 4}], "employees_id": [5], "employees_name": [{"label": "quality manager", "value": 5}], "stage_status_id": 22, "stage_status_name": {"label": "Treatment Planned", "value": 22}, "action_criteria_id": 1, "action_criteria_name": {"label": "Anyone", "value": 1}}], "secondary_actions": []}, "type": "default", "style": {"color": "var(--color-text-skin-base)", "border": "1px solid #d9d9d9", "display": "flex", "padding": "8px 12px", "fontSize": "14px", "minWidth": "150px", "boxShadow": "0 1px 4px rgba(0, 0, 0, 0.1)", "minHeight": "36px", "textAlign": "center", "alignItems": "center", "background": "var(--color-skin-fill-secondary)", "fontWeight": "400", "transition": "all 0.2s ease", "borderRadius": "6px", "justifyContent": "center"}, "dragging": false, "measured": {"width": 150, "height": 40}, "position": {"x": 12, "y": 282}, "selected": false}, {"id": "DV82", "data": {"sla": [{"key": 1759738129975, "days": 1, "hours": 0, "minutes": 0, "seconds": 0, "roles_id": [9], "roles_name": [{"label": "Quality Engineer", "value": 9}], "employees_id": [4], "employees_name": [{"label": "quality engg", "value": 4}]}], "label": "Implement Treatment", "dependency": [{"stage": "JT94", "action": 22, "stage_name": {"label": "Plan Treatment", "value": "JT94", "actions_list": [{"key": 1759738070671, "roles_id": [4], "roles_name": [{"label": "Quality Manager", "value": 4}], "employees_id": [5], "employees_name": [{"label": "quality manager", "value": 5}], "stage_status_id": 22, "stage_status_name": {"label": "Treatment Planned", "value": 22}, "action_criteria_id": 1, "action_criteria_name": {"label": "Anyone", "value": 1}}]}, "action_name": {"label": "Treatment Planned", "value": 22}}], "open_modal": true, "basic_details": {"stage_name": "Implement Treatment", "is_initial_stage": false, "email_notification": false}, "primary_actions": [{"key": 1759738119857, "roles_id": [9], "roles_name": [{"label": "Quality Engineer", "value": 9}], "employees_id": [4], "employees_name": [{"label": "quality engg", "value": 4}], "stage_status_id": 14, "stage_status_name": {"label": "Complete", "value": 14}, "action_criteria_id": 1, "action_criteria_name": {"label": "Anyone", "value": 1}}], "secondary_actions": []}, "type": "default", "style": {"color": "#ffffff", "border": "2px solid #1890ff", "display": "flex", "padding": "8px 12px", "fontSize": "14px", "minWidth": "150px", "boxShadow": "0 2px 8px rgba(24, 144, 255, 0.2)", "minHeight": "36px", "textAlign": "center", "alignItems": "center", "background": "#1890ff", "fontWeight": "500", "transition": "all 0.2s ease", "borderRadius": "6px", "justifyContent": "center"}, "dragging": false, "measured": {"width": 150, "height": 62}, "position": {"x": 12, "y": 372}, "selected": false}, {"id": "TI91", "data": {"sla": [{"key": 1759738208307, "days": 1, "hours": 0, "minutes": 0, "seconds": 0, "roles_id": [6], "roles_name": [{"label": "QA Head", "value": 6}], "employees_id": [8], "employees_name": [{"label": "qa head", "value": 8}]}], "label": "Review & Close", "dependency": [{"stage": "DV82", "action": 14, "stage_name": {"label": "Implement Treatment", "value": "DV82", "actions_list": [{"key": 1759738119857, "roles_id": [9], "roles_name": [{"label": "Quality Engineer", "value": 9}], "employees_id": [4], "employees_name": [{"label": "quality engg", "value": 4}], "stage_status_id": 14, "stage_status_name": {"label": "Complete", "value": 14}, "action_criteria_id": 1, "action_criteria_name": {"label": "Anyone", "value": 1}}]}, "action_name": {"label": "Complete", "value": 14}}], "open_modal": false, "basic_details": {"stage_name": "Review & Close", "is_initial_stage": false, "email_notification": false}, "primary_actions": [{"key": 1759738186234, "roles_id": [6], "roles_name": [{"label": "QA Head", "value": 6}], "employees_id": [8], "employees_name": [{"label": "qa head", "value": 8}], "stage_status_id": 23, "stage_status_name": {"label": "Reviewed", "value": 23}, "action_criteria_id": 1, "action_criteria_name": {"label": "Anyone", "value": 1}}], "secondary_actions": []}, "type": "default", "style": {"color": "var(--color-text-skin-base)", "border": "1px solid #d9d9d9", "display": "flex", "padding": "8px 12px", "fontSize": "14px", "minWidth": "150px", "boxShadow": "0 1px 4px rgba(0, 0, 0, 0.1)", "minHeight": "36px", "textAlign": "center", "alignItems": "center", "background": "var(--color-skin-fill-secondary)", "fontWeight": "400", "transition": "all 0.2s ease", "borderRadius": "6px", "justifyContent": "center"}, "dragging": false, "measured": {"width": 150, "height": 42}, "position": {"x": 12, "y": 484}, "selected": true}]}	5
2	2025-10-06 10:43:29.580462+05:30	2025-10-06 10:43:29.580509+05:30	f	{"edges": [{"id": "xy-edge__0-EP16", "type": "smoothstep", "label": "Initiate", "source": "0", "target": "EP16"}, {"id": "xy-edge__EP16-RB41", "type": "smoothstep", "label": "Contained", "source": "EP16", "target": "RB41"}, {"id": "xy-edge__RB41-BC36", "type": "smoothstep", "label": "Analyzed", "source": "RB41", "target": "BC36"}, {"id": "xy-edge__BC36-EM20", "type": "smoothstep", "label": "Planned", "source": "BC36", "target": "EM20"}, {"id": "xy-edge__EM20-OD75", "type": "smoothstep", "label": "Implemented", "source": "EM20", "target": "OD75"}, {"id": "xy-edge__OD75-UA37", "type": "smoothstep", "label": "Verified", "source": "OD75", "target": "UA37"}, {"id": "xy-edge__UA37-UB88", "type": "smoothstep", "label": "Complete", "source": "UA37", "target": "UB88"}], "nodes": [{"id": "0", "data": {"sla": [], "label": "Problem Identification", "dependency": [], "basic_details": {"stage_name": "Problem Identification", "is_initial_stage": true, "email_notification": false}, "primary_actions": [{"roles_id": [], "roles_name": [{"label": "All", "value": 2}], "employees_id": [], "employees_name": [], "stage_status_id": 1, "stage_status_name": {"label": "Initiate", "value": 1}, "action_criteria_id": null, "action_criteria_name": {}}], "secondary_actions": []}, "type": "input", "style": {"color": "var(--color-text-skin-base)", "border": "1px solid #d9d9d9", "display": "flex", "padding": "8px 12px", "fontSize": "14px", "minWidth": "150px", "boxShadow": "0 1px 4px rgba(0, 0, 0, 0.1)", "minHeight": "36px", "textAlign": "center", "alignItems": "center", "background": "var(--color-skin-fill-secondary)", "fontWeight": "400", "transition": "all 0.2s ease", "borderRadius": "6px", "justifyContent": "center"}, "dragging": false, "measured": {"width": 150, "height": 62}, "position": {"x": 96, "y": -8}, "selected": false}, {"id": "EP16", "data": {"sla": [{"key": 1759727688984, "days": 2, "hours": 0, "minutes": 0, "seconds": 0, "roles_id": [9], "roles_name": [{"label": "Quality Engineer", "value": 9}], "employees_id": [4], "employees_name": [{"label": "quality engg", "value": 4}]}], "label": "Containment Action", "dependency": [{"stage": "0", "action": 1, "stage_name": {"label": "Problem Identification", "value": "0", "actions_list": [{"roles_id": [], "roles_name": [{"label": "All", "value": 2}], "employees_id": [], "employees_name": [], "stage_status_id": 1, "stage_status_name": {"label": "Initiate", "value": 1}, "action_criteria_id": null, "action_criteria_name": {}}]}, "action_name": {"label": "Initiate", "value": 1}}], "open_modal": true, "basic_details": {"stage_name": "Containment Action", "is_initial_stage": false, "email_notification": false}, "primary_actions": [{"key": 1759727674387, "roles_id": [9], "roles_name": [{"label": "Quality Engineer", "value": 9}], "employees_id": [4], "employees_name": [{"label": "quality engg", "value": 4}], "stage_status_id": 4, "stage_status_name": {"label": "Contained", "value": 4}, "action_criteria_id": 1, "action_criteria_name": {"label": "Anyone", "value": 1}}, {"key": 1759727721984, "roles_id": [9], "roles_name": [{"label": "Quality Engineer", "value": 9}], "employees_id": [4], "employees_name": [{"label": "quality engg", "value": 4}], "stage_status_id": 5, "stage_status_name": {"label": "Return", "value": 5}, "action_criteria_id": 1, "action_criteria_name": {"label": "Anyone", "value": 1}}], "secondary_actions": []}, "type": "default", "style": {"color": "#ffffff", "border": "2px solid #1890ff", "display": "flex", "padding": "8px 12px", "fontSize": "14px", "minWidth": "150px", "boxShadow": "0 2px 8px rgba(24, 144, 255, 0.2)", "minHeight": "36px", "textAlign": "center", "alignItems": "center", "background": "#1890ff", "fontWeight": "500", "transition": "all 0.2s ease", "borderRadius": "6px", "justifyContent": "center"}, "dragging": false, "measured": {"width": 150, "height": 40}, "position": {"x": 92, "y": 106}, "selected": false}, {"id": "RB41", "data": {"sla": [{"key": 1759727859522, "days": 2, "hours": 0, "minutes": 0, "seconds": 0, "roles_id": [2], "roles_name": [{"label": "Department Head", "value": 2}], "employees_id": [2], "employees_name": [{"label": "dept head", "value": 2}]}], "label": "Root Cause Analysis", "dependency": [{"stage": "EP16", "action": 4, "stage_name": {"label": "Containment Action", "value": "EP16", "actions_list": [{"key": 1759727674387, "roles_id": [9], "roles_name": [{"label": "Quality Engineer", "value": 9}], "employees_id": [4], "employees_name": [{"label": "quality engg", "value": 4}], "stage_status_id": 4, "stage_status_name": {"label": "Contained", "value": 4}, "action_criteria_id": 1, "action_criteria_name": {"label": "Anyone", "value": 1}}, {"key": 1759727721984, "roles_id": [9], "roles_name": [{"label": "Quality Engineer", "value": 9}], "employees_id": [4], "employees_name": [{"label": "quality engg", "value": 4}], "stage_status_id": 5, "stage_status_name": {"label": "Return", "value": 5}, "action_criteria_id": 1, "action_criteria_name": {"label": "Anyone", "value": 1}}]}, "action_name": {"label": "Contained", "value": 4}}], "open_modal": false, "basic_details": {"stage_name": "Root Cause Analysis", "is_initial_stage": false, "email_notification": false}, "primary_actions": [{"key": 1759727827522, "roles_id": [2], "roles_name": [{"label": "Department Head", "value": 2}], "employees_id": [2], "employees_name": [{"label": "dept head", "value": 2}], "stage_status_id": 6, "stage_status_name": {"label": "Analyzed", "value": 6}, "action_criteria_id": 1, "action_criteria_name": {"label": "Anyone", "value": 1}}, {"key": 1759727848623, "roles_id": [2], "roles_name": [{"label": "Department Head", "value": 2}], "employees_id": [2], "employees_name": [{"label": "dept head", "value": 2}], "stage_status_id": 3, "stage_status_name": {"label": "Reject", "value": 3}, "action_criteria_id": 1, "action_criteria_name": {"label": "Anyone", "value": 1}}], "secondary_actions": []}, "type": "default", "style": {"color": "#ffffff", "border": "2px solid #1890ff", "display": "flex", "padding": "8px 12px", "fontSize": "14px", "minWidth": "150px", "boxShadow": "0 2px 8px rgba(24, 144, 255, 0.2)", "minHeight": "36px", "textAlign": "center", "alignItems": "center", "background": "#1890ff", "fontWeight": "500", "transition": "all 0.2s ease", "borderRadius": "6px", "justifyContent": "center"}, "dragging": false, "measured": {"width": 150, "height": 62}, "position": {"x": 90, "y": 192}, "selected": false}, {"id": "BC36", "data": {"sla": [{"key": 1759727931143, "days": 2, "hours": 0, "minutes": 0, "seconds": 0, "roles_id": [2], "roles_name": [{"label": "Department Head", "value": 2}], "employees_id": [2], "employees_name": [{"label": "dept head", "value": 2}]}], "label": "Corrective Action Planning", "dependency": [{"stage": "RB41", "action": 6, "stage_name": {"label": "Root Cause Analysis", "value": "RB41", "actions_list": [{"key": 1759727827522, "roles_id": [2], "roles_name": [{"label": "Department Head", "value": 2}], "employees_id": [2], "employees_name": [{"label": "dept head", "value": 2}], "stage_status_id": 6, "stage_status_name": {"label": "Analyzed", "value": 6}, "action_criteria_id": 1, "action_criteria_name": {"label": "Anyone", "value": 1}}, {"key": 1759727848623, "roles_id": [2], "roles_name": [{"label": "Department Head", "value": 2}], "employees_id": [2], "employees_name": [{"label": "dept head", "value": 2}], "stage_status_id": 3, "stage_status_name": {"label": "Reject", "value": 3}, "action_criteria_id": 1, "action_criteria_name": {"label": "Anyone", "value": 1}}]}, "action_name": {"label": "Analyzed", "value": 6}}], "open_modal": false, "basic_details": {"stage_name": "Corrective Action Planning", "is_initial_stage": false, "email_notification": false}, "primary_actions": [{"key": 1759727922285, "roles_id": [2], "roles_name": [{"label": "Department Head", "value": 2}], "employees_id": [2], "employees_name": [{"label": "dept head", "value": 2}], "stage_status_id": 7, "stage_status_name": {"label": "Planned", "value": 7}, "action_criteria_id": 1, "action_criteria_name": {"label": "Anyone", "value": 1}}], "secondary_actions": []}, "type": "default", "style": {"color": "#ffffff", "border": "2px solid #1890ff", "display": "flex", "padding": "8px 12px", "fontSize": "14px", "minWidth": "150px", "boxShadow": "0 2px 8px rgba(24, 144, 255, 0.2)", "minHeight": "36px", "textAlign": "center", "alignItems": "center", "background": "#1890ff", "fontWeight": "500", "transition": "all 0.2s ease", "borderRadius": "6px", "justifyContent": "center"}, "dragging": false, "measured": {"width": 150, "height": 62}, "position": {"x": 98, "y": 308}, "selected": false}, {"id": "EM20", "data": {"sla": [{"key": 1759730983071, "days": 1, "hours": 0, "minutes": 0, "seconds": 0, "roles_id": [2], "roles_name": [{"label": "Department Head", "value": 2}], "employees_id": [2], "employees_name": [{"label": "dept head", "value": 2}]}], "label": "Corrective Action Implementation", "dependency": [{"stage": "BC36", "action": 7, "stage_name": {"label": "Corrective Action Planning", "value": "BC36", "actions_list": [{"key": 1759727922285, "roles_id": [2], "roles_name": [{"label": "Department Head", "value": 2}], "employees_id": [2], "employees_name": [{"label": "dept head", "value": 2}], "stage_status_id": 7, "stage_status_name": {"label": "Planned", "value": 7}, "action_criteria_id": 1, "action_criteria_name": {"label": "Anyone", "value": 1}}]}, "action_name": {"label": "Planned", "value": 7}}], "open_modal": true, "basic_details": {"stage_name": "Corrective Action Implementation", "is_initial_stage": false, "email_notification": false}, "primary_actions": [{"key": 1759730955786, "roles_id": [2], "roles_name": [{"label": "Department Head", "value": 2}], "employees_id": [2], "employees_name": [{"label": "dept head", "value": 2}], "stage_status_id": 8, "stage_status_name": {"label": "Implemented", "value": 8}, "action_criteria_id": 1, "action_criteria_name": {"label": "Anyone", "value": 1}}, {"key": 1759730972248, "roles_id": [2], "roles_name": [{"label": "Department Head", "value": 2}], "employees_id": [2], "employees_name": [{"label": "dept head", "value": 2}], "stage_status_id": 5, "stage_status_name": {"label": "Return", "value": 5}, "action_criteria_id": 1, "action_criteria_name": {"label": "Anyone", "value": 1}}], "secondary_actions": []}, "type": "default", "style": {"color": "#ffffff", "border": "2px solid #1890ff", "display": "flex", "padding": "8px 12px", "fontSize": "14px", "minWidth": "150px", "boxShadow": "0 2px 8px rgba(24, 144, 255, 0.2)", "minHeight": "36px", "textAlign": "center", "alignItems": "center", "background": "#1890ff", "fontWeight": "500", "transition": "all 0.2s ease", "borderRadius": "6px", "justifyContent": "center"}, "dragging": false, "measured": {"width": 150, "height": 62}, "position": {"x": 94, "y": 418}, "selected": false}, {"id": "OD75", "data": {"sla": [{"key": 1759731065048, "days": 1, "hours": 0, "minutes": 0, "seconds": 0, "roles_id": [9], "roles_name": [{"label": "Quality Engineer", "value": 9}], "employees_id": [4], "employees_name": [{"label": "quality engg", "value": 4}]}], "label": "Effectiveness Verification", "dependency": [{"stage": "EM20", "action": 8, "stage_name": {"label": "Corrective Action Implementation", "value": "EM20", "actions_list": [{"key": 1759730955786, "roles_id": [2], "roles_name": [{"label": "Department Head", "value": 2}], "employees_id": [2], "employees_name": [{"label": "dept head", "value": 2}], "stage_status_id": 8, "stage_status_name": {"label": "Implemented", "value": 8}, "action_criteria_id": 1, "action_criteria_name": {"label": "Anyone", "value": 1}}, {"key": 1759730972248, "roles_id": [2], "roles_name": [{"label": "Department Head", "value": 2}], "employees_id": [2], "employees_name": [{"label": "dept head", "value": 2}], "stage_status_id": 5, "stage_status_name": {"label": "Return", "value": 5}, "action_criteria_id": 1, "action_criteria_name": {"label": "Anyone", "value": 1}}]}, "action_name": {"label": "Implemented", "value": 8}}], "open_modal": false, "basic_details": {"stage_name": "Effectiveness Verification", "is_initial_stage": false, "email_notification": false}, "primary_actions": [{"key": 1759731036822, "roles_id": [9], "roles_name": [{"label": "Quality Engineer", "value": 9}], "employees_id": [4], "employees_name": [{"label": "quality engg", "value": 4}], "stage_status_id": 12, "stage_status_name": {"label": "Verified", "value": 12}, "action_criteria_id": 1, "action_criteria_name": {"label": "Anyone", "value": 1}}, {"key": 1759731053970, "roles_id": [9], "roles_name": [{"label": "Quality Engineer", "value": 9}], "employees_id": [4], "employees_name": [{"label": "quality engg", "value": 4}], "stage_status_id": 3, "stage_status_name": {"label": "Reject", "value": 3}, "action_criteria_id": 1, "action_criteria_name": {"label": "Anyone", "value": 1}}], "secondary_actions": []}, "type": "default", "style": {"color": "#ffffff", "border": "2px solid #1890ff", "display": "flex", "padding": "8px 12px", "fontSize": "14px", "minWidth": "150px", "boxShadow": "0 2px 8px rgba(24, 144, 255, 0.2)", "minHeight": "36px", "textAlign": "center", "alignItems": "center", "background": "#1890ff", "fontWeight": "500", "transition": "all 0.2s ease", "borderRadius": "6px", "justifyContent": "center"}, "dragging": false, "measured": {"width": 150, "height": 62}, "position": {"x": 90, "y": 536}, "selected": false}, {"id": "UA37", "data": {"sla": [{"key": 1759731153680, "days": 1, "hours": 0, "minutes": 0, "seconds": 0, "roles_id": [4], "roles_name": [{"label": "Quality Manager", "value": 4}], "employees_id": [5], "employees_name": [{"label": "quality manager", "value": 5}]}], "label": "Preventive Action", "dependency": [{"stage": "OD75", "action": 12, "stage_name": {"label": "Effectiveness Verification", "value": "OD75", "actions_list": [{"key": 1759731036822, "roles_id": [9], "roles_name": [{"label": "Quality Engineer", "value": 9}], "employees_id": [4], "employees_name": [{"label": "quality engg", "value": 4}], "stage_status_id": 12, "stage_status_name": {"label": "Verified", "value": 12}, "action_criteria_id": 1, "action_criteria_name": {"label": "Anyone", "value": 1}}, {"key": 1759731053970, "roles_id": [9], "roles_name": [{"label": "Quality Engineer", "value": 9}], "employees_id": [4], "employees_name": [{"label": "quality engg", "value": 4}], "stage_status_id": 3, "stage_status_name": {"label": "Reject", "value": 3}, "action_criteria_id": 1, "action_criteria_name": {"label": "Anyone", "value": 1}}]}, "action_name": {"label": "Verified", "value": 12}}], "open_modal": true, "basic_details": {"stage_name": "Preventive Action", "is_initial_stage": false, "email_notification": false}, "primary_actions": [{"key": 1759731143672, "roles_id": [4], "roles_name": [{"label": "Quality Manager", "value": 4}], "employees_id": [5], "employees_name": [{"label": "quality manager", "value": 5}], "stage_status_id": 14, "stage_status_name": {"label": "Complete", "value": 14}, "action_criteria_id": 1, "action_criteria_name": {"label": "Anyone", "value": 1}}], "secondary_actions": []}, "type": "default", "style": {"color": "#ffffff", "border": "2px solid #1890ff", "display": "flex", "padding": "8px 12px", "fontSize": "14px", "minWidth": "150px", "boxShadow": "0 2px 8px rgba(24, 144, 255, 0.2)", "minHeight": "36px", "textAlign": "center", "alignItems": "center", "background": "#1890ff", "fontWeight": "500", "transition": "all 0.2s ease", "borderRadius": "6px", "justifyContent": "center"}, "dragging": false, "measured": {"width": 150, "height": 40}, "position": {"x": 84, "y": 640}, "selected": false}, {"id": "UB88", "data": {"sla": [{"key": 1759731222724, "days": 1, "hours": 0, "minutes": 0, "seconds": 0, "roles_id": [4], "roles_name": [{"label": "Quality Manager", "value": 4}], "employees_id": [5], "employees_name": [{"label": "quality manager", "value": 5}]}], "label": "Closure & Management Review", "dependency": [{"stage": "UA37", "action": 14, "stage_name": {"label": "Preventive Action", "value": "UA37", "actions_list": [{"key": 1759731143672, "roles_id": [4], "roles_name": [{"label": "Quality Manager", "value": 4}], "employees_id": [5], "employees_name": [{"label": "quality manager", "value": 5}], "stage_status_id": 14, "stage_status_name": {"label": "Complete", "value": 14}, "action_criteria_id": 1, "action_criteria_name": {"label": "Anyone", "value": 1}}]}, "action_name": {"label": "Complete", "value": 14}}], "open_modal": true, "basic_details": {"stage_name": "Closure & Management Review", "is_initial_stage": false, "email_notification": false}, "primary_actions": [{"key": 1759731212342, "roles_id": [4], "roles_name": [{"label": "Quality Manager", "value": 4}], "employees_id": [5], "employees_name": [{"label": "quality manager", "value": 5}], "stage_status_id": 15, "stage_status_name": {"label": "Closed", "value": 15}, "action_criteria_id": 1, "action_criteria_name": {"label": "Anyone", "value": 1}}], "secondary_actions": []}, "type": "default", "style": {"color": "var(--color-text-skin-base)", "border": "1px solid #d9d9d9", "display": "flex", "padding": "8px 12px", "fontSize": "14px", "minWidth": "150px", "boxShadow": "0 1px 4px rgba(0, 0, 0, 0.1)", "minHeight": "36px", "textAlign": "center", "alignItems": "center", "background": "var(--color-skin-fill-secondary)", "fontWeight": "400", "transition": "all 0.2s ease", "borderRadius": "6px", "justifyContent": "center"}, "dragging": false, "measured": {"width": 150, "height": 84}, "position": {"x": 74, "y": 736}, "selected": false}]}	3
3	2025-10-06 11:23:15.083747+05:30	2025-10-06 11:23:15.083788+05:30	f	{"edges": [{"id": "xy-edge__0-XA47", "type": "smoothstep", "label": "Initiate", "source": "0", "target": "XA47"}, {"id": "xy-edge__XA47-LA33", "type": "smoothstep", "label": "Assessed", "source": "XA47", "target": "LA33"}, {"id": "xy-edge__LA33-FQ46", "type": "smoothstep", "label": "Evaluate", "source": "LA33", "target": "FQ46"}, {"id": "xy-edge__FQ46-VD50", "type": "smoothstep", "label": "Approve", "source": "FQ46", "target": "VD50"}, {"id": "xy-edge__VD50-OD39", "type": "smoothstep", "label": "Select", "source": "VD50", "target": "OD39"}, {"id": "xy-edge__OD39-XF35", "type": "smoothstep", "label": "Sampling", "source": "OD39", "target": "XF35"}, {"id": "xy-edge__XF35-KT49", "type": "smoothstep", "label": "Onboard", "source": "XF35", "target": "KT49"}, {"id": "xy-edge__KT49-NV12", "type": "smoothstep", "label": "Monitor", "source": "KT49", "target": "NV12"}, {"id": "xy-edge__NV12-ME67", "type": "smoothstep", "label": "Non-Conformance", "source": "NV12", "target": "ME67"}, {"id": "xy-edge__ME67-PN66", "type": "smoothstep", "label": "Developed", "source": "ME67", "target": "PN66"}, {"id": "xy-edge__PN66-ZP20", "type": "smoothstep", "label": "Re-Evaluation", "source": "PN66", "target": "ZP20"}], "nodes": [{"id": "0", "data": {"sla": [], "label": "Supplier Identification & Pre-Qualification", "dependency": [], "basic_details": {"stage_name": "Supplier Identification & Pre-Qualification", "is_initial_stage": true, "email_notification": false}, "primary_actions": [{"roles_id": [], "roles_name": [{"label": "All", "value": 2}], "employees_id": [], "employees_name": [], "stage_status_id": 1, "stage_status_name": {"label": "Initiate", "value": 1}, "action_criteria_id": null, "action_criteria_name": {}}], "secondary_actions": []}, "type": "input", "style": {"color": "var(--color-text-skin-base)", "border": "1px solid #d9d9d9", "display": "flex", "padding": "8px 12px", "fontSize": "14px", "minWidth": "150px", "boxShadow": "0 1px 4px rgba(0, 0, 0, 0.1)", "minHeight": "36px", "textAlign": "center", "alignItems": "center", "background": "var(--color-skin-fill-secondary)", "fontWeight": "400", "transition": "all 0.2s ease", "borderRadius": "6px", "justifyContent": "center"}, "measured": {"width": 150, "height": 84}, "position": {"x": 12, "y": 12}, "selected": false}, {"id": "XA47", "data": {"sla": [{"key": 1759730178798, "days": 5, "hours": 0, "minutes": 0, "seconds": 0, "roles_id": [5, 4, 9], "roles_name": [{"label": "Supplier Head", "value": 5}, {"label": "Quality Manager", "value": 4}, {"label": "Quality Engineer", "value": 9}], "employees_id": [4, 5, 6], "employees_name": [{"label": "quality engg", "value": 4}, {"label": "quality manager", "value": 5}, {"label": "supplier head", "value": 6}]}], "label": "Supplier Risk Assessment", "dependency": [{"stage": "0", "action": 1, "stage_name": {"label": "Supplier Identification & Pre-Qualification", "value": "0", "actions_list": [{"roles_id": [], "roles_name": [{"label": "All", "value": 2}], "employees_id": [], "employees_name": [], "stage_status_id": 1, "stage_status_name": {"label": "Initiate", "value": 1}, "action_criteria_id": null, "action_criteria_name": {}}]}, "action_name": {"label": "Initiate", "value": 1}}], "open_modal": true, "basic_details": {"stage_name": "Supplier Risk Assessment", "is_initial_stage": false, "email_notification": false}, "primary_actions": [{"roles_id": [4, 5, 9], "roles_name": [{"label": "Quality Manager", "value": 4}, {"label": "Supplier Head", "value": 5}, {"label": "Quality Engineer", "value": 9}], "employees_id": [5, 6, 4], "employees_name": [{"label": "quality manager", "value": 5}, {"label": "supplier head", "value": 6}, {"label": "quality engg", "value": 4}], "stage_status_id": 9, "stage_status_name": {"label": "Assessed", "value": 9}, "action_criteria_id": 1, "action_criteria_name": {"label": "Anyone", "value": 1}}], "secondary_actions": []}, "type": "default", "style": {"color": "#ffffff", "border": "2px solid #1890ff", "display": "flex", "padding": "8px 12px", "fontSize": "14px", "minWidth": "150px", "boxShadow": "0 2px 8px rgba(24, 144, 255, 0.2)", "minHeight": "36px", "textAlign": "center", "alignItems": "center", "background": "#1890ff", "fontWeight": "500", "transition": "all 0.2s ease", "borderRadius": "6px", "justifyContent": "center"}, "measured": {"width": 150, "height": 62}, "position": {"x": 12, "y": 146}, "selected": false}, {"id": "LA33", "data": {"sla": [{"key": 1759730283975, "days": 5, "hours": 0, "minutes": 0, "seconds": 0, "roles_id": [5, 4], "roles_name": [{"label": "Supplier Head", "value": 5}, {"label": "Quality Manager", "value": 4}], "employees_id": [5, 6], "employees_name": [{"label": "quality manager", "value": 5}, {"label": "supplier head", "value": 6}]}], "label": "Supplier Evaluation", "dependency": [{"stage": "XA47", "action": 9, "stage_name": {"label": "Supplier Risk Assessment", "value": "XA47", "actions_list": [{"roles_id": [4, 5, 9], "roles_name": [{"label": "Quality Manager", "value": 4}, {"label": "Supplier Head", "value": 5}, {"label": "Quality Engineer", "value": 9}], "employees_id": [5, 6, 4], "employees_name": [{"label": "quality manager", "value": 5}, {"label": "supplier head", "value": 6}, {"label": "quality engg", "value": 4}], "stage_status_id": 9, "stage_status_name": {"label": "Assessed", "value": 9}, "action_criteria_id": 1, "action_criteria_name": {"label": "Anyone", "value": 1}}]}, "action_name": {"label": "Assessed", "value": 9}}], "open_modal": true, "basic_details": {"stage_name": "Supplier Evaluation", "is_initial_stage": false, "email_notification": false}, "primary_actions": [{"key": 1759730251203, "roles_id": [5, 4], "roles_name": [{"label": "Supplier Head", "value": 5}, {"label": "Quality Manager", "value": 4}], "employees_id": [5, 6], "employees_name": [{"label": "quality manager", "value": 5}, {"label": "supplier head", "value": 6}], "stage_status_id": 10, "stage_status_name": {"label": "Evaluate", "value": 10}, "action_criteria_id": 1, "action_criteria_name": {"label": "Anyone", "value": 1}}], "secondary_actions": []}, "type": "default", "style": {"color": "#ffffff", "border": "2px solid #1890ff", "display": "flex", "padding": "8px 12px", "fontSize": "14px", "minWidth": "150px", "boxShadow": "0 2px 8px rgba(24, 144, 255, 0.2)", "minHeight": "36px", "textAlign": "center", "alignItems": "center", "background": "#1890ff", "fontWeight": "500", "transition": "all 0.2s ease", "borderRadius": "6px", "justifyContent": "center"}, "measured": {"width": 150, "height": 40}, "position": {"x": 12, "y": 258}, "selected": false}, {"id": "FQ46", "data": {"sla": [{"key": 1759730784293, "days": 5, "hours": 0, "minutes": 0, "seconds": 0, "roles_id": [8, 9], "roles_name": [{"label": "Complience Officer", "value": 8}, {"label": "Quality Engineer", "value": 9}], "employees_id": [10, 4], "employees_name": [{"label": "compliance officer", "value": 10}, {"label": "quality engg", "value": 4}]}], "label": "Commercial Evaluation", "dependency": [{"stage": "LA33", "action": 10, "stage_name": {"label": "Supplier Evaluation", "value": "LA33", "actions_list": [{"key": 1759730251203, "roles_id": [5, 4], "roles_name": [{"label": "Supplier Head", "value": 5}, {"label": "Quality Manager", "value": 4}], "employees_id": [5, 6], "employees_name": [{"label": "quality manager", "value": 5}, {"label": "supplier head", "value": 6}], "stage_status_id": 10, "stage_status_name": {"label": "Evaluate", "value": 10}, "action_criteria_id": 1, "action_criteria_name": {"label": "Anyone", "value": 1}}]}, "action_name": {"label": "Evaluate", "value": 10}}], "open_modal": false, "basic_details": {"stage_name": "Commercial Evaluation", "is_initial_stage": false, "email_notification": false}, "primary_actions": [{"key": 1759730654873, "roles_id": [8, 9], "roles_name": [{"label": "Complience Officer", "value": 8}, {"label": "Quality Engineer", "value": 9}], "employees_id": [10, 4], "employees_name": [{"label": "compliance officer", "value": 10}, {"label": "quality engg", "value": 4}], "stage_status_id": 2, "stage_status_name": {"label": "Approve", "value": 2}, "action_criteria_id": 1, "action_criteria_name": {"label": "Anyone", "value": 1}}, {"key": 1759730739844, "roles_id": [8, 9], "roles_name": [{"label": "Complience Officer", "value": 8}, {"label": "Quality Engineer", "value": 9}], "employees_id": [10, 4], "employees_name": [{"label": "compliance officer", "value": 10}, {"label": "quality engg", "value": 4}], "stage_status_id": 3, "stage_status_name": {"label": "Reject", "value": 3}, "action_criteria_id": 1, "action_criteria_name": {"label": "Anyone", "value": 1}}], "secondary_actions": []}, "type": "default", "style": {"color": "var(--color-text-skin-base)", "border": "1px solid #d9d9d9", "display": "flex", "padding": "8px 12px", "fontSize": "14px", "minWidth": "150px", "boxShadow": "0 1px 4px rgba(0, 0, 0, 0.1)", "minHeight": "36px", "textAlign": "center", "alignItems": "center", "background": "var(--color-skin-fill-secondary)", "fontWeight": "400", "transition": "all 0.2s ease", "borderRadius": "6px", "justifyContent": "center"}, "dragging": false, "measured": {"width": 150, "height": 62}, "position": {"x": 12, "y": 348}, "selected": false}, {"id": "VD50", "data": {"sla": [{"key": 1759730883810, "days": 5, "hours": 0, "minutes": 0, "seconds": 0, "roles_id": [4], "roles_name": [{"label": "Quality Manager", "value": 4}], "employees_id": [5], "employees_name": [{"label": "quality manager", "value": 5}]}], "label": "Supplier Selection & Nomination", "dependency": [{"stage": "FQ46", "action": 2, "stage_name": {"label": "Commercial Evaluation", "value": "FQ46", "actions_list": [{"key": 1759730654873, "roles_id": [8, 9], "roles_name": [{"label": "Complience Officer", "value": 8}, {"label": "Quality Engineer", "value": 9}], "employees_id": [10, 4], "employees_name": [{"label": "compliance officer", "value": 10}, {"label": "quality engg", "value": 4}], "stage_status_id": 2, "stage_status_name": {"label": "Approve", "value": 2}, "action_criteria_id": 1, "action_criteria_name": {"label": "Anyone", "value": 1}}, {"key": 1759730739844, "roles_id": [8, 9], "roles_name": [{"label": "Complience Officer", "value": 8}, {"label": "Quality Engineer", "value": 9}], "employees_id": [10, 4], "employees_name": [{"label": "compliance officer", "value": 10}, {"label": "quality engg", "value": 4}], "stage_status_id": 3, "stage_status_name": {"label": "Reject", "value": 3}, "action_criteria_id": 1, "action_criteria_name": {"label": "Anyone", "value": 1}}]}, "action_name": {"label": "Approve", "value": 2}}], "open_modal": true, "basic_details": {"stage_name": "Supplier Selection & Nomination", "is_initial_stage": false, "email_notification": false}, "primary_actions": [{"key": 1759730857253, "roles_id": [4], "roles_name": [{"label": "Quality Manager", "value": 4}], "employees_id": [5], "employees_name": [{"label": "quality manager", "value": 5}], "stage_status_id": 11, "stage_status_name": {"label": "Select", "value": 11}, "action_criteria_id": 1, "action_criteria_name": {"label": "Anyone", "value": 1}}, {"key": 1759730871465, "roles_id": [4], "roles_name": [{"label": "Quality Manager", "value": 4}], "employees_id": [5], "employees_name": [{"label": "quality manager", "value": 5}], "stage_status_id": 5, "stage_status_name": {"label": "Return", "value": 5}, "action_criteria_id": 1, "action_criteria_name": {"label": "Anyone", "value": 1}}], "secondary_actions": []}, "type": "default", "style": {"color": "#ffffff", "border": "2px solid #1890ff", "display": "flex", "padding": "8px 12px", "fontSize": "14px", "minWidth": "150px", "boxShadow": "0 2px 8px rgba(24, 144, 255, 0.2)", "minHeight": "36px", "textAlign": "center", "alignItems": "center", "background": "#1890ff", "fontWeight": "500", "transition": "all 0.2s ease", "borderRadius": "6px", "justifyContent": "center"}, "dragging": false, "measured": {"width": 150, "height": 62}, "position": {"x": 12, "y": 460}, "selected": false}, {"id": "OD39", "data": {"sla": [{"key": 1759731155384, "days": 7, "hours": 0, "minutes": 0, "seconds": 0, "roles_id": [4], "roles_name": [{"label": "Quality Manager", "value": 4}], "employees_id": [5], "employees_name": [{"label": "quality manager", "value": 5}]}], "label": "Initial Sampling & Test Run", "dependency": [{"stage": "VD50", "action": 11, "stage_name": {"label": "Supplier Selection & Nomination", "value": "VD50", "actions_list": [{"key": 1759730857253, "roles_id": [4], "roles_name": [{"label": "Quality Manager", "value": 4}], "employees_id": [5], "employees_name": [{"label": "quality manager", "value": 5}], "stage_status_id": 11, "stage_status_name": {"label": "Select", "value": 11}, "action_criteria_id": 1, "action_criteria_name": {"label": "Anyone", "value": 1}}, {"key": 1759730871465, "roles_id": [4], "roles_name": [{"label": "Quality Manager", "value": 4}], "employees_id": [5], "employees_name": [{"label": "quality manager", "value": 5}], "stage_status_id": 5, "stage_status_name": {"label": "Return", "value": 5}, "action_criteria_id": 1, "action_criteria_name": {"label": "Anyone", "value": 1}}]}, "action_name": {"label": "Select", "value": 11}}], "open_modal": true, "basic_details": {"stage_name": "Initial Sampling & Test Run", "is_initial_stage": false, "email_notification": false}, "primary_actions": [{"key": 1759731129307, "roles_id": [4], "roles_name": [{"label": "Quality Manager", "value": 4}], "employees_id": [5], "employees_name": [{"label": "quality manager", "value": 5}], "stage_status_id": 13, "stage_status_name": {"label": "Sampling", "value": 13}, "action_criteria_id": 1, "action_criteria_name": {"label": "Anyone", "value": 1}}, {"key": 1759731142782, "roles_id": [4], "roles_name": [{"label": "Quality Manager", "value": 4}], "employees_id": [5], "employees_name": [{"label": "quality manager", "value": 5}], "stage_status_id": 3, "stage_status_name": {"label": "Reject", "value": 3}, "action_criteria_id": 1, "action_criteria_name": {"label": "Anyone", "value": 1}}], "secondary_actions": []}, "type": "default", "style": {"color": "#ffffff", "border": "2px solid #1890ff", "display": "flex", "padding": "8px 12px", "fontSize": "14px", "minWidth": "150px", "boxShadow": "0 2px 8px rgba(24, 144, 255, 0.2)", "minHeight": "36px", "textAlign": "center", "alignItems": "center", "background": "#1890ff", "fontWeight": "500", "transition": "all 0.2s ease", "borderRadius": "6px", "justifyContent": "center"}, "measured": {"width": 150, "height": 62}, "position": {"x": 12, "y": 572}, "selected": false}, {"id": "XF35", "data": {"sla": [{"key": 1759731336263, "days": 6, "hours": 0, "minutes": 0, "seconds": 0, "roles_id": [9], "roles_name": [{"label": "Quality Engineer", "value": 9}], "employees_id": [4], "employees_name": [{"label": "quality engg", "value": 4}]}], "label": "Supplier Onboarding", "dependency": [{"stage": "OD39", "action": 13, "stage_name": {"label": "Initial Sampling & Test Run", "value": "OD39", "actions_list": [{"key": 1759731129307, "roles_id": [4], "roles_name": [{"label": "Quality Manager", "value": 4}], "employees_id": [5], "employees_name": [{"label": "quality manager", "value": 5}], "stage_status_id": 13, "stage_status_name": {"label": "Sampling", "value": 13}, "action_criteria_id": 1, "action_criteria_name": {"label": "Anyone", "value": 1}}, {"key": 1759731142782, "roles_id": [4], "roles_name": [{"label": "Quality Manager", "value": 4}], "employees_id": [5], "employees_name": [{"label": "quality manager", "value": 5}], "stage_status_id": 3, "stage_status_name": {"label": "Reject", "value": 3}, "action_criteria_id": 1, "action_criteria_name": {"label": "Anyone", "value": 1}}]}, "action_name": {"label": "Sampling", "value": 13}}], "open_modal": true, "basic_details": {"stage_name": "Supplier Onboarding", "is_initial_stage": false, "email_notification": false}, "primary_actions": [{"key": 1759731209016, "roles_id": [9], "roles_name": [{"label": "Quality Engineer", "value": 9}], "employees_id": [4], "employees_name": [{"label": "quality engg", "value": 4}], "stage_status_id": 16, "stage_status_name": {"label": "Onboard", "value": 16}, "action_criteria_id": 1, "action_criteria_name": {"label": "Anyone", "value": 1}}, {"key": 1759731326304, "roles_id": [9], "roles_name": [{"label": "Quality Engineer", "value": 9}], "employees_id": [4], "employees_name": [{"label": "quality engg", "value": 4}], "stage_status_id": 5, "stage_status_name": {"label": "Return", "value": 5}, "action_criteria_id": 1, "action_criteria_name": {"label": "Anyone", "value": 1}}], "secondary_actions": []}, "type": "default", "style": {"color": "#ffffff", "border": "2px solid #1890ff", "display": "flex", "padding": "8px 12px", "fontSize": "14px", "minWidth": "150px", "boxShadow": "0 2px 8px rgba(24, 144, 255, 0.2)", "minHeight": "36px", "textAlign": "center", "alignItems": "center", "background": "#1890ff", "fontWeight": "500", "transition": "all 0.2s ease", "borderRadius": "6px", "justifyContent": "center"}, "measured": {"width": 150, "height": 62}, "position": {"x": 12, "y": 684}, "selected": false}, {"id": "KT49", "data": {"sla": [{"key": 1759731410525, "days": 7, "hours": 0, "minutes": 0, "seconds": 0, "roles_id": [4], "roles_name": [{"label": "Quality Manager", "value": 4}], "employees_id": [5], "employees_name": [{"label": "quality manager", "value": 5}]}], "label": "Series Production Monitoring", "dependency": [{"stage": "XF35", "action": 16, "stage_name": {"label": "Supplier Onboarding", "value": "XF35", "actions_list": [{"key": 1759731209016, "roles_id": [9], "roles_name": [{"label": "Quality Engineer", "value": 9}], "employees_id": [4], "employees_name": [{"label": "quality engg", "value": 4}], "stage_status_id": 16, "stage_status_name": {"label": "Onboard", "value": 16}, "action_criteria_id": 1, "action_criteria_name": {"label": "Anyone", "value": 1}}, {"key": 1759731326304, "roles_id": [9], "roles_name": [{"label": "Quality Engineer", "value": 9}], "employees_id": [4], "employees_name": [{"label": "quality engg", "value": 4}], "stage_status_id": 5, "stage_status_name": {"label": "Return", "value": 5}, "action_criteria_id": 1, "action_criteria_name": {"label": "Anyone", "value": 1}}]}, "action_name": {"label": "Onboard", "value": 16}}], "open_modal": true, "basic_details": {"stage_name": "Series Production Monitoring", "is_initial_stage": false, "email_notification": false}, "primary_actions": [{"key": 1759731393419, "roles_id": [4], "roles_name": [{"label": "Quality Manager", "value": 4}], "employees_id": [5], "employees_name": [{"label": "quality manager", "value": 5}], "stage_status_id": 17, "stage_status_name": {"label": "Monitor", "value": 17}, "action_criteria_id": 1, "action_criteria_name": {"label": "Anyone", "value": 1}}], "secondary_actions": []}, "type": "default", "style": {"color": "#ffffff", "border": "2px solid #1890ff", "display": "flex", "padding": "8px 12px", "fontSize": "14px", "minWidth": "150px", "boxShadow": "0 2px 8px rgba(24, 144, 255, 0.2)", "minHeight": "36px", "textAlign": "center", "alignItems": "center", "background": "#1890ff", "fontWeight": "500", "transition": "all 0.2s ease", "borderRadius": "6px", "justifyContent": "center"}, "measured": {"width": 150, "height": 62}, "position": {"x": 12, "y": 796}, "selected": false}, {"id": "NV12", "data": {"sla": [{"key": 1759731823122, "days": 15, "hours": 0, "minutes": 0, "seconds": 0, "roles_id": [5, 4], "roles_name": [{"label": "Supplier Head", "value": 5}, {"label": "Quality Manager", "value": 4}], "employees_id": [5, 6], "employees_name": [{"label": "quality manager", "value": 5}, {"label": "supplier head", "value": 6}]}], "label": "Non-Conformance Handling", "dependency": [{"stage": "KT49", "action": 17, "stage_name": {"label": "Series Production Monitoring", "value": "KT49", "actions_list": [{"key": 1759731393419, "roles_id": [4], "roles_name": [{"label": "Quality Manager", "value": 4}], "employees_id": [5], "employees_name": [{"label": "quality manager", "value": 5}], "stage_status_id": 17, "stage_status_name": {"label": "Monitor", "value": 17}, "action_criteria_id": 1, "action_criteria_name": {"label": "Anyone", "value": 1}}]}, "action_name": {"label": "Monitor", "value": 17}}], "open_modal": true, "basic_details": {"stage_name": "Non-Conformance Handling", "is_initial_stage": false, "email_notification": false}, "primary_actions": [{"key": 1759731805540, "roles_id": [5, 4], "roles_name": [{"label": "Supplier Head", "value": 5}, {"label": "Quality Manager", "value": 4}], "employees_id": [6, 5], "employees_name": [{"label": "supplier head", "value": 6}, {"label": "quality manager", "value": 5}], "stage_status_id": 18, "stage_status_name": {"label": "Non-Conformance", "value": 18}, "action_criteria_id": 1, "action_criteria_name": {"label": "Anyone", "value": 1}}], "secondary_actions": []}, "type": "default", "style": {"color": "#ffffff", "border": "2px solid #1890ff", "display": "flex", "padding": "8px 12px", "fontSize": "14px", "minWidth": "150px", "boxShadow": "0 2px 8px rgba(24, 144, 255, 0.2)", "minHeight": "36px", "textAlign": "center", "alignItems": "center", "background": "#1890ff", "fontWeight": "500", "transition": "all 0.2s ease", "borderRadius": "6px", "justifyContent": "center"}, "measured": {"width": 150, "height": 62}, "position": {"x": 12, "y": 908}, "selected": false}, {"id": "ME67", "data": {"sla": [{"key": 1759732168946, "days": 15, "hours": 0, "minutes": 0, "seconds": 0, "roles_id": [5, 4], "roles_name": [{"label": "Supplier Head", "value": 5}, {"label": "Quality Manager", "value": 4}], "employees_id": [5, 6], "employees_name": [{"label": "quality manager", "value": 5}, {"label": "supplier head", "value": 6}]}], "label": "Supplier Development", "dependency": [{"stage": "NV12", "action": 18, "stage_name": {"label": "Non-Conformance Handling", "value": "NV12", "actions_list": [{"key": 1759731805540, "roles_id": [5, 4], "roles_name": [{"label": "Supplier Head", "value": 5}, {"label": "Quality Manager", "value": 4}], "employees_id": [6, 5], "employees_name": [{"label": "supplier head", "value": 6}, {"label": "quality manager", "value": 5}], "stage_status_id": 18, "stage_status_name": {"label": "Non-Conformance", "value": 18}, "action_criteria_id": 1, "action_criteria_name": {"label": "Anyone", "value": 1}}]}, "action_name": {"label": "Non-Conformance", "value": 18}}], "open_modal": true, "basic_details": {"stage_name": "Supplier Development", "is_initial_stage": false, "email_notification": false}, "primary_actions": [{"key": 1759732144380, "roles_id": [5, 4], "roles_name": [{"label": "Supplier Head", "value": 5}, {"label": "Quality Manager", "value": 4}], "employees_id": [5, 6], "employees_name": [{"label": "quality manager", "value": 5}, {"label": "supplier head", "value": 6}], "stage_status_id": 19, "stage_status_name": {"label": "Developed", "value": 19}, "action_criteria_id": 1, "action_criteria_name": {"label": "Anyone", "value": 1}}], "secondary_actions": []}, "type": "default", "style": {"color": "#ffffff", "border": "2px solid #1890ff", "display": "flex", "padding": "8px 12px", "fontSize": "14px", "minWidth": "150px", "boxShadow": "0 2px 8px rgba(24, 144, 255, 0.2)", "minHeight": "36px", "textAlign": "center", "alignItems": "center", "background": "#1890ff", "fontWeight": "500", "transition": "all 0.2s ease", "borderRadius": "6px", "justifyContent": "center"}, "measured": {"width": 150, "height": 62}, "position": {"x": 12, "y": 1020}, "selected": false}, {"id": "PN66", "data": {"sla": [{"key": 1759732264053, "days": 7, "hours": 0, "minutes": 0, "seconds": 0, "roles_id": [4], "roles_name": [{"label": "Quality Manager", "value": 4}], "employees_id": [5], "employees_name": [{"label": "quality manager", "value": 5}]}], "label": "Periodic Re-Evaluation", "dependency": [{"stage": "ME67", "action": 19, "stage_name": {"label": "Supplier Development", "value": "ME67", "actions_list": [{"key": 1759732144380, "roles_id": [5, 4], "roles_name": [{"label": "Supplier Head", "value": 5}, {"label": "Quality Manager", "value": 4}], "employees_id": [5, 6], "employees_name": [{"label": "quality manager", "value": 5}, {"label": "supplier head", "value": 6}], "stage_status_id": 19, "stage_status_name": {"label": "Developed", "value": 19}, "action_criteria_id": 1, "action_criteria_name": {"label": "Anyone", "value": 1}}]}, "action_name": {"label": "Developed", "value": 19}}], "open_modal": true, "basic_details": {"stage_name": "Periodic Re-Evaluation", "is_initial_stage": false, "email_notification": false}, "primary_actions": [{"key": 1759732250574, "roles_id": [4], "roles_name": [{"label": "Quality Manager", "value": 4}], "employees_id": [5], "employees_name": [{"label": "quality manager", "value": 5}], "stage_status_id": 20, "stage_status_name": {"label": "Re-Evaluation", "value": 20}, "action_criteria_id": 1, "action_criteria_name": {"label": "Anyone", "value": 1}}], "secondary_actions": []}, "type": "default", "style": {"color": "#ffffff", "border": "2px solid #1890ff", "display": "flex", "padding": "8px 12px", "fontSize": "14px", "minWidth": "150px", "boxShadow": "0 2px 8px rgba(24, 144, 255, 0.2)", "minHeight": "36px", "textAlign": "center", "alignItems": "center", "background": "#1890ff", "fontWeight": "500", "transition": "all 0.2s ease", "borderRadius": "6px", "justifyContent": "center"}, "measured": {"width": 150, "height": 62}, "position": {"x": 12, "y": 1132}, "selected": false}, {"id": "ZP20", "data": {"sla": [{"key": 1759732353012, "days": 5, "hours": 0, "minutes": 0, "seconds": 0, "roles_id": [4], "roles_name": [{"label": "Quality Manager", "value": 4}], "employees_id": [5], "employees_name": [{"label": "quality manager", "value": 5}]}], "label": "Supplier Removal / Exit", "dependency": [{"stage": "PN66", "action": 20, "stage_name": {"label": "Periodic Re-Evaluation", "value": "PN66", "actions_list": [{"key": 1759732250574, "roles_id": [4], "roles_name": [{"label": "Quality Manager", "value": 4}], "employees_id": [5], "employees_name": [{"label": "quality manager", "value": 5}], "stage_status_id": 20, "stage_status_name": {"label": "Re-Evaluation", "value": 20}, "action_criteria_id": 1, "action_criteria_name": {"label": "Anyone", "value": 1}}]}, "action_name": {"label": "Re-Evaluation", "value": 20}}], "open_modal": true, "basic_details": {"stage_name": "Supplier Removal / Exit", "is_initial_stage": false, "email_notification": false}, "primary_actions": [{"key": 1759732315078, "roles_id": [4], "roles_name": [{"label": "Quality Manager", "value": 4}], "employees_id": [5], "employees_name": [{"label": "quality manager", "value": 5}], "stage_status_id": 15, "stage_status_name": {"label": "Closed", "value": 15}, "action_criteria_id": 1, "action_criteria_name": {"label": "Anyone", "value": 1}}, {"key": 1759732338281, "roles_id": [4], "roles_name": [{"label": "Quality Manager", "value": 4}], "employees_id": [5], "employees_name": [{"label": "quality manager", "value": 5}], "stage_status_id": 3, "stage_status_name": {"label": "Reject", "value": 3}, "action_criteria_id": 1, "action_criteria_name": {"label": "Anyone", "value": 1}}], "secondary_actions": []}, "type": "default", "style": {"color": "#ffffff", "border": "2px solid #1890ff", "display": "flex", "padding": "8px 12px", "fontSize": "14px", "minWidth": "150px", "boxShadow": "0 2px 8px rgba(24, 144, 255, 0.2)", "minHeight": "36px", "textAlign": "center", "alignItems": "center", "background": "#1890ff", "fontWeight": "500", "transition": "all 0.2s ease", "borderRadius": "6px", "justifyContent": "center"}, "measured": {"width": 150, "height": 62}, "position": {"x": 12, "y": 1244}, "selected": false}]}	4
5	2025-10-07 12:05:13.759796+05:30	2025-10-07 12:05:13.75981+05:30	f	{"edges": [{"id": "xy-edge__0-ZV55", "type": "smoothstep", "label": "Initiate", "source": "0", "target": "ZV55"}, {"id": "xy-edge__ZV55-AV90", "type": "smoothstep", "label": "Submit", "source": "ZV55", "target": "AV90"}, {"id": "xy-edge__AV90-QB20", "type": "smoothstep", "label": "Submit", "source": "AV90", "target": "QB20"}, {"id": "xy-edge__QB20-YE85", "type": "smoothstep", "label": "Assessed", "source": "QB20", "target": "YE85"}], "nodes": [{"id": "0", "data": {"sla": [], "label": "Initiation", "dependency": [], "basic_details": {"stage_name": "Initiation", "is_initial_stage": true, "email_notification": false}, "primary_actions": [{"roles_id": [], "roles_name": [{"label": "All", "value": 2}], "employees_id": [], "employees_name": [], "stage_status_id": 1, "stage_status_name": {"label": "Initiate", "value": 1}, "action_criteria_id": null, "action_criteria_name": {}}], "secondary_actions": []}, "type": "input", "measured": {"width": 150, "height": 40}, "position": {"x": 0, "y": 50}}, {"id": "ZV55", "data": {"sla": [{"key": 1759819879614, "days": 1, "hours": 0, "minutes": 0, "seconds": 0, "roles_id": [11], "roles_name": [{"label": "Lead Auditor", "value": 11}], "employees_id": [12], "employees_name": [{"label": "Lead Auditor", "value": 12}]}], "label": "Perform Audit", "dependency": [{"stage": "0", "action": 1, "stage_name": {"label": "Initiation", "value": "0", "actions_list": [{"roles_id": [], "roles_name": [{"label": "All", "value": 2}], "employees_id": [], "employees_name": [], "stage_status_id": 1, "stage_status_name": {"label": "Initiate", "value": 1}, "action_criteria_id": null, "action_criteria_name": {}}]}, "action_name": {"label": "Initiate", "value": 1}}], "open_modal": true, "basic_details": {"stage_name": "Perform Audit", "is_initial_stage": false, "email_notification": false}, "primary_actions": [{"key": 1759819864817, "roles_id": [11], "roles_name": [{"label": "Lead Auditor", "value": 11}], "employees_id": [12], "employees_name": [{"label": "Lead Auditor", "value": 12}], "stage_status_id": 21, "stage_status_name": {"label": "Submit", "value": 21}, "action_criteria_id": 1, "action_criteria_name": {"label": "Anyone", "value": 1}}], "secondary_actions": []}, "type": "default", "style": {"color": "#ffffff", "border": "2px solid #1890ff", "display": "flex", "padding": "8px 12px", "fontSize": "14px", "minWidth": "150px", "boxShadow": "0 2px 8px rgba(24, 144, 255, 0.2)", "minHeight": "36px", "textAlign": "center", "alignItems": "center", "background": "#1890ff", "fontWeight": "500", "transition": "all 0.2s ease", "borderRadius": "6px", "justifyContent": "center"}, "dragging": false, "measured": {"width": 150, "height": 40}, "position": {"x": 7.586206896551715, "y": 131.0344827586207}, "selected": false}, {"id": "AV90", "data": {"sla": [{"key": 1759819985535, "days": 1, "hours": 0, "minutes": 0, "seconds": 0, "roles_id": [11], "roles_name": [{"label": "Lead Auditor", "value": 11}], "employees_id": [12], "employees_name": [{"label": "Lead Auditor", "value": 12}]}], "label": "Submit Audit Report", "dependency": [{"stage": "ZV55", "action": 21, "stage_name": {"label": "Perform Audit", "value": "ZV55", "actions_list": [{"key": 1759819864817, "roles_id": [11], "roles_name": [{"label": "Lead Auditor", "value": 11}], "employees_id": [12], "employees_name": [{"label": "Lead Auditor", "value": 12}], "stage_status_id": 21, "stage_status_name": {"label": "Submit", "value": 21}, "action_criteria_id": 1, "action_criteria_name": {"label": "Anyone", "value": 1}}]}, "action_name": {"label": "Submit", "value": 21}}], "open_modal": true, "basic_details": {"stage_name": "Submit Audit Report", "is_initial_stage": false, "email_notification": false}, "primary_actions": [{"key": 1759819973931, "roles_id": [11], "roles_name": [{"label": "Lead Auditor", "value": 11}], "employees_id": [12], "employees_name": [{"label": "Lead Auditor", "value": 12}], "stage_status_id": 21, "stage_status_name": {"label": "Submit", "value": 21}, "action_criteria_id": 1, "action_criteria_name": {"label": "Anyone", "value": 1}}], "secondary_actions": []}, "type": "default", "style": {"color": "#ffffff", "border": "2px solid #1890ff", "display": "flex", "padding": "8px 12px", "fontSize": "14px", "minWidth": "150px", "boxShadow": "0 2px 8px rgba(24, 144, 255, 0.2)", "minHeight": "36px", "textAlign": "center", "alignItems": "center", "background": "#1890ff", "fontWeight": "500", "transition": "all 0.2s ease", "borderRadius": "6px", "justifyContent": "center"}, "dragging": false, "measured": {"width": 150, "height": 62}, "position": {"x": 9.310344827586206, "y": 203.44827586206898}, "selected": false}, {"id": "QB20", "data": {"sla": [{"key": 1759820059032, "days": 1, "hours": 0, "minutes": 0, "seconds": 0, "roles_id": [3], "roles_name": [{"label": "Quality Head", "value": 3}], "employees_id": [3], "employees_name": [{"label": "quality head", "value": 3}]}], "label": "Non-Conformance Handling", "dependency": [{"stage": "AV90", "action": 21, "stage_name": {"label": "Submit Audit Report", "value": "AV90", "actions_list": [{"key": 1759819973931, "roles_id": [11], "roles_name": [{"label": "Lead Auditor", "value": 11}], "employees_id": [12], "employees_name": [{"label": "Lead Auditor", "value": 12}], "stage_status_id": 21, "stage_status_name": {"label": "Submit", "value": 21}, "action_criteria_id": 1, "action_criteria_name": {"label": "Anyone", "value": 1}}]}, "action_name": {"label": "Submit", "value": 21}}], "open_modal": true, "basic_details": {"stage_name": "Non-Conformance Handling", "is_initial_stage": false, "email_notification": false}, "primary_actions": [{"key": 1759820041185, "roles_id": [3], "roles_name": [{"label": "Quality Head", "value": 3}], "employees_id": [3], "employees_name": [{"label": "quality head", "value": 3}], "stage_status_id": 9, "stage_status_name": {"label": "Assessed", "value": 9}, "action_criteria_id": 1, "action_criteria_name": {"label": "Anyone", "value": 1}}], "secondary_actions": []}, "type": "default", "style": {"color": "var(--color-text-skin-base)", "border": "1px solid #d9d9d9", "display": "flex", "padding": "8px 12px", "fontSize": "14px", "minWidth": "150px", "boxShadow": "0 1px 4px rgba(0, 0, 0, 0.1)", "minHeight": "36px", "textAlign": "center", "alignItems": "center", "background": "var(--color-skin-fill-secondary)", "fontWeight": "400", "transition": "all 0.2s ease", "borderRadius": "6px", "justifyContent": "center"}, "dragging": false, "measured": {"width": 150, "height": 62}, "position": {"x": 14.482758620689651, "y": 298.2758620689655}, "selected": false}, {"id": "YE85", "data": {"sla": [{"key": 1759820125686, "days": 1, "hours": 0, "minutes": 0, "seconds": 0, "roles_id": [3], "roles_name": [{"label": "Quality Head", "value": 3}], "employees_id": [3], "employees_name": [{"label": "quality head", "value": 3}]}], "label": "Audit Completion Review", "dependency": [{"stage": "QB20", "action": 9, "stage_name": {"label": "Non-Conformance Handling", "value": "QB20", "actions_list": [{"key": 1759820041185, "roles_id": [3], "roles_name": [{"label": "Quality Head", "value": 3}], "employees_id": [3], "employees_name": [{"label": "quality head", "value": 3}], "stage_status_id": 9, "stage_status_name": {"label": "Assessed", "value": 9}, "action_criteria_id": 1, "action_criteria_name": {"label": "Anyone", "value": 1}}]}, "action_name": {"label": "Assessed", "value": 9}}], "open_modal": true, "basic_details": {"stage_name": "Audit Completion Review", "is_initial_stage": false, "email_notification": false}, "primary_actions": [{"key": 1759820112742, "roles_id": [3], "roles_name": [{"label": "Quality Head", "value": 3}], "employees_id": [3], "employees_name": [{"label": "quality head", "value": 3}], "stage_status_id": 2, "stage_status_name": {"label": "Approve", "value": 2}, "action_criteria_id": 1, "action_criteria_name": {"label": "Anyone", "value": 1}}], "secondary_actions": []}, "type": "default", "style": {"color": "#ffffff", "border": "2px solid #1890ff", "display": "flex", "padding": "8px 12px", "fontSize": "14px", "minWidth": "150px", "boxShadow": "0 2px 8px rgba(24, 144, 255, 0.2)", "minHeight": "36px", "textAlign": "center", "alignItems": "center", "background": "#1890ff", "fontWeight": "500", "transition": "all 0.2s ease", "borderRadius": "6px", "justifyContent": "center"}, "dragging": false, "measured": {"width": 150, "height": 64}, "position": {"x": 5.862068965517238, "y": 396.55172413793105}, "selected": true}]}	7
7	2025-10-07 12:23:49.376837+05:30	2025-10-07 12:23:49.376876+05:30	f	{"edges": [{"id": "xy-edge__0-RM68", "type": "smoothstep", "label": "Initiate", "source": "0", "target": "RM68"}, {"id": "xy-edge__RM68-RK45", "type": "smoothstep", "label": "Approve", "source": "RM68", "target": "RK45"}, {"id": "xy-edge__RK45-YO69", "type": "smoothstep", "label": "Approve", "source": "RK45", "target": "YO69"}, {"id": "xy-edge__YO69-DT57", "type": "smoothstep", "label": "Approve", "source": "YO69", "target": "DT57"}], "nodes": [{"id": "0", "data": {"sla": [], "label": "Initiation", "dependency": [], "basic_details": {"stage_name": "Initiation", "is_initial_stage": true, "email_notification": false}, "primary_actions": [{"roles_id": [], "roles_name": [{"label": "All", "value": 2}], "employees_id": [], "employees_name": [], "stage_status_id": 1, "stage_status_name": {"label": "Initiate", "value": 1}, "action_criteria_id": null, "action_criteria_name": {}}], "secondary_actions": []}, "type": "input", "measured": {"width": 150, "height": 40}, "position": {"x": 12, "y": 12}, "selected": false}, {"id": "RM68", "data": {"sla": [{"key": 1759820121247, "days": 5, "hours": 0, "minutes": 0, "seconds": 0, "roles_id": [9], "roles_name": [{"label": "Quality Engineer", "value": 9}], "employees_id": [4], "employees_name": [{"label": "quality engg", "value": 4}]}], "label": "Risk Identification", "dependency": [{"stage": "0", "action": 1, "stage_name": {"label": "Initiation", "value": "0", "actions_list": [{"roles_id": [], "roles_name": [{"label": "All", "value": 2}], "employees_id": [], "employees_name": [], "stage_status_id": 1, "stage_status_name": {"label": "Initiate", "value": 1}, "action_criteria_id": null, "action_criteria_name": {}}]}, "action_name": {"label": "Initiate", "value": 1}}], "open_modal": true, "basic_details": {"stage_name": "Risk Identification", "is_initial_stage": false, "email_notification": false}, "primary_actions": [{"key": 1759820100574, "roles_id": [9], "roles_name": [{"label": "Quality Engineer", "value": 9}], "employees_id": [4], "employees_name": [{"label": "quality engg", "value": 4}], "stage_status_id": 2, "stage_status_name": {"label": "Approve", "value": 2}, "action_criteria_id": 1, "action_criteria_name": {"label": "Anyone", "value": 1}}, {"key": 1759820109772, "roles_id": [9], "roles_name": [{"label": "Quality Engineer", "value": 9}], "employees_id": [4], "employees_name": [{"label": "quality engg", "value": 4}], "stage_status_id": 3, "stage_status_name": {"label": "Reject", "value": 3}, "action_criteria_id": 1, "action_criteria_name": {"label": "Anyone", "value": 1}}], "secondary_actions": []}, "type": "default", "style": {"color": "#ffffff", "border": "2px solid #1890ff", "display": "flex", "padding": "8px 12px", "fontSize": "14px", "minWidth": "150px", "boxShadow": "0 2px 8px rgba(24, 144, 255, 0.2)", "minHeight": "36px", "textAlign": "center", "alignItems": "center", "background": "#1890ff", "fontWeight": "500", "transition": "all 0.2s ease", "borderRadius": "6px", "justifyContent": "center"}, "measured": {"width": 150, "height": 40}, "position": {"x": 12, "y": 102}, "selected": false}, {"id": "RK45", "data": {"sla": [{"key": 1759820251172, "days": 5, "hours": 0, "minutes": 0, "seconds": 0, "roles_id": [9, 3], "roles_name": [{"label": "Quality Engineer", "value": 9}, {"label": "Quality Head", "value": 3}], "employees_id": [3, 4], "employees_name": [{"label": "quality head", "value": 3}, {"label": "quality engg", "value": 4}]}], "label": "Risk Evaluation & Assessment", "dependency": [{"stage": "RM68", "action": 2, "stage_name": {"label": "Risk Identification", "value": "RM68", "actions_list": [{"key": 1759820100574, "roles_id": [9], "roles_name": [{"label": "Quality Engineer", "value": 9}], "employees_id": [4], "employees_name": [{"label": "quality engg", "value": 4}], "stage_status_id": 2, "stage_status_name": {"label": "Approve", "value": 2}, "action_criteria_id": 1, "action_criteria_name": {"label": "Anyone", "value": 1}}, {"key": 1759820109772, "roles_id": [9], "roles_name": [{"label": "Quality Engineer", "value": 9}], "employees_id": [4], "employees_name": [{"label": "quality engg", "value": 4}], "stage_status_id": 3, "stage_status_name": {"label": "Reject", "value": 3}, "action_criteria_id": 1, "action_criteria_name": {"label": "Anyone", "value": 1}}]}, "action_name": {"label": "Approve", "value": 2}}], "open_modal": true, "basic_details": {"stage_name": "Risk Evaluation & Assessment", "is_initial_stage": false, "email_notification": false}, "primary_actions": [{"key": 1759820213697, "roles_id": [3, 9], "roles_name": [{"label": "Quality Head", "value": 3}, {"label": "Quality Engineer", "value": 9}], "employees_id": [3, 4], "employees_name": [{"label": "quality head", "value": 3}, {"label": "quality engg", "value": 4}], "stage_status_id": 2, "stage_status_name": {"label": "Approve", "value": 2}, "action_criteria_id": 1, "action_criteria_name": {"label": "Anyone", "value": 1}}, {"key": 1759820226447, "roles_id": [3, 9], "roles_name": [{"label": "Quality Head", "value": 3}, {"label": "Quality Engineer", "value": 9}], "employees_id": [3, 4], "employees_name": [{"label": "quality head", "value": 3}, {"label": "quality engg", "value": 4}], "stage_status_id": 5, "stage_status_name": {"label": "Return", "value": 5}, "action_criteria_id": 1, "action_criteria_name": {"label": "Anyone", "value": 1}}, {"key": 1759820237724, "roles_id": [3, 9], "roles_name": [{"label": "Quality Head", "value": 3}, {"label": "Quality Engineer", "value": 9}], "employees_id": [4, 3], "employees_name": [{"label": "quality engg", "value": 4}, {"label": "quality head", "value": 3}], "stage_status_id": 3, "stage_status_name": {"label": "Reject", "value": 3}, "action_criteria_id": 1, "action_criteria_name": {"label": "Anyone", "value": 1}}], "secondary_actions": []}, "type": "default", "style": {"color": "#ffffff", "border": "2px solid #1890ff", "display": "flex", "padding": "8px 12px", "fontSize": "14px", "minWidth": "150px", "boxShadow": "0 2px 8px rgba(24, 144, 255, 0.2)", "minHeight": "36px", "textAlign": "center", "alignItems": "center", "background": "#1890ff", "fontWeight": "500", "transition": "all 0.2s ease", "borderRadius": "6px", "justifyContent": "center"}, "measured": {"width": 150, "height": 62}, "position": {"x": 12, "y": 192}, "selected": false}, {"id": "YO69", "data": {"sla": [{"key": 1759820431467, "days": 5, "hours": 0, "minutes": 0, "seconds": 0, "roles_id": [4], "roles_name": [{"label": "Quality Manager", "value": 4}], "employees_id": [5], "employees_name": [{"label": "quality manager", "value": 5}]}], "label": "Risk Control / Mitigation Plan", "dependency": [{"stage": "RK45", "action": 2, "stage_name": {"label": "Risk Evaluation & Assessment", "value": "RK45", "actions_list": [{"key": 1759820213697, "roles_id": [3, 9], "roles_name": [{"label": "Quality Head", "value": 3}, {"label": "Quality Engineer", "value": 9}], "employees_id": [3, 4], "employees_name": [{"label": "quality head", "value": 3}, {"label": "quality engg", "value": 4}], "stage_status_id": 2, "stage_status_name": {"label": "Approve", "value": 2}, "action_criteria_id": 1, "action_criteria_name": {"label": "Anyone", "value": 1}}, {"key": 1759820226447, "roles_id": [3, 9], "roles_name": [{"label": "Quality Head", "value": 3}, {"label": "Quality Engineer", "value": 9}], "employees_id": [3, 4], "employees_name": [{"label": "quality head", "value": 3}, {"label": "quality engg", "value": 4}], "stage_status_id": 5, "stage_status_name": {"label": "Return", "value": 5}, "action_criteria_id": 1, "action_criteria_name": {"label": "Anyone", "value": 1}}, {"key": 1759820237724, "roles_id": [3, 9], "roles_name": [{"label": "Quality Head", "value": 3}, {"label": "Quality Engineer", "value": 9}], "employees_id": [4, 3], "employees_name": [{"label": "quality engg", "value": 4}, {"label": "quality head", "value": 3}], "stage_status_id": 3, "stage_status_name": {"label": "Reject", "value": 3}, "action_criteria_id": 1, "action_criteria_name": {"label": "Anyone", "value": 1}}]}, "action_name": {"label": "Approve", "value": 2}}], "open_modal": true, "basic_details": {"stage_name": "Risk Control / Mitigation Plan", "is_initial_stage": false, "email_notification": false}, "primary_actions": [{"key": 1759820409842, "roles_id": [4], "roles_name": [{"label": "Quality Manager", "value": 4}], "employees_id": [5], "employees_name": [{"label": "quality manager", "value": 5}], "stage_status_id": 2, "stage_status_name": {"label": "Approve", "value": 2}, "action_criteria_id": 1, "action_criteria_name": {"label": "Anyone", "value": 1}}, {"key": 1759820422974, "roles_id": [4], "roles_name": [{"label": "Quality Manager", "value": 4}], "employees_id": [5], "employees_name": [{"label": "quality manager", "value": 5}], "stage_status_id": 5, "stage_status_name": {"label": "Return", "value": 5}, "action_criteria_id": 1, "action_criteria_name": {"label": "Anyone", "value": 1}}], "secondary_actions": []}, "type": "default", "style": {"color": "#ffffff", "border": "2px solid #1890ff", "display": "flex", "padding": "8px 12px", "fontSize": "14px", "minWidth": "150px", "boxShadow": "0 2px 8px rgba(24, 144, 255, 0.2)", "minHeight": "36px", "textAlign": "center", "alignItems": "center", "background": "#1890ff", "fontWeight": "500", "transition": "all 0.2s ease", "borderRadius": "6px", "justifyContent": "center"}, "measured": {"width": 150, "height": 62}, "position": {"x": 12, "y": 304}, "selected": false}, {"id": "DT57", "data": {"sla": [{"key": 1759820488486, "days": 5, "hours": 0, "minutes": 0, "seconds": 0, "roles_id": [3], "roles_name": [{"label": "Quality Head", "value": 3}], "employees_id": [3], "employees_name": [{"label": "quality head", "value": 3}]}], "label": "Risk Review & Closure", "dependency": [{"stage": "YO69", "action": 2, "stage_name": {"label": "Risk Control / Mitigation Plan", "value": "YO69", "actions_list": [{"key": 1759820409842, "roles_id": [4], "roles_name": [{"label": "Quality Manager", "value": 4}], "employees_id": [5], "employees_name": [{"label": "quality manager", "value": 5}], "stage_status_id": 2, "stage_status_name": {"label": "Approve", "value": 2}, "action_criteria_id": 1, "action_criteria_name": {"label": "Anyone", "value": 1}}, {"key": 1759820422974, "roles_id": [4], "roles_name": [{"label": "Quality Manager", "value": 4}], "employees_id": [5], "employees_name": [{"label": "quality manager", "value": 5}], "stage_status_id": 5, "stage_status_name": {"label": "Return", "value": 5}, "action_criteria_id": 1, "action_criteria_name": {"label": "Anyone", "value": 1}}]}, "action_name": {"label": "Approve", "value": 2}}], "open_modal": false, "basic_details": {"stage_name": "Risk Review & Closure", "is_initial_stage": false, "email_notification": false}, "primary_actions": [{"key": 1759820464032, "roles_id": [3], "roles_name": [{"label": "Quality Head", "value": 3}], "employees_id": [3], "employees_name": [{"label": "quality head", "value": 3}], "stage_status_id": 2, "stage_status_name": {"label": "Approve", "value": 2}, "action_criteria_id": 1, "action_criteria_name": {"label": "Anyone", "value": 1}}, {"key": 1759820475987, "roles_id": [3], "roles_name": [{"label": "Quality Head", "value": 3}], "employees_id": [3], "employees_name": [{"label": "quality head", "value": 3}], "stage_status_id": 5, "stage_status_name": {"label": "Return", "value": 5}, "action_criteria_id": 1, "action_criteria_name": {"label": "Anyone", "value": 1}}], "secondary_actions": []}, "type": "default", "style": {"color": "var(--color-text-skin-base)", "border": "1px solid #d9d9d9", "display": "flex", "padding": "8px 12px", "fontSize": "14px", "minWidth": "150px", "boxShadow": "0 1px 4px rgba(0, 0, 0, 0.1)", "minHeight": "36px", "textAlign": "center", "alignItems": "center", "background": "var(--color-skin-fill-secondary)", "fontWeight": "400", "transition": "all 0.2s ease", "borderRadius": "6px", "justifyContent": "center"}, "measured": {"width": 150, "height": 62}, "position": {"x": 12, "y": 416}, "selected": false}]}	9
9	2025-10-07 13:31:47.495852+05:30	2025-10-07 13:31:47.495866+05:30	f	{"edges": [{"id": "xy-edge__0-OB15", "type": "smoothstep", "label": "Initiate", "source": "0", "target": "OB15"}, {"id": "xy-edge__OB15-VP49", "type": "smoothstep", "label": "Approve", "source": "OB15", "target": "VP49"}, {"id": "xy-edge__VP49-GS25", "type": "smoothstep", "label": "Approve", "source": "VP49", "target": "GS25"}, {"id": "xy-edge__GS25-EB66", "type": "smoothstep", "label": "Approve", "source": "GS25", "target": "EB66"}], "nodes": [{"id": "0", "data": {"sla": [], "label": "Initiation", "dependency": [], "basic_details": {"stage_name": "Initiation", "is_initial_stage": true, "email_notification": false}, "primary_actions": [{"roles_id": [], "roles_name": [{"label": "All", "value": 2}], "employees_id": [], "employees_name": [], "stage_status_id": 1, "stage_status_name": {"label": "Initiate", "value": 1}, "action_criteria_id": null, "action_criteria_name": {}}], "secondary_actions": []}, "type": "input", "dragging": false, "measured": {"width": 150, "height": 40}, "position": {"x": 0, "y": -168}, "selected": false}, {"id": "OB15", "data": {"sla": [{"key": 1759824232336, "days": 2, "hours": 0, "minutes": 0, "seconds": 0, "roles_id": [9], "roles_name": [{"label": "Quality Engineer", "value": 9}], "employees_id": [4], "employees_name": [{"label": "quality engg", "value": 4}]}], "label": "NC Identification & Containment", "dependency": [{"stage": "0", "action": 1, "stage_name": {"label": "Initiation", "value": "0", "actions_list": [{"roles_id": [], "roles_name": [{"label": "All", "value": 2}], "employees_id": [], "employees_name": [], "stage_status_id": 1, "stage_status_name": {"label": "Initiate", "value": 1}, "action_criteria_id": null, "action_criteria_name": {}}]}, "action_name": {"label": "Initiate", "value": 1}}], "open_modal": true, "basic_details": {"stage_name": "NC Identification & Containment", "is_initial_stage": false, "email_notification": false}, "primary_actions": [{"key": 1759824204058, "roles_id": [9], "roles_name": [{"label": "Quality Engineer", "value": 9}], "employees_id": [4], "employees_name": [{"label": "quality engg", "value": 4}], "stage_status_id": 2, "stage_status_name": {"label": "Approve", "value": 2}, "action_criteria_id": 1, "action_criteria_name": {"label": "Anyone", "value": 1}}, {"key": 1759824281177, "roles_id": [9], "roles_name": [{"label": "Quality Engineer", "value": 9}], "employees_id": [4], "employees_name": [{"label": "quality engg", "value": 4}], "stage_status_id": 5, "stage_status_name": {"label": "Return", "value": 5}, "action_criteria_id": 1, "action_criteria_name": {"label": "Anyone", "value": 1}}], "secondary_actions": []}, "type": "default", "style": {"color": "var(--color-text-skin-base)", "border": "1px solid #d9d9d9", "display": "flex", "padding": "8px 12px", "fontSize": "14px", "minWidth": "150px", "boxShadow": "0 1px 4px rgba(0, 0, 0, 0.1)", "minHeight": "36px", "textAlign": "center", "alignItems": "center", "background": "var(--color-skin-fill-secondary)", "fontWeight": "400", "transition": "all 0.2s ease", "borderRadius": "6px", "justifyContent": "center"}, "dragging": false, "measured": {"width": 150, "height": 62}, "position": {"x": 0, "y": -70}, "selected": false}, {"id": "VP49", "data": {"sla": [{"key": 1759824321574, "days": 2, "hours": 0, "minutes": 0, "seconds": 0, "roles_id": [2], "roles_name": [{"label": "Department Head", "value": 2}], "employees_id": [2], "employees_name": [{"label": "dept head", "value": 2}]}], "label": "Root Cause Analysis & Action Plan", "dependency": [{"stage": "OB15", "action": 2, "stage_name": {"label": "NC Identification & Containment", "value": "OB15", "actions_list": [{"key": 1759824204058, "roles_id": [9], "roles_name": [{"label": "Quality Engineer", "value": 9}], "employees_id": [4], "employees_name": [{"label": "quality engg", "value": 4}], "stage_status_id": 2, "stage_status_name": {"label": "Approve", "value": 2}, "action_criteria_id": 1, "action_criteria_name": {"label": "Anyone", "value": 1}}]}, "action_name": {"label": "Approve", "value": 2}}], "open_modal": true, "basic_details": {"stage_name": "Root Cause Analysis & Action Plan", "is_initial_stage": false, "email_notification": false}, "primary_actions": [{"key": 1759824295800, "roles_id": [2], "roles_name": [{"label": "Department Head", "value": 2}], "employees_id": [2], "employees_name": [{"label": "dept head", "value": 2}], "stage_status_id": 2, "stage_status_name": {"label": "Approve", "value": 2}, "action_criteria_id": 1, "action_criteria_name": {"label": "Anyone", "value": 1}}, {"key": 1759824310298, "roles_id": [2], "roles_name": [{"label": "Department Head", "value": 2}], "employees_id": [2], "employees_name": [{"label": "dept head", "value": 2}], "stage_status_id": 5, "stage_status_name": {"label": "Return", "value": 5}, "action_criteria_id": 1, "action_criteria_name": {"label": "Anyone", "value": 1}}], "secondary_actions": []}, "type": "default", "style": {"color": "var(--color-text-skin-base)", "border": "1px solid #d9d9d9", "display": "flex", "padding": "8px 12px", "fontSize": "14px", "minWidth": "150px", "boxShadow": "0 1px 4px rgba(0, 0, 0, 0.1)", "minHeight": "36px", "textAlign": "center", "alignItems": "center", "background": "var(--color-skin-fill-secondary)", "fontWeight": "400", "transition": "all 0.2s ease", "borderRadius": "6px", "justifyContent": "center"}, "dragging": false, "measured": {"width": 150, "height": 84}, "position": {"x": -4, "y": 44}, "selected": false}, {"id": "GS25", "data": {"sla": [{"key": 1759824391652, "days": 2, "hours": 0, "minutes": 0, "seconds": 0, "roles_id": [4], "roles_name": [{"label": "Quality Manager", "value": 4}], "employees_id": [5], "employees_name": [{"label": "quality manager", "value": 5}]}], "label": "Implementation & Verification", "dependency": [{"stage": "VP49", "action": 2, "stage_name": {"label": "Root Cause Analysis & Action Plan", "value": "VP49", "actions_list": [{"key": 1759824295800, "roles_id": [2], "roles_name": [{"label": "Department Head", "value": 2}], "employees_id": [2], "employees_name": [{"label": "dept head", "value": 2}], "stage_status_id": 2, "stage_status_name": {"label": "Approve", "value": 2}, "action_criteria_id": 1, "action_criteria_name": {"label": "Anyone", "value": 1}}, {"key": 1759824310298, "roles_id": [2], "roles_name": [{"label": "Department Head", "value": 2}], "employees_id": [2], "employees_name": [{"label": "dept head", "value": 2}], "stage_status_id": 5, "stage_status_name": {"label": "Return", "value": 5}, "action_criteria_id": 1, "action_criteria_name": {"label": "Anyone", "value": 1}}]}, "action_name": {"label": "Approve", "value": 2}}], "open_modal": true, "basic_details": {"stage_name": "Implementation & Verification", "is_initial_stage": false, "email_notification": false}, "primary_actions": [{"key": 1759824364027, "roles_id": [4], "roles_name": [{"label": "Quality Manager", "value": 4}], "employees_id": [5], "employees_name": [{"label": "quality manager", "value": 5}], "stage_status_id": 2, "stage_status_name": {"label": "Approve", "value": 2}, "action_criteria_id": 1, "action_criteria_name": {"label": "Anyone", "value": 1}}, {"key": 1759824379350, "roles_id": [4], "roles_name": [{"label": "Quality Manager", "value": 4}], "employees_id": [5], "employees_name": [{"label": "quality manager", "value": 5}], "stage_status_id": 5, "stage_status_name": {"label": "Return", "value": 5}, "action_criteria_id": 1, "action_criteria_name": {"label": "Anyone", "value": 1}}], "secondary_actions": []}, "type": "default", "style": {"color": "var(--color-text-skin-base)", "border": "1px solid #d9d9d9", "display": "flex", "padding": "8px 12px", "fontSize": "14px", "minWidth": "150px", "boxShadow": "0 1px 4px rgba(0, 0, 0, 0.1)", "minHeight": "36px", "textAlign": "center", "alignItems": "center", "background": "var(--color-skin-fill-secondary)", "fontWeight": "400", "transition": "all 0.2s ease", "borderRadius": "6px", "justifyContent": "center"}, "dragging": false, "measured": {"width": 150, "height": 62}, "position": {"x": 0, "y": 180}, "selected": false}, {"id": "EB66", "data": {"sla": [{"key": 1759824467407, "days": 2, "hours": 0, "minutes": 0, "seconds": 0, "roles_id": [3], "roles_name": [{"label": "Quality Head", "value": 3}], "employees_id": [3], "employees_name": [{"label": "quality head", "value": 3}]}], "label": "Closure & Documentation", "dependency": [{"stage": "GS25", "action": 2, "stage_name": {"label": "Implementation & Verification", "value": "GS25", "actions_list": [{"key": 1759824364027, "roles_id": [4], "roles_name": [{"label": "Quality Manager", "value": 4}], "employees_id": [5], "employees_name": [{"label": "quality manager", "value": 5}], "stage_status_id": 2, "stage_status_name": {"label": "Approve", "value": 2}, "action_criteria_id": 1, "action_criteria_name": {"label": "Anyone", "value": 1}}, {"key": 1759824379350, "roles_id": [4], "roles_name": [{"label": "Quality Manager", "value": 4}], "employees_id": [5], "employees_name": [{"label": "quality manager", "value": 5}], "stage_status_id": 5, "stage_status_name": {"label": "Return", "value": 5}, "action_criteria_id": 1, "action_criteria_name": {"label": "Anyone", "value": 1}}]}, "action_name": {"label": "Approve", "value": 2}}], "open_modal": true, "basic_details": {"stage_name": "Closure & Documentation", "is_initial_stage": false, "email_notification": false}, "primary_actions": [{"key": 1759824425567, "roles_id": [3], "roles_name": [{"label": "Quality Head", "value": 3}], "employees_id": [3], "employees_name": [{"label": "quality head", "value": 3}], "stage_status_id": 2, "stage_status_name": {"label": "Approve", "value": 2}, "action_criteria_id": 1, "action_criteria_name": {"label": "Anyone", "value": 1}}, {"key": 1759824437187, "roles_id": [3], "roles_name": [{"label": "Quality Head", "value": 3}], "employees_id": [3], "employees_name": [{"label": "quality head", "value": 3}], "stage_status_id": 5, "stage_status_name": {"label": "Return", "value": 5}, "action_criteria_id": 1, "action_criteria_name": {"label": "Anyone", "value": 1}}, {"key": 1759824453420, "roles_id": [3], "roles_name": [{"label": "Quality Head", "value": 3}], "employees_id": [3], "employees_name": [{"label": "quality head", "value": 3}], "stage_status_id": 3, "stage_status_name": {"label": "Reject", "value": 3}, "action_criteria_id": 1, "action_criteria_name": {"label": "Anyone", "value": 1}}], "secondary_actions": []}, "type": "default", "style": {"color": "#ffffff", "border": "2px solid #1890ff", "display": "flex", "padding": "8px 12px", "fontSize": "14px", "minWidth": "150px", "boxShadow": "0 2px 8px rgba(24, 144, 255, 0.2)", "minHeight": "36px", "textAlign": "center", "alignItems": "center", "background": "#1890ff", "fontWeight": "500", "transition": "all 0.2s ease", "borderRadius": "6px", "justifyContent": "center"}, "dragging": false, "measured": {"width": 150, "height": 64}, "position": {"x": -6, "y": 288}, "selected": true}]}	11
10	2025-10-07 15:15:07.525043+05:30	2025-10-07 15:15:07.525065+05:30	f	{"edges": [{"id": "xy-edge__0-MU20", "type": "smoothstep", "label": "Initiate", "source": "0", "target": "MU20"}, {"id": "xy-edge__MU20-IL29", "type": "smoothstep", "label": "Assessed", "source": "MU20", "target": "IL29"}, {"id": "xy-edge__IL29-FV25", "type": "smoothstep", "label": "Approve", "source": "IL29", "target": "FV25"}, {"id": "xy-edge__FV25-FP86", "type": "smoothstep", "label": "Submit", "source": "FV25", "target": "FP86"}, {"id": "xy-edge__FP86-FG97", "type": "smoothstep", "label": "Verified", "source": "FP86", "target": "FG97"}], "nodes": [{"id": "0", "data": {"sla": [], "label": "Initiation", "dependency": [], "basic_details": {"stage_name": "Initiation", "is_initial_stage": true, "email_notification": false}, "primary_actions": [{"roles_id": [], "roles_name": [{"label": "All", "value": 2}], "employees_id": [], "employees_name": [], "stage_status_id": 1, "stage_status_name": {"label": "Initiate", "value": 1}, "action_criteria_id": null, "action_criteria_name": {}}], "secondary_actions": []}, "type": "input", "dragging": false, "measured": {"width": 150, "height": 40}, "position": {"x": -72.41379310344828, "y": -768.9655172413793}, "selected": false}, {"id": "MU20", "data": {"sla": [{"key": 1759830514805, "days": 1, "hours": 0, "minutes": 0, "seconds": 0, "roles_id": [3, 2], "roles_name": [{"label": "Quality Head", "value": 3}, {"label": "Department Head", "value": 2}], "employees_id": [3, 2], "employees_name": [{"label": "quality head", "value": 3}, {"label": "dept head", "value": 2}]}], "label": "Impact Assessment", "dependency": [{"stage": "0", "action": 1, "stage_name": {"label": "Initiation", "value": "0", "actions_list": [{"roles_id": [], "roles_name": [{"label": "All", "value": 2}], "employees_id": [], "employees_name": [], "stage_status_id": 1, "stage_status_name": {"label": "Initiate", "value": 1}, "action_criteria_id": null, "action_criteria_name": {}}]}, "action_name": {"label": "Initiate", "value": 1}}], "open_modal": true, "basic_details": {"stage_name": "Impact Assessment", "is_initial_stage": false, "email_notification": false}, "primary_actions": [{"key": 1759830495632, "roles_id": [2, 3], "roles_name": [{"label": "Department Head", "value": 2}, {"label": "Quality Head", "value": 3}], "employees_id": [2, 3], "employees_name": [{"label": "dept head", "value": 2}, {"label": "quality head", "value": 3}], "stage_status_id": 9, "stage_status_name": {"label": "Assessed", "value": 9}, "action_criteria_id": 1, "action_criteria_name": {"label": "Anyone", "value": 1}}], "secondary_actions": []}, "type": "default", "style": {"color": "#ffffff", "border": "2px solid #1890ff", "display": "flex", "padding": "8px 12px", "fontSize": "14px", "minWidth": "150px", "boxShadow": "0 2px 8px rgba(24, 144, 255, 0.2)", "minHeight": "36px", "textAlign": "center", "alignItems": "center", "background": "#1890ff", "fontWeight": "500", "transition": "all 0.2s ease", "borderRadius": "6px", "justifyContent": "center"}, "dragging": false, "measured": {"width": 150, "height": 40}, "position": {"x": -75.17241379310346, "y": -694.8275862068966}, "selected": false}, {"id": "IL29", "data": {"sla": [{"key": 1759830770394, "days": 2, "hours": 0, "minutes": 0, "seconds": 0, "roles_id": [6], "roles_name": [{"label": "QA Head", "value": 6}], "employees_id": [8], "employees_name": [{"label": "qa head", "value": 8}]}], "label": "Change Plan & Approval", "dependency": [{"stage": "MU20", "action": 9, "stage_name": {"label": "Impact Assessment", "value": "MU20", "actions_list": [{"key": 1759830495632, "roles_id": [2, 3], "roles_name": [{"label": "Department Head", "value": 2}, {"label": "Quality Head", "value": 3}], "employees_id": [2, 3], "employees_name": [{"label": "dept head", "value": 2}, {"label": "quality head", "value": 3}], "stage_status_id": 9, "stage_status_name": {"label": "Assessed", "value": 9}, "action_criteria_id": 1, "action_criteria_name": {"label": "Anyone", "value": 1}}]}, "action_name": {"label": "Assessed", "value": 9}}], "open_modal": true, "basic_details": {"stage_name": "Change Plan & Approval", "is_initial_stage": false, "email_notification": false}, "primary_actions": [{"roles_id": [6], "roles_name": [{"label": "QA Head", "value": 6}], "employees_id": [8], "employees_name": [{"label": "qa head", "value": 8}], "stage_status_id": 2, "stage_status_name": {"label": "Approve", "value": 2}, "action_criteria_id": 1, "action_criteria_name": {"label": "Anyone", "value": 1}}], "secondary_actions": []}, "type": "default", "style": {"color": "var(--color-text-skin-base)", "border": "1px solid #d9d9d9", "display": "flex", "padding": "8px 12px", "fontSize": "14px", "minWidth": "150px", "boxShadow": "0 1px 4px rgba(0, 0, 0, 0.1)", "minHeight": "36px", "textAlign": "center", "alignItems": "center", "background": "var(--color-skin-fill-secondary)", "fontWeight": "400", "transition": "all 0.2s ease", "borderRadius": "6px", "justifyContent": "center"}, "dragging": false, "measured": {"width": 150, "height": 62}, "position": {"x": -75.17241379310346, "y": -621.3900862068966}, "selected": false}, {"id": "FV25", "data": {"sla": [{"key": 1759830649740, "days": 2, "hours": 0, "minutes": 0, "seconds": 0, "roles_id": [12], "roles_name": [{"label": "Department Executive", "value": 12}], "employees_id": [13], "employees_name": [{"label": "department executive", "value": 13}]}], "label": "Implementation", "dependency": [{"stage": "IL29", "action": 2, "stage_name": {"label": "Change Plan & Approval", "value": "IL29", "actions_list": [{"roles_id": [6], "roles_name": [{"label": "QA Head", "value": 6}], "employees_id": [8], "employees_name": [{"label": "qa head", "value": 8}], "stage_status_id": 2, "stage_status_name": {"label": "Approve", "value": 2}, "action_criteria_id": 1, "action_criteria_name": {"label": "Anyone", "value": 1}}]}, "action_name": {"label": "Approve", "value": 2}}], "open_modal": true, "basic_details": {"stage_name": "Implementation", "is_initial_stage": false, "email_notification": false}, "primary_actions": [{"key": 1759830637146, "roles_id": [12], "roles_name": [{"label": "Department Executive", "value": 12}], "employees_id": [13], "employees_name": [{"label": "department executive", "value": 13}], "stage_status_id": 21, "stage_status_name": {"label": "Submit", "value": 21}, "action_criteria_id": 1, "action_criteria_name": {"label": "Anyone", "value": 1}}], "secondary_actions": []}, "type": "default", "style": {"color": "var(--color-text-skin-base)", "border": "1px solid #d9d9d9", "display": "flex", "padding": "8px 12px", "fontSize": "14px", "minWidth": "150px", "boxShadow": "0 1px 4px rgba(0, 0, 0, 0.1)", "minHeight": "36px", "textAlign": "center", "alignItems": "center", "background": "var(--color-skin-fill-secondary)", "fontWeight": "400", "transition": "all 0.2s ease", "borderRadius": "6px", "justifyContent": "center"}, "dragging": false, "measured": {"width": 150, "height": 40}, "position": {"x": -76.89655172413796, "y": -520.6896551724138}, "selected": false}, {"id": "FP86", "data": {"sla": [{"key": 1759830705175, "days": 2, "hours": 0, "minutes": 0, "seconds": 0, "roles_id": [2], "roles_name": [{"label": "Department Head", "value": 2}], "employees_id": [2], "employees_name": [{"label": "dept head", "value": 2}]}], "label": "Verification & Effectiveness Check", "dependency": [{"stage": "FV25", "action": 21, "stage_name": {"label": "Implementation", "value": "FV25", "actions_list": [{"key": 1759830637146, "roles_id": [12], "roles_name": [{"label": "Department Executive", "value": 12}], "employees_id": [13], "employees_name": [{"label": "department executive", "value": 13}], "stage_status_id": 21, "stage_status_name": {"label": "Submit", "value": 21}, "action_criteria_id": 1, "action_criteria_name": {"label": "Anyone", "value": 1}}]}, "action_name": {"label": "Submit", "value": 21}}], "open_modal": true, "basic_details": {"stage_name": "Verification & Effectiveness Check", "is_initial_stage": false, "email_notification": false}, "primary_actions": [{"key": 1759830680343, "roles_id": [2], "roles_name": [{"label": "Department Head", "value": 2}], "employees_id": [2], "employees_name": [{"label": "dept head", "value": 2}], "stage_status_id": 12, "stage_status_name": {"label": "Verified", "value": 12}, "action_criteria_id": 1, "action_criteria_name": {"label": "Anyone", "value": 1}}, {"key": 1759830691417, "roles_id": [2], "roles_name": [{"label": "Department Head", "value": 2}], "employees_id": [2], "employees_name": [{"label": "dept head", "value": 2}], "stage_status_id": 3, "stage_status_name": {"label": "Reject", "value": 3}, "action_criteria_id": 1, "action_criteria_name": {"label": "Anyone", "value": 1}}], "secondary_actions": []}, "type": "default", "style": {"color": "var(--color-text-skin-base)", "border": "1px solid #d9d9d9", "display": "flex", "padding": "8px 12px", "fontSize": "14px", "minWidth": "150px", "boxShadow": "0 1px 4px rgba(0, 0, 0, 0.1)", "minHeight": "36px", "textAlign": "center", "alignItems": "center", "background": "var(--color-skin-fill-secondary)", "fontWeight": "400", "transition": "all 0.2s ease", "borderRadius": "6px", "justifyContent": "center"}, "dragging": false, "measured": {"width": 150, "height": 84}, "position": {"x": -73.44827586206901, "y": -454.3642241379311}, "selected": false}, {"id": "FG97", "data": {"sla": [{"key": 1759830749150, "days": 2, "hours": 0, "minutes": 0, "seconds": 0, "roles_id": [3], "roles_name": [{"label": "Quality Head", "value": 3}], "employees_id": [3], "employees_name": [{"label": "quality head", "value": 3}]}], "label": "Closure & Documentation", "dependency": [{"stage": "FP86", "action": 12, "stage_name": {"label": "Verification & Effectiveness Check", "value": "FP86", "actions_list": [{"key": 1759830680343, "roles_id": [2], "roles_name": [{"label": "Department Head", "value": 2}], "employees_id": [2], "employees_name": [{"label": "dept head", "value": 2}], "stage_status_id": 12, "stage_status_name": {"label": "Verified", "value": 12}, "action_criteria_id": 1, "action_criteria_name": {"label": "Anyone", "value": 1}}, {"key": 1759830691417, "roles_id": [2], "roles_name": [{"label": "Department Head", "value": 2}], "employees_id": [2], "employees_name": [{"label": "dept head", "value": 2}], "stage_status_id": 3, "stage_status_name": {"label": "Reject", "value": 3}, "action_criteria_id": 1, "action_criteria_name": {"label": "Anyone", "value": 1}}]}, "action_name": {"label": "Verified", "value": 12}}], "open_modal": false, "basic_details": {"stage_name": "Closure & Documentation", "is_initial_stage": false, "email_notification": false}, "primary_actions": [{"key": 1759830734641, "roles_id": [3], "roles_name": [{"label": "Quality Head", "value": 3}], "employees_id": [3], "employees_name": [{"label": "quality head", "value": 3}], "stage_status_id": 14, "stage_status_name": {"label": "Complete", "value": 14}, "action_criteria_id": 1, "action_criteria_name": {"label": "Anyone", "value": 1}}], "secondary_actions": []}, "type": "default", "style": {"color": "var(--color-text-skin-base)", "border": "1px solid #d9d9d9", "display": "flex", "padding": "8px 12px", "fontSize": "14px", "minWidth": "150px", "boxShadow": "0 1px 4px rgba(0, 0, 0, 0.1)", "minHeight": "36px", "textAlign": "center", "alignItems": "center", "background": "var(--color-skin-fill-secondary)", "fontWeight": "400", "transition": "all 0.2s ease", "borderRadius": "6px", "justifyContent": "center"}, "dragging": false, "measured": {"width": 150, "height": 62}, "position": {"x": -76.89655172413794, "y": -325.86206896551727}, "selected": false}]}	12
8	2025-10-07 13:18:34.165322+05:30	2025-10-07 13:18:34.16535+05:30	f	{"edges": [{"id": "xy-edge__0-KP54", "type": "smoothstep", "label": "Initiate", "source": "0", "target": "KP54"}, {"id": "xy-edge__KP54-CZ35", "type": "smoothstep", "label": "Approve", "source": "KP54", "target": "CZ35"}, {"id": "xy-edge__CZ35-JZ29", "type": "smoothstep", "label": "Approve", "source": "CZ35", "target": "JZ29"}, {"id": "xy-edge__JZ29-HG72", "type": "smoothstep", "label": "Approve", "source": "JZ29", "target": "HG72"}, {"id": "xy-edge__HG72-AD88", "type": "smoothstep", "label": "Approve", "source": "HG72", "target": "AD88"}, {"id": "xy-edge__AD88-GA28", "type": "smoothstep", "label": "Approve", "source": "AD88", "target": "GA28"}, {"id": "xy-edge__GA28-DH26", "type": "smoothstep", "label": "Approve", "source": "GA28", "target": "DH26"}], "nodes": [{"id": "0", "data": {"sla": [], "label": "Ticket Initiation", "dependency": [], "basic_details": {"stage_name": "Ticket Initiation", "is_initial_stage": true, "email_notification": false}, "primary_actions": [{"roles_id": [], "roles_name": [{"label": "All", "value": 2}], "employees_id": [], "employees_name": [], "stage_status_id": 1, "stage_status_name": {"label": "Initiate", "value": 1}, "action_criteria_id": null, "action_criteria_name": {}}], "secondary_actions": []}, "type": "input", "style": {"color": "#ffffff", "border": "2px solid #1890ff", "display": "flex", "padding": "8px 12px", "fontSize": "14px", "minWidth": "150px", "boxShadow": "0 2px 8px rgba(24, 144, 255, 0.2)", "minHeight": "36px", "textAlign": "center", "alignItems": "center", "background": "#1890ff", "fontWeight": "500", "transition": "all 0.2s ease", "borderRadius": "6px", "justifyContent": "center"}, "dragging": false, "measured": {"width": 150, "height": 40}, "position": {"x": 12, "y": 12}, "selected": false}, {"id": "KP54", "data": {"sla": [{"key": 1759824111512, "days": 5, "hours": 0, "minutes": 0, "seconds": 0, "roles_id": [12], "roles_name": [{"label": "Department Executive", "value": 12}], "employees_id": [13], "employees_name": [{"label": "department executive", "value": 13}]}], "label": "Problem Identification & Initial Assessment", "dependency": [{"stage": "0", "action": 1, "stage_name": {"label": "Ticket Initiation", "value": "0", "actions_list": [{"roles_id": [], "roles_name": [{"label": "All", "value": 2}], "employees_id": [], "employees_name": [], "stage_status_id": 1, "stage_status_name": {"label": "Initiate", "value": 1}, "action_criteria_id": null, "action_criteria_name": {}}]}, "action_name": {"label": "Initiate", "value": 1}}], "open_modal": true, "basic_details": {"stage_name": "Problem Identification & Initial Assessment", "is_initial_stage": false, "email_notification": false}, "primary_actions": [{"key": 1759824074688, "roles_id": [12], "roles_name": [{"label": "Department Executive", "value": 12}], "employees_id": [13], "employees_name": [{"label": "department executive", "value": 13}], "stage_status_id": 2, "stage_status_name": {"label": "Approve", "value": 2}, "action_criteria_id": 1, "action_criteria_name": {"label": "Anyone", "value": 1}}, {"key": 1759824101202, "roles_id": [12], "roles_name": [{"label": "Department Executive", "value": 12}], "employees_id": [13], "employees_name": [{"label": "department executive", "value": 13}], "stage_status_id": 5, "stage_status_name": {"label": "Return", "value": 5}, "action_criteria_id": 1, "action_criteria_name": {"label": "Anyone", "value": 1}}], "secondary_actions": []}, "type": "default", "style": {"color": "#ffffff", "border": "2px solid #1890ff", "display": "flex", "padding": "8px 12px", "fontSize": "14px", "minWidth": "150px", "boxShadow": "0 2px 8px rgba(24, 144, 255, 0.2)", "minHeight": "36px", "textAlign": "center", "alignItems": "center", "background": "#1890ff", "fontWeight": "500", "transition": "all 0.2s ease", "borderRadius": "6px", "justifyContent": "center"}, "dragging": false, "measured": {"width": 150, "height": 84}, "position": {"x": 12, "y": 102}, "selected": false}, {"id": "CZ35", "data": {"sla": [{"key": 1759824165639, "days": 5, "hours": 0, "minutes": 0, "seconds": 0, "roles_id": [2], "roles_name": [{"label": "Department Head", "value": 2}], "employees_id": [2], "employees_name": [{"label": "dept head", "value": 2}]}], "label": "Immediate / Disposition Action", "dependency": [{"stage": "KP54", "action": 2, "stage_name": {"label": "Problem Identification & Initial Assessment", "value": "KP54", "actions_list": [{"key": 1759824074688, "roles_id": [12], "roles_name": [{"label": "Department Executive", "value": 12}], "employees_id": [13], "employees_name": [{"label": "department executive", "value": 13}], "stage_status_id": 2, "stage_status_name": {"label": "Approve", "value": 2}, "action_criteria_id": 1, "action_criteria_name": {"label": "Anyone", "value": 1}}, {"key": 1759824101202, "roles_id": [12], "roles_name": [{"label": "Department Executive", "value": 12}], "employees_id": [13], "employees_name": [{"label": "department executive", "value": 13}], "stage_status_id": 5, "stage_status_name": {"label": "Return", "value": 5}, "action_criteria_id": 1, "action_criteria_name": {"label": "Anyone", "value": 1}}]}, "action_name": {"label": "Approve", "value": 2}}], "open_modal": true, "basic_details": {"stage_name": "Immediate / Disposition Action", "is_initial_stage": false, "email_notification": false}, "primary_actions": [{"key": 1759824148788, "roles_id": [2], "roles_name": [{"label": "Department Head", "value": 2}], "employees_id": [2], "employees_name": [{"label": "dept head", "value": 2}], "stage_status_id": 2, "stage_status_name": {"label": "Approve", "value": 2}, "action_criteria_id": 1, "action_criteria_name": {"label": "Anyone", "value": 1}}, {"key": 1759824158018, "roles_id": [2], "roles_name": [{"label": "Department Head", "value": 2}], "employees_id": [2], "employees_name": [{"label": "dept head", "value": 2}], "stage_status_id": 5, "stage_status_name": {"label": "Return", "value": 5}, "action_criteria_id": 1, "action_criteria_name": {"label": "Anyone", "value": 1}}], "secondary_actions": []}, "type": "default", "style": {"color": "#ffffff", "border": "2px solid #1890ff", "display": "flex", "padding": "8px 12px", "fontSize": "14px", "minWidth": "150px", "boxShadow": "0 2px 8px rgba(24, 144, 255, 0.2)", "minHeight": "36px", "textAlign": "center", "alignItems": "center", "background": "#1890ff", "fontWeight": "500", "transition": "all 0.2s ease", "borderRadius": "6px", "justifyContent": "center"}, "dragging": false, "measured": {"width": 150, "height": 62}, "position": {"x": 12, "y": 236}, "selected": false}, {"id": "JZ29", "data": {"sla": [{"key": 1759824223016, "days": 5, "hours": 0, "minutes": 0, "seconds": 0, "roles_id": [9], "roles_name": [{"label": "Quality Engineer", "value": 9}], "employees_id": [4], "employees_name": [{"label": "quality engg", "value": 4}]}], "label": "Root Cause Analysis", "dependency": [{"stage": "CZ35", "action": 2, "stage_name": {"label": "Immediate / Disposition Action", "value": "CZ35", "actions_list": [{"key": 1759824148788, "roles_id": [2], "roles_name": [{"label": "Department Head", "value": 2}], "employees_id": [2], "employees_name": [{"label": "dept head", "value": 2}], "stage_status_id": 2, "stage_status_name": {"label": "Approve", "value": 2}, "action_criteria_id": 1, "action_criteria_name": {"label": "Anyone", "value": 1}}, {"key": 1759824158018, "roles_id": [2], "roles_name": [{"label": "Department Head", "value": 2}], "employees_id": [2], "employees_name": [{"label": "dept head", "value": 2}], "stage_status_id": 5, "stage_status_name": {"label": "Return", "value": 5}, "action_criteria_id": 1, "action_criteria_name": {"label": "Anyone", "value": 1}}]}, "action_name": {"label": "Approve", "value": 2}}], "open_modal": true, "basic_details": {"stage_name": "Root Cause Analysis", "is_initial_stage": false, "email_notification": false}, "primary_actions": [{"key": 1759824200705, "roles_id": [9], "roles_name": [{"label": "Quality Engineer", "value": 9}], "employees_id": [4], "employees_name": [{"label": "quality engg", "value": 4}], "stage_status_id": 2, "stage_status_name": {"label": "Approve", "value": 2}, "action_criteria_id": 1, "action_criteria_name": {"label": "Anyone", "value": 1}}, {"key": 1759824215305, "roles_id": [9], "roles_name": [{"label": "Quality Engineer", "value": 9}], "employees_id": [4], "employees_name": [{"label": "quality engg", "value": 4}], "stage_status_id": 5, "stage_status_name": {"label": "Return", "value": 5}, "action_criteria_id": 1, "action_criteria_name": {"label": "Anyone", "value": 1}}], "secondary_actions": []}, "type": "default", "style": {"color": "#ffffff", "border": "2px solid #1890ff", "display": "flex", "padding": "8px 12px", "fontSize": "14px", "minWidth": "150px", "boxShadow": "0 2px 8px rgba(24, 144, 255, 0.2)", "minHeight": "36px", "textAlign": "center", "alignItems": "center", "background": "#1890ff", "fontWeight": "500", "transition": "all 0.2s ease", "borderRadius": "6px", "justifyContent": "center"}, "measured": {"width": 150, "height": 40}, "position": {"x": 12, "y": 348}, "selected": false}, {"id": "HG72", "data": {"sla": [{"key": 1759824318742, "days": 5, "hours": 0, "minutes": 0, "seconds": 0, "roles_id": [3], "roles_name": [{"label": "Quality Head", "value": 3}], "employees_id": [3], "employees_name": [{"label": "quality head", "value": 3}]}], "label": "Verification of Root Cause", "dependency": [{"stage": "JZ29", "action": 2, "stage_name": {"label": "Root Cause Analysis", "value": "JZ29", "actions_list": [{"key": 1759824200705, "roles_id": [9], "roles_name": [{"label": "Quality Engineer", "value": 9}], "employees_id": [4], "employees_name": [{"label": "quality engg", "value": 4}], "stage_status_id": 2, "stage_status_name": {"label": "Approve", "value": 2}, "action_criteria_id": 1, "action_criteria_name": {"label": "Anyone", "value": 1}}, {"key": 1759824215305, "roles_id": [9], "roles_name": [{"label": "Quality Engineer", "value": 9}], "employees_id": [4], "employees_name": [{"label": "quality engg", "value": 4}], "stage_status_id": 5, "stage_status_name": {"label": "Return", "value": 5}, "action_criteria_id": 1, "action_criteria_name": {"label": "Anyone", "value": 1}}]}, "action_name": {"label": "Approve", "value": 2}}], "open_modal": true, "basic_details": {"stage_name": "Verification of Root Cause", "is_initial_stage": false, "email_notification": false}, "primary_actions": [{"key": 1759824285138, "roles_id": [3], "roles_name": [{"label": "Quality Head", "value": 3}], "employees_id": [3], "employees_name": [{"label": "quality head", "value": 3}], "stage_status_id": 2, "stage_status_name": {"label": "Approve", "value": 2}, "action_criteria_id": 1, "action_criteria_name": {"label": "Anyone", "value": 1}}, {"key": 1759824309410, "roles_id": [3], "roles_name": [{"label": "Quality Head", "value": 3}], "employees_id": [3], "employees_name": [{"label": "quality head", "value": 3}], "stage_status_id": 5, "stage_status_name": {"label": "Return", "value": 5}, "action_criteria_id": 1, "action_criteria_name": {"label": "Anyone", "value": 1}}], "secondary_actions": []}, "type": "default", "style": {"color": "#ffffff", "border": "2px solid #1890ff", "display": "flex", "padding": "8px 12px", "fontSize": "14px", "minWidth": "150px", "boxShadow": "0 2px 8px rgba(24, 144, 255, 0.2)", "minHeight": "36px", "textAlign": "center", "alignItems": "center", "background": "#1890ff", "fontWeight": "500", "transition": "all 0.2s ease", "borderRadius": "6px", "justifyContent": "center"}, "dragging": false, "measured": {"width": 150, "height": 62}, "position": {"x": 12, "y": 438}, "selected": false}, {"id": "AD88", "data": {"sla": [{"key": 1759824395720, "days": 5, "hours": 0, "minutes": 0, "seconds": 0, "roles_id": [2, 3, 4], "roles_name": [{"label": "Department Head", "value": 2}, {"label": "Quality Head", "value": 3}, {"label": "Quality Manager", "value": 4}], "employees_id": [3, 2, 5], "employees_name": [{"label": "quality head", "value": 3}, {"label": "dept head", "value": 2}, {"label": "quality manager", "value": 5}]}], "label": "Corrective and Preventive Action (CAPA) Definition", "dependency": [{"stage": "HG72", "action": 2, "stage_name": {"label": "Verification of Root Cause", "value": "HG72", "actions_list": [{"key": 1759824285138, "roles_id": [3], "roles_name": [{"label": "Quality Head", "value": 3}], "employees_id": [3], "employees_name": [{"label": "quality head", "value": 3}], "stage_status_id": 2, "stage_status_name": {"label": "Approve", "value": 2}, "action_criteria_id": 1, "action_criteria_name": {"label": "Anyone", "value": 1}}, {"key": 1759824309410, "roles_id": [3], "roles_name": [{"label": "Quality Head", "value": 3}], "employees_id": [3], "employees_name": [{"label": "quality head", "value": 3}], "stage_status_id": 5, "stage_status_name": {"label": "Return", "value": 5}, "action_criteria_id": 1, "action_criteria_name": {"label": "Anyone", "value": 1}}]}, "action_name": {"label": "Approve", "value": 2}}], "open_modal": true, "basic_details": {"stage_name": "Corrective and Preventive Action (CAPA) Definition", "is_initial_stage": false, "email_notification": false}, "primary_actions": [{"key": 1759824365302, "roles_id": [2, 3, 4], "roles_name": [{"label": "Department Head", "value": 2}, {"label": "Quality Head", "value": 3}, {"label": "Quality Manager", "value": 4}], "employees_id": [5, 2, 3], "employees_name": [{"label": "quality manager", "value": 5}, {"label": "dept head", "value": 2}, {"label": "quality head", "value": 3}], "stage_status_id": 2, "stage_status_name": {"label": "Approve", "value": 2}, "action_criteria_id": 1, "action_criteria_name": {"label": "Anyone", "value": 1}}, {"key": 1759824381360, "roles_id": [2, 3, 4], "roles_name": [{"label": "Department Head", "value": 2}, {"label": "Quality Head", "value": 3}, {"label": "Quality Manager", "value": 4}], "employees_id": [3, 2, 5], "employees_name": [{"label": "quality head", "value": 3}, {"label": "dept head", "value": 2}, {"label": "quality manager", "value": 5}], "stage_status_id": 5, "stage_status_name": {"label": "Return", "value": 5}, "action_criteria_id": 1, "action_criteria_name": {"label": "Anyone", "value": 1}}], "secondary_actions": []}, "type": "default", "style": {"color": "#ffffff", "border": "2px solid #1890ff", "display": "flex", "padding": "8px 12px", "fontSize": "14px", "minWidth": "150px", "boxShadow": "0 2px 8px rgba(24, 144, 255, 0.2)", "minHeight": "36px", "textAlign": "center", "alignItems": "center", "background": "#1890ff", "fontWeight": "500", "transition": "all 0.2s ease", "borderRadius": "6px", "justifyContent": "center"}, "dragging": false, "measured": {"width": 150, "height": 84}, "position": {"x": 12, "y": 550}, "selected": false}, {"id": "GA28", "data": {"sla": [{"key": 1759824520132, "days": 5, "hours": 0, "minutes": 0, "seconds": 0, "roles_id": [3, 2], "roles_name": [{"label": "Quality Head", "value": 3}, {"label": "Department Head", "value": 2}], "employees_id": [3, 2], "employees_name": [{"label": "quality head", "value": 3}, {"label": "dept head", "value": 2}]}], "label": "Implementation & Verification of CAPA", "dependency": [{"stage": "AD88", "action": 2, "stage_name": {"label": "Corrective and Preventive Action (CAPA) Definition", "value": "AD88", "actions_list": [{"key": 1759824365302, "roles_id": [2, 3, 4], "roles_name": [{"label": "Department Head", "value": 2}, {"label": "Quality Head", "value": 3}, {"label": "Quality Manager", "value": 4}], "employees_id": [5, 2, 3], "employees_name": [{"label": "quality manager", "value": 5}, {"label": "dept head", "value": 2}, {"label": "quality head", "value": 3}], "stage_status_id": 2, "stage_status_name": {"label": "Approve", "value": 2}, "action_criteria_id": 1, "action_criteria_name": {"label": "Anyone", "value": 1}}, {"key": 1759824381360, "roles_id": [2, 3, 4], "roles_name": [{"label": "Department Head", "value": 2}, {"label": "Quality Head", "value": 3}, {"label": "Quality Manager", "value": 4}], "employees_id": [3, 2, 5], "employees_name": [{"label": "quality head", "value": 3}, {"label": "dept head", "value": 2}, {"label": "quality manager", "value": 5}], "stage_status_id": 5, "stage_status_name": {"label": "Return", "value": 5}, "action_criteria_id": 1, "action_criteria_name": {"label": "Anyone", "value": 1}}]}, "action_name": {"label": "Approve", "value": 2}}], "open_modal": true, "basic_details": {"stage_name": "Implementation & Verification of CAPA", "is_initial_stage": false, "email_notification": false}, "primary_actions": [{"key": 1759824467545, "roles_id": [3, 2], "roles_name": [{"label": "Quality Head", "value": 3}, {"label": "Department Head", "value": 2}], "employees_id": [3, 2], "employees_name": [{"label": "quality head", "value": 3}, {"label": "dept head", "value": 2}], "stage_status_id": 2, "stage_status_name": {"label": "Approve", "value": 2}, "action_criteria_id": 1, "action_criteria_name": {"label": "Anyone", "value": 1}}, {"key": 1759824482851, "roles_id": [3, 2], "roles_name": [{"label": "Quality Head", "value": 3}, {"label": "Department Head", "value": 2}], "employees_id": [3, 2], "employees_name": [{"label": "quality head", "value": 3}, {"label": "dept head", "value": 2}], "stage_status_id": 5, "stage_status_name": {"label": "Return", "value": 5}, "action_criteria_id": 1, "action_criteria_name": {"label": "Anyone", "value": 1}}, {"key": 1759824494698, "roles_id": [3, 2], "roles_name": [{"label": "Quality Head", "value": 3}, {"label": "Department Head", "value": 2}], "employees_id": [3, 2], "employees_name": [{"label": "quality head", "value": 3}, {"label": "dept head", "value": 2}], "stage_status_id": 3, "stage_status_name": {"label": "Reject", "value": 3}, "action_criteria_id": 1, "action_criteria_name": {"label": "Anyone", "value": 1}}], "secondary_actions": []}, "type": "default", "style": {"color": "#ffffff", "border": "2px solid #1890ff", "display": "flex", "padding": "8px 12px", "fontSize": "14px", "minWidth": "150px", "boxShadow": "0 2px 8px rgba(24, 144, 255, 0.2)", "minHeight": "36px", "textAlign": "center", "alignItems": "center", "background": "#1890ff", "fontWeight": "500", "transition": "all 0.2s ease", "borderRadius": "6px", "justifyContent": "center"}, "dragging": false, "measured": {"width": 150, "height": 62}, "position": {"x": 12, "y": 684}, "selected": false}, {"id": "DH26", "data": {"sla": [{"key": 1759824604380, "days": 5, "hours": 0, "minutes": 0, "seconds": 0, "roles_id": [3], "roles_name": [{"label": "Quality Head", "value": 3}], "employees_id": [3], "employees_name": [{"label": "quality head", "value": 3}]}], "label": "Effectiveness Check & Closure", "dependency": [{"stage": "GA28", "action": 2, "stage_name": {"label": "Implementation & Verification of CAPA", "value": "GA28", "actions_list": [{"key": 1759824467545, "roles_id": [3, 2], "roles_name": [{"label": "Quality Head", "value": 3}, {"label": "Department Head", "value": 2}], "employees_id": [3, 2], "employees_name": [{"label": "quality head", "value": 3}, {"label": "dept head", "value": 2}], "stage_status_id": 2, "stage_status_name": {"label": "Approve", "value": 2}, "action_criteria_id": 1, "action_criteria_name": {"label": "Anyone", "value": 1}}, {"key": 1759824482851, "roles_id": [3, 2], "roles_name": [{"label": "Quality Head", "value": 3}, {"label": "Department Head", "value": 2}], "employees_id": [3, 2], "employees_name": [{"label": "quality head", "value": 3}, {"label": "dept head", "value": 2}], "stage_status_id": 5, "stage_status_name": {"label": "Return", "value": 5}, "action_criteria_id": 1, "action_criteria_name": {"label": "Anyone", "value": 1}}, {"key": 1759824494698, "roles_id": [3, 2], "roles_name": [{"label": "Quality Head", "value": 3}, {"label": "Department Head", "value": 2}], "employees_id": [3, 2], "employees_name": [{"label": "quality head", "value": 3}, {"label": "dept head", "value": 2}], "stage_status_id": 3, "stage_status_name": {"label": "Reject", "value": 3}, "action_criteria_id": 1, "action_criteria_name": {"label": "Anyone", "value": 1}}]}, "action_name": {"label": "Approve", "value": 2}}], "open_modal": false, "basic_details": {"stage_name": "Effectiveness Check & Closure", "is_initial_stage": false, "email_notification": false}, "primary_actions": [{"key": 1759824561930, "roles_id": [3], "roles_name": [{"label": "Quality Head", "value": 3}], "employees_id": [3], "employees_name": [{"label": "quality head", "value": 3}], "stage_status_id": 2, "stage_status_name": {"label": "Approve", "value": 2}, "action_criteria_id": 1, "action_criteria_name": {"label": "Anyone", "value": 1}}, {"roles_id": [3], "roles_name": [{"label": "Quality Head", "value": 3}], "employees_id": [3], "employees_name": [{"label": "quality head", "value": 3}], "stage_status_id": 5, "stage_status_name": {"label": "Return", "value": 5}, "action_criteria_id": 1, "action_criteria_name": {"label": "Anyone", "value": 1}}, {"key": 1759824594269, "roles_id": [3], "roles_name": [{"label": "Quality Head", "value": 3}], "employees_id": [3], "employees_name": [{"label": "quality head", "value": 3}], "stage_status_id": 3, "stage_status_name": {"label": "Reject", "value": 3}, "action_criteria_id": 1, "action_criteria_name": {"label": "Anyone", "value": 1}}], "secondary_actions": []}, "type": "default", "style": {"color": "var(--color-text-skin-base)", "border": "1px solid #d9d9d9", "display": "flex", "padding": "8px 12px", "fontSize": "14px", "minWidth": "150px", "boxShadow": "0 1px 4px rgba(0, 0, 0, 0.1)", "minHeight": "36px", "textAlign": "center", "alignItems": "center", "background": "var(--color-skin-fill-secondary)", "fontWeight": "400", "transition": "all 0.2s ease", "borderRadius": "6px", "justifyContent": "center"}, "measured": {"width": 150, "height": 62}, "position": {"x": 12, "y": 796}, "selected": false}]}	10
\.


--
-- Data for Name: ticketworkflowapp_ticketchecklistvalue; Type: TABLE DATA; Schema: public; Owner: postgres
--

COPY public.ticketworkflowapp_ticketchecklistvalue (id, created_on, updated_on, is_deleted, data, is_submitted, checklist_id, section_id, ticket_id, stage_id) FROM stdin;
\.


--
-- Data for Name: ticketworkflowapp_ticketcomment; Type: TABLE DATA; Schema: public; Owner: postgres
--

COPY public.ticketworkflowapp_ticketcomment (id, created_on, updated_on, is_deleted, comments, commented_by_id, ticket_id) FROM stdin;
\.


--
-- Data for Name: ticketworkflowapp_ticketdetails; Type: TABLE DATA; Schema: public; Owner: postgres
--

COPY public.ticketworkflowapp_ticketdetails (id, created_on, updated_on, is_deleted, unique_id, title, "desc", created_by_id, department_id, location_id, parent_ticket_id, priority_id) FROM stdin;
1	2025-10-06 10:41:27.482675+05:30	2025-10-06 10:41:27.482692+05:30	f	T-4VTXX7	CAPA Workflow	Ticket for Asset	1	4	\N	\N	1
2	2025-10-06 11:22:08.13451+05:30	2025-10-06 11:22:08.134529+05:30	f	T-N3ALSP	Supplier Management Workflow	Ticket for Asset	1	1	\N	\N	1
3	2025-10-06 13:32:09.045562+05:30	2025-10-06 13:32:09.045584+05:30	f	T-DUAE9Q	Risk Management Workflow 	Ticket for Asset	1	1	\N	\N	1
4	2025-10-07 12:01:43.055325+05:30	2025-10-07 12:01:43.055339+05:30	f	T-S7K4MS	Internal Audit Workflow 	This is internal audit workflow	1	2	\N	\N	1
5	2025-10-07 12:11:34.904008+05:30	2025-10-07 12:11:34.90402+05:30	f	T-2Y86GA	NC Risk Management Workflow (Pharma)	Ticket for Asset	1	1	\N	\N	2
6	2025-10-07 12:22:41.712547+05:30	2025-10-07 12:22:41.71256+05:30	f	T-573JYM	NC Risk Management Workflow (Pharma)	Ticket for Asset	1	1	\N	\N	1
7	2025-10-07 13:16:43.44042+05:30	2025-10-07 13:16:43.440433+05:30	f	T-N3QTHT	Supplier CAPA-NC	Ticket for Asset	1	1	\N	\N	1
8	2025-10-07 13:29:26.318182+05:30	2025-10-07 13:29:26.318195+05:30	f	T-BP28CD	CAPA NC	Ticket for Asset	1	1	\N	\N	1
9	2025-10-07 15:13:36.53977+05:30	2025-10-07 15:13:36.539783+05:30	f	T-PPALUE	Change Control Workflow	Ticket for Asset	1	1	\N	\N	1
\.


--
-- Data for Name: ticketworkflowapp_ticketdocs; Type: TABLE DATA; Schema: public; Owner: postgres
--

COPY public.ticketworkflowapp_ticketdocs (id, created_on, updated_on, is_deleted, doc, ticket_id) FROM stdin;
\.


--
-- Data for Name: ticketworkflowapp_ticketflow; Type: TABLE DATA; Schema: public; Owner: postgres
--

COPY public.ticketworkflowapp_ticketflow (id, created_on, updated_on, is_deleted, status_updated_at, created_at, is_completed, ticket_id, workflow_id) FROM stdin;
1	2025-10-06 10:41:27.493756+05:30	2025-10-06 10:41:27.493767+05:30	f	2025-10-06 10:41:27.4936+05:30	2025-10-06 10:41:27.493606+05:30	f	1	1
2	2025-10-06 11:22:08.145108+05:30	2025-10-06 11:22:08.145121+05:30	f	2025-10-06 11:22:08.144916+05:30	2025-10-06 11:22:08.144925+05:30	f	2	1
3	2025-10-06 13:32:09.054876+05:30	2025-10-06 13:32:09.054886+05:30	f	2025-10-06 13:32:09.054761+05:30	2025-10-06 13:32:09.054766+05:30	f	3	1
4	2025-10-07 12:01:43.066808+05:30	2025-10-07 12:01:43.066821+05:30	f	2025-10-07 12:01:43.066607+05:30	2025-10-07 12:01:43.066615+05:30	f	4	1
5	2025-10-07 12:11:34.911629+05:30	2025-10-07 12:11:34.91164+05:30	f	2025-10-07 12:11:34.911508+05:30	2025-10-07 12:11:34.911513+05:30	f	5	1
6	2025-10-07 12:22:41.720827+05:30	2025-10-07 12:22:41.720838+05:30	f	2025-10-07 12:22:41.720705+05:30	2025-10-07 12:22:41.72071+05:30	f	6	1
7	2025-10-07 13:16:43.447797+05:30	2025-10-07 13:16:43.447807+05:30	f	2025-10-07 13:16:43.447687+05:30	2025-10-07 13:16:43.447691+05:30	f	7	1
8	2025-10-07 13:29:26.325945+05:30	2025-10-07 13:29:26.325956+05:30	f	2025-10-07 13:29:26.325831+05:30	2025-10-07 13:29:26.325836+05:30	f	8	1
9	2025-10-07 15:13:36.54756+05:30	2025-10-07 15:13:36.547571+05:30	f	2025-10-07 15:13:36.547445+05:30	2025-10-07 15:13:36.547452+05:30	f	9	1
\.


--
-- Data for Name: ticketworkflowapp_ticketflow_current_stage; Type: TABLE DATA; Schema: public; Owner: postgres
--

COPY public.ticketworkflowapp_ticketflow_current_stage (id, ticketflow_id, workflowstage_id) FROM stdin;
\.


--
-- Data for Name: ticketworkflowapp_ticketparameter; Type: TABLE DATA; Schema: public; Owner: postgres
--

COPY public.ticketworkflowapp_ticketparameter (id, created_on, updated_on, is_deleted, data, parameter_data_id, ticket_details_id, stage_id) FROM stdin;
\.


--
-- Data for Name: ticketworkflowapp_ticketstageaccess; Type: TABLE DATA; Schema: public; Owner: postgres
--

COPY public.ticketworkflowapp_ticketstageaccess (id, created_on, updated_on, is_deleted, ticket_id, stage_id) FROM stdin;
\.


--
-- Data for Name: ticketworkflowapp_ticketstageaccess_allowed_roles; Type: TABLE DATA; Schema: public; Owner: postgres
--

COPY public.ticketworkflowapp_ticketstageaccess_allowed_roles (id, ticketstageaccess_id, role_id) FROM stdin;
\.


--
-- Data for Name: ticketworkflowapp_ticketstageaccess_allowed_users; Type: TABLE DATA; Schema: public; Owner: postgres
--

COPY public.ticketworkflowapp_ticketstageaccess_allowed_users (id, ticketstageaccess_id, employee_id) FROM stdin;
\.


--
-- Data for Name: ticketworkflowapp_ticketstagetracking; Type: TABLE DATA; Schema: public; Owner: postgres
--

COPY public.ticketworkflowapp_ticketstagetracking (id, created_on, updated_on, is_deleted, is_invalid, invalidated_at, invalidated_reason, entered_at, exited_at, duration, remarks, is_active, invalidated_by_id, performed_by_id, ticket_id, returned_from_id, stage_id, actions_id, post_actions_id, pre_actions_id) FROM stdin;
1	2025-10-06 10:41:27.491783+05:30	2025-10-06 10:41:27.491794+05:30	f	f	\N	\N	2025-10-06 10:41:27.491381+05:30	2025-10-06 10:41:27.491385+05:30	00:00:00.000004	\N	f	\N	1	1	\N	1	\N	1	\N
2	2025-10-06 10:41:27.502958+05:30	2025-10-06 10:41:27.50297+05:30	f	f	\N	\N	2025-10-06 10:41:27.502705+05:30	2025-10-06 10:42:32.025863+05:30	00:01:04.523161	ok	f	\N	1	1	\N	2	\N	2	1
3	2025-10-06 11:22:08.143142+05:30	2025-10-06 11:22:08.143154+05:30	f	f	\N	\N	2025-10-06 11:22:08.142749+05:30	2025-10-06 11:22:08.142754+05:30	00:00:00.000005	\N	f	\N	1	2	\N	1	\N	1	\N
4	2025-10-06 11:22:08.151987+05:30	2025-10-06 11:22:08.152+05:30	f	f	\N	\N	2025-10-06 11:22:08.151718+05:30	2025-10-06 11:22:36.782841+05:30	00:00:28.631129	ok	f	\N	1	2	\N	2	\N	2	1
5	2025-10-06 13:32:09.053454+05:30	2025-10-06 13:32:09.053466+05:30	f	f	\N	\N	2025-10-06 13:32:09.053173+05:30	2025-10-06 13:32:09.053176+05:30	00:00:00.000003	\N	f	\N	1	3	\N	1	\N	1	\N
6	2025-10-06 13:32:09.061329+05:30	2025-10-06 13:32:09.061339+05:30	f	f	\N	\N	2025-10-06 13:32:09.061126+05:30	2025-10-06 13:32:37.181564+05:30	00:00:28.120441	ok	f	\N	1	3	\N	2	\N	2	1
7	2025-10-07 12:01:43.064476+05:30	2025-10-07 12:01:43.06449+05:30	f	f	\N	\N	2025-10-07 12:01:43.064022+05:30	2025-10-07 12:01:43.064027+05:30	00:00:00.000005	\N	f	\N	1	4	\N	1	\N	1	\N
8	2025-10-07 12:01:43.078466+05:30	2025-10-07 12:01:43.07848+05:30	f	f	\N	\N	2025-10-07 12:01:43.0782+05:30	2025-10-07 12:02:06.457979+05:30	00:00:23.379783	ok	f	\N	1	4	\N	2	\N	2	1
9	2025-10-07 12:11:34.910249+05:30	2025-10-07 12:11:34.91026+05:30	f	f	\N	\N	2025-10-07 12:11:34.909943+05:30	2025-10-07 12:11:34.909947+05:30	00:00:00.000004	\N	f	\N	1	5	\N	1	\N	1	\N
10	2025-10-07 12:11:34.917388+05:30	2025-10-07 12:11:34.9174+05:30	f	f	\N	\N	2025-10-07 12:11:34.917132+05:30	2025-10-07 12:11:56.670418+05:30	00:00:21.75329	ok	f	\N	1	5	\N	2	\N	2	1
11	2025-10-07 12:22:41.719391+05:30	2025-10-07 12:22:41.719403+05:30	f	f	\N	\N	2025-10-07 12:22:41.719123+05:30	2025-10-07 12:22:41.719128+05:30	00:00:00.000005	\N	f	\N	1	6	\N	1	\N	1	\N
12	2025-10-07 12:22:41.727225+05:30	2025-10-07 12:22:41.727238+05:30	f	f	\N	\N	2025-10-07 12:22:41.72696+05:30	2025-10-07 12:23:03.080704+05:30	00:00:21.353748	ok	f	\N	1	6	\N	2	\N	2	1
13	2025-10-07 13:16:43.44653+05:30	2025-10-07 13:16:43.44654+05:30	f	f	\N	\N	2025-10-07 13:16:43.446296+05:30	2025-10-07 13:16:43.446299+05:30	00:00:00.000003	\N	f	\N	1	7	\N	1	\N	1	\N
14	2025-10-07 13:16:43.4529+05:30	2025-10-07 13:16:43.45291+05:30	f	f	\N	\N	2025-10-07 13:16:43.452698+05:30	2025-10-07 13:17:01.417816+05:30	00:00:17.965121	ok	f	\N	1	7	\N	2	\N	2	1
15	2025-10-07 13:29:26.32457+05:30	2025-10-07 13:29:26.324581+05:30	f	f	\N	\N	2025-10-07 13:29:26.324333+05:30	2025-10-07 13:29:26.324336+05:30	00:00:00.000003	\N	f	\N	1	8	\N	1	\N	1	\N
16	2025-10-07 13:29:26.331833+05:30	2025-10-07 13:29:26.331848+05:30	f	f	\N	\N	2025-10-07 13:29:26.331512+05:30	2025-10-07 13:29:43.22306+05:30	00:00:16.891557	ok	f	\N	1	8	\N	2	\N	2	1
17	2025-10-07 15:13:36.5462+05:30	2025-10-07 15:13:36.546211+05:30	f	f	\N	\N	2025-10-07 15:13:36.545947+05:30	2025-10-07 15:13:36.54595+05:30	00:00:00.000003	\N	f	\N	1	9	\N	1	\N	1	\N
18	2025-10-07 15:13:36.553315+05:30	2025-10-07 15:13:36.553326+05:30	f	f	\N	\N	2025-10-07 15:13:36.55309+05:30	2025-10-07 15:14:01.509294+05:30	00:00:24.956207	ok	f	\N	1	9	\N	2	\N	2	1
\.


--
-- Data for Name: ticketworkflowapp_workflow; Type: TABLE DATA; Schema: public; Owner: postgres
--

COPY public.ticketworkflowapp_workflow (id, created_on, updated_on, is_deleted, name, status, type_id) FROM stdin;
1	2025-10-03 15:40:09.19259+05:30	2025-10-03 15:40:09.192622+05:30	f	Workflow Creation Request	APPROVED	1
3	2025-10-06 10:41:27.514869+05:30	2025-10-06 10:42:31.315383+05:30	f	CAPA	APPROVED	2
6	2025-10-06 15:49:19.108985+05:30	2025-10-06 15:49:19.109001+05:30	t	uyfufjufjuv	APPROVED	1
4	2025-10-06 11:22:08.163245+05:30	2025-10-06 11:22:36.103813+05:30	f	Supplier Management	APPROVED	3
5	2025-10-06 13:32:09.071011+05:30	2025-10-06 13:32:36.447669+05:30	f	Risk Management	APPROVED	1
2	2025-10-03 17:31:27.564267+05:30	2025-10-03 17:57:23.571184+05:30	t	CAPA Workflow	APPROVED	1
7	2025-10-07 12:01:43.094601+05:30	2025-10-07 12:02:05.664916+05:30	f	Internal Audit	APPROVED	5
8	2025-10-07 12:11:34.927044+05:30	2025-10-07 12:20:16.317266+05:30	t	NC Risk Management Workflow (Pharma)	APPROVED	\N
12	2025-10-07 15:13:36.562106+05:30	2025-10-07 15:14:00.749179+05:30	f	Change Control	APPROVED	1
10	2025-10-07 13:16:43.461072+05:30	2025-10-07 13:17:00.752316+05:30	f	Supplier CAPA-NC	APPROVED	6
11	2025-10-07 13:29:26.342665+05:30	2025-10-07 13:29:42.365784+05:30	f	CAPA-NC for Audit	APPROVED	6
9	2025-10-07 12:22:41.737677+05:30	2025-10-07 12:23:02.359839+05:30	f	Risk Management Workflow for NC	APPROVED	6
\.


--
-- Data for Name: ticketworkflowapp_workflowchecklist; Type: TABLE DATA; Schema: public; Owner: postgres
--

COPY public.ticketworkflowapp_workflowchecklist (id, created_on, updated_on, is_deleted, checklist_id, criteria_id, assign_access_from_id, workflow_stage_id) FROM stdin;
1	2025-10-03 17:32:58.452944+05:30	2025-10-03 17:32:58.452979+05:30	f	1	1	\N	1
2	2025-10-03 17:32:58.492714+05:30	2025-10-03 17:32:58.492749+05:30	f	2	1	\N	2
3	2025-10-06 12:01:12.130355+05:30	2025-10-06 12:01:12.130392+05:30	f	3	1	\N	3
4	2025-10-06 12:01:12.167164+05:30	2025-10-06 12:01:12.167198+05:30	f	4	1	\N	4
5	2025-10-06 12:01:12.197318+05:30	2025-10-06 12:01:12.197354+05:30	f	5	1	\N	5
6	2025-10-06 12:01:12.226583+05:30	2025-10-06 12:01:12.22662+05:30	f	6	1	\N	6
7	2025-10-06 12:01:12.254044+05:30	2025-10-06 12:01:12.254079+05:30	f	7	1	\N	7
8	2025-10-06 12:01:12.285392+05:30	2025-10-06 12:01:12.285427+05:30	f	8	1	\N	8
9	2025-10-06 12:01:12.314918+05:30	2025-10-06 12:01:12.314954+05:30	f	10	1	\N	10
10	2025-10-06 12:01:12.344738+05:30	2025-10-06 12:01:12.344774+05:30	f	9	1	\N	9
11	2025-10-06 13:45:01.376026+05:30	2025-10-06 13:45:01.376042+05:30	f	29	1	\N	24
12	2025-10-06 13:45:01.390335+05:30	2025-10-06 13:45:01.390376+05:30	f	30	1	\N	25
13	2025-10-06 13:45:01.403378+05:30	2025-10-06 13:45:01.403391+05:30	f	31	1	\N	26
14	2025-10-06 13:45:01.419036+05:30	2025-10-06 13:45:01.419049+05:30	f	32	1	\N	27
15	2025-10-06 13:45:01.429786+05:30	2025-10-06 13:45:01.429798+05:30	f	33	1	\N	28
16	2025-10-06 14:00:20.646503+05:30	2025-10-06 14:00:20.646525+05:30	f	17	1	\N	11
17	2025-10-06 14:00:20.666594+05:30	2025-10-06 14:00:20.666616+05:30	f	18	1	\N	12
18	2025-10-06 14:00:20.68617+05:30	2025-10-06 14:00:20.686191+05:30	f	19	1	\N	13
19	2025-10-06 14:00:20.702774+05:30	2025-10-06 14:00:20.702796+05:30	f	16	1	\N	14
20	2025-10-06 14:00:20.720627+05:30	2025-10-06 14:00:20.720649+05:30	f	20	1	\N	15
21	2025-10-06 14:00:20.73586+05:30	2025-10-06 14:00:20.735874+05:30	f	21	1	\N	16
22	2025-10-06 14:00:20.748066+05:30	2025-10-06 14:00:20.748082+05:30	f	22	1	\N	17
23	2025-10-06 14:00:20.760576+05:30	2025-10-06 14:00:20.760589+05:30	f	23	1	\N	18
24	2025-10-06 14:00:20.775032+05:30	2025-10-06 14:00:20.775052+05:30	f	24	1	\N	19
25	2025-10-06 14:00:20.788033+05:30	2025-10-06 14:00:20.788046+05:30	f	25	1	\N	20
26	2025-10-06 14:00:20.802908+05:30	2025-10-06 14:00:20.802922+05:30	f	27	1	\N	21
27	2025-10-06 14:00:20.814675+05:30	2025-10-06 14:00:20.814693+05:30	f	26	1	\N	22
28	2025-10-07 12:57:24.307541+05:30	2025-10-07 12:57:24.307581+05:30	f	11	1	\N	34
29	2025-10-07 12:57:24.343971+05:30	2025-10-07 12:57:24.343993+05:30	f	12	1	\N	35
30	2025-10-07 12:57:24.356764+05:30	2025-10-07 12:57:24.356778+05:30	f	13	1	\N	36
31	2025-10-07 12:57:24.366188+05:30	2025-10-07 12:57:24.3662+05:30	f	14	1	\N	37
32	2025-10-07 12:57:24.376002+05:30	2025-10-07 12:57:24.376015+05:30	f	15	1	\N	38
33	2025-10-07 13:24:06.75021+05:30	2025-10-07 13:24:06.750223+05:30	f	38	1	\N	30
34	2025-10-07 13:24:06.761665+05:30	2025-10-07 13:24:06.761678+05:30	f	37	1	\N	29
35	2025-10-07 13:24:06.771926+05:30	2025-10-07 13:24:06.771938+05:30	f	39	1	\N	31
36	2025-10-07 13:24:06.782758+05:30	2025-10-07 13:24:06.782771+05:30	f	40	1	\N	33
37	2025-10-07 14:13:26.256023+05:30	2025-10-07 14:13:26.25605+05:30	f	42	1	\N	39
38	2025-10-07 14:13:26.281929+05:30	2025-10-07 14:13:26.28195+05:30	f	44	1	\N	40
39	2025-10-07 14:13:26.295881+05:30	2025-10-07 14:13:26.295894+05:30	f	47	1	\N	41
40	2025-10-07 14:13:26.30578+05:30	2025-10-07 14:13:26.305792+05:30	f	48	1	\N	42
41	2025-10-07 14:13:26.31571+05:30	2025-10-07 14:13:26.315722+05:30	f	51	1	\N	43
42	2025-10-07 15:15:19.80399+05:30	2025-10-07 15:15:19.804005+05:30	f	41	1	\N	44
43	2025-10-07 15:15:19.815789+05:30	2025-10-07 15:15:19.815805+05:30	f	43	1	\N	45
44	2025-10-07 15:15:19.825769+05:30	2025-10-07 15:15:19.82578+05:30	f	45	1	\N	46
45	2025-10-07 15:15:19.834788+05:30	2025-10-07 15:15:19.8348+05:30	f	46	1	\N	47
46	2025-10-07 15:15:19.843851+05:30	2025-10-07 15:15:19.843862+05:30	f	49	1	\N	48
47	2025-10-07 15:15:19.852799+05:30	2025-10-07 15:15:19.85281+05:30	f	50	1	\N	49
48	2025-10-07 15:15:19.861853+05:30	2025-10-07 15:15:19.861866+05:30	f	52	1	\N	50
49	2025-10-07 15:15:19.871001+05:30	2025-10-07 15:15:19.871013+05:30	f	53	1	\N	51
50	2025-10-07 15:48:35.576508+05:30	2025-10-07 15:48:35.57655+05:30	f	54	1	\N	52
51	2025-10-07 15:48:35.609936+05:30	2025-10-07 15:48:35.609959+05:30	f	55	1	\N	53
52	2025-10-07 15:48:35.623743+05:30	2025-10-07 15:48:35.623757+05:30	f	56	1	\N	54
53	2025-10-07 15:48:35.634054+05:30	2025-10-07 15:48:35.634066+05:30	f	57	1	\N	55
54	2025-10-07 15:48:35.644158+05:30	2025-10-07 15:48:35.644172+05:30	f	58	1	\N	56
55	2025-10-07 15:48:35.654081+05:30	2025-10-07 15:48:35.654094+05:30	f	59	1	\N	57
\.


--
-- Data for Name: ticketworkflowapp_workflowchecklist_reader_roles; Type: TABLE DATA; Schema: public; Owner: postgres
--

COPY public.ticketworkflowapp_workflowchecklist_reader_roles (id, workflowchecklist_id, role_id) FROM stdin;
1	1	1
2	1	2
3	1	3
4	1	4
5	1	5
6	1	6
7	1	7
8	1	8
9	1	9
10	1	10
11	2	1
12	3	9
13	3	2
14	3	4
15	3	1
16	4	9
17	4	2
18	4	4
19	4	1
20	5	9
21	5	2
22	5	4
23	5	6
24	6	1
25	6	2
26	7	1
27	7	2
28	7	4
29	8	9
30	8	4
31	9	1
32	9	2
33	9	4
34	10	1
35	10	4
36	11	1
37	11	3
38	11	4
39	11	6
40	11	7
41	11	9
42	12	1
43	12	4
44	12	6
45	12	9
46	13	1
47	13	2
48	13	3
49	13	4
50	13	6
51	13	7
52	13	9
53	14	1
54	14	2
55	14	3
56	14	4
57	14	6
58	14	7
59	14	8
60	14	9
61	15	1
62	15	2
63	15	3
64	15	4
65	15	5
66	15	6
67	15	7
68	15	9
69	16	1
70	16	2
71	16	3
72	16	4
73	16	5
74	16	6
75	16	7
76	16	8
77	16	9
78	16	10
79	17	3
80	17	4
81	17	5
82	17	6
83	17	7
84	17	8
85	17	9
86	17	10
87	18	3
88	18	4
89	18	5
90	18	6
91	18	7
92	18	8
93	18	9
94	18	10
95	19	3
96	19	4
97	19	5
98	19	6
99	19	7
100	19	8
101	19	9
102	19	10
103	20	3
104	20	4
105	20	5
106	20	6
107	20	7
108	20	8
109	20	9
110	20	10
111	21	3
112	21	4
113	21	5
114	21	6
115	21	7
116	21	8
117	21	9
118	21	10
119	22	3
120	22	4
121	22	5
122	22	6
123	22	7
124	22	8
125	22	9
126	22	10
127	23	3
128	23	4
129	23	5
130	23	6
131	23	7
132	23	8
133	23	9
134	23	10
135	24	3
136	24	4
137	24	5
138	24	6
139	24	7
140	24	8
141	24	9
142	24	10
143	25	3
144	25	4
145	25	5
146	25	6
147	25	7
148	25	8
149	25	9
150	25	10
151	26	3
152	26	4
153	26	5
154	26	6
155	26	7
156	26	8
157	26	9
158	26	10
159	27	3
160	27	4
161	27	5
162	27	6
163	27	7
164	27	8
165	27	9
166	27	10
167	28	1
168	28	2
169	28	3
170	28	4
171	28	5
172	28	6
173	28	7
174	28	8
175	28	9
176	28	10
177	28	11
178	29	1
179	29	2
180	29	3
181	29	4
182	29	5
183	29	6
184	29	7
185	29	8
186	29	9
187	29	10
188	29	11
189	30	1
190	30	2
191	30	3
192	30	4
193	30	5
194	30	6
195	30	7
196	30	8
197	30	9
198	30	10
199	30	11
200	31	1
201	31	2
202	31	3
203	31	4
204	31	5
205	31	6
206	31	7
207	31	8
208	31	9
209	31	10
210	31	11
211	32	1
212	32	2
213	32	3
214	32	4
215	32	5
216	32	6
217	32	7
218	32	8
219	32	9
220	32	10
221	32	11
222	33	1
223	33	2
224	33	3
225	33	4
226	33	5
227	33	6
228	33	7
229	33	9
230	33	11
231	34	1
232	34	2
233	34	3
234	34	4
235	34	5
236	34	6
237	34	7
238	34	8
239	34	9
240	34	11
241	35	1
242	35	2
243	35	3
244	35	5
245	35	6
246	35	7
247	35	8
248	35	11
249	36	1
250	36	2
251	36	3
252	36	4
253	36	5
254	36	6
255	36	7
256	36	8
257	36	9
258	36	11
259	37	1
260	37	2
261	37	3
262	37	4
263	37	5
264	37	6
265	37	7
266	37	8
267	37	9
268	37	11
269	38	2
270	38	3
271	38	4
272	38	5
273	38	6
274	38	7
275	38	8
276	38	9
277	38	10
278	38	11
279	38	12
280	39	2
281	39	3
282	39	4
283	39	5
284	39	6
285	39	7
286	39	8
287	39	9
288	40	1
289	40	2
290	40	3
291	40	4
292	40	5
293	40	6
294	40	7
295	40	8
296	40	9
297	40	10
298	40	11
299	40	12
300	41	1
301	41	2
302	41	3
303	41	4
304	41	5
305	41	6
306	41	7
307	41	8
308	41	9
309	42	1
310	42	2
311	42	3
312	42	4
313	42	5
314	42	6
315	42	7
316	42	8
317	42	9
318	42	10
319	42	11
320	42	12
321	43	1
322	43	2
323	43	3
324	43	4
325	43	5
326	43	6
327	43	7
328	43	8
329	43	9
330	43	10
331	43	11
332	43	12
333	44	1
334	44	2
335	44	3
336	44	4
337	44	5
338	44	6
339	44	7
340	44	8
341	44	9
342	44	10
343	44	11
344	44	12
345	45	1
346	45	2
347	45	3
348	45	4
349	45	5
350	45	6
351	45	7
352	45	8
353	45	9
354	45	10
355	45	11
356	45	12
357	46	1
358	46	2
359	46	3
360	46	4
361	46	5
362	46	6
363	46	7
364	46	8
365	46	9
366	46	10
367	46	11
368	46	12
369	47	1
370	47	2
371	47	3
372	47	4
373	47	5
374	47	6
375	47	7
376	47	8
377	47	9
378	47	10
379	47	11
380	47	12
381	48	1
382	48	2
383	48	3
384	48	4
385	48	5
386	48	6
387	48	7
388	48	8
389	48	9
390	48	10
391	48	11
392	48	12
393	49	1
394	49	2
395	49	3
396	49	4
397	49	5
398	49	6
399	49	7
400	49	8
401	49	9
402	49	10
403	49	11
404	49	12
405	50	1
406	50	2
407	50	3
408	50	4
409	50	5
410	50	6
411	50	7
412	50	8
413	50	9
414	50	12
415	51	1
416	51	2
417	51	3
418	51	4
419	51	5
420	51	6
421	51	7
422	51	8
423	51	9
424	51	12
425	52	1
426	52	2
427	52	3
428	52	4
429	52	5
430	52	6
431	52	7
432	52	8
433	52	9
434	52	12
435	53	1
436	53	2
437	53	3
438	53	4
439	53	5
440	53	6
441	53	7
442	53	8
443	53	9
444	53	12
445	54	1
446	54	2
447	54	3
448	54	4
449	54	5
450	54	6
451	54	7
452	54	8
453	54	9
454	54	12
455	55	1
456	55	2
457	55	3
458	55	4
459	55	5
460	55	6
461	55	7
462	55	8
463	55	9
464	55	12
\.


--
-- Data for Name: ticketworkflowapp_workflowchecklist_section; Type: TABLE DATA; Schema: public; Owner: postgres
--

COPY public.ticketworkflowapp_workflowchecklist_section (id, workflowchecklist_id, formsections_id) FROM stdin;
1	1	1
2	2	2
3	3	3
4	4	4
5	5	5
6	6	6
7	7	7
8	8	8
9	9	10
10	10	9
11	11	34
12	12	35
13	13	36
14	14	37
15	15	38
16	16	17
17	17	18
18	18	19
19	18	20
20	19	16
21	20	21
22	20	22
23	21	24
24	21	23
25	22	25
26	23	26
27	23	27
28	24	28
29	24	29
30	25	30
31	26	32
32	27	33
33	28	40
34	29	41
35	30	42
36	31	44
37	32	47
38	33	49
39	34	45
40	35	50
41	36	51
42	37	53
43	38	56
44	39	58
45	40	60
46	41	63
47	42	52
48	43	54
49	44	55
50	45	57
51	46	59
52	47	61
53	48	62
54	49	64
55	50	65
56	51	66
57	52	67
58	53	68
59	54	69
60	55	70
\.


--
-- Data for Name: ticketworkflowapp_workflowchecklist_writer_roles; Type: TABLE DATA; Schema: public; Owner: postgres
--

COPY public.ticketworkflowapp_workflowchecklist_writer_roles (id, workflowchecklist_id, role_id) FROM stdin;
1	1	1
2	1	2
3	1	3
4	1	4
5	1	5
6	1	6
7	1	7
8	1	8
9	1	9
10	1	10
11	2	1
12	3	9
13	3	4
14	4	9
15	5	3
16	6	2
17	7	2
18	8	9
19	9	4
20	10	4
21	11	6
22	12	4
23	13	4
24	14	6
25	15	7
26	16	9
27	17	9
28	17	4
29	18	4
30	19	5
31	20	4
32	21	4
33	22	9
34	23	4
35	24	9
36	24	4
37	25	9
38	25	4
39	26	4
40	27	4
41	28	1
42	29	9
43	30	3
44	30	4
45	31	4
46	32	6
47	33	11
48	34	11
49	35	3
50	35	11
51	36	3
52	37	2
53	38	9
54	39	2
55	40	4
56	41	3
57	42	1
58	43	12
59	44	2
60	45	9
61	46	3
62	47	2
63	47	3
64	48	2
65	48	3
66	49	3
67	50	2
68	51	2
69	51	3
70	52	6
71	53	12
72	54	2
73	55	3
\.


--
-- Data for Name: ticketworkflowapp_workflowchecklisttemp; Type: TABLE DATA; Schema: public; Owner: postgres
--

COPY public.ticketworkflowapp_workflowchecklisttemp (id, created_on, updated_on, is_deleted, data_json, workflow_id) FROM stdin;
1	2025-10-03 17:31:30.469276+05:30	2025-10-03 17:32:08.411766+05:30	f	[{"data": {"checklist_data": [{"key": 1759492881876, "read_access": [1, 2, 3, 4, 5, 6, 7, 8, 9, 10], "section_ids": [1], "checklist_id": 1, "write_access": [1, 2, 3, 4, 5, 6, 7, 8, 9, 10], "section_names": [{"label": "Workflow Creation Request Form", "value": 1}], "checklist_name": {"label": "Workflow Creation Request Form", "value": 1}, "read_access_names": [{"label": "Administrator", "value": 1}, {"label": "Department Head", "value": 2}, {"label": "Quality Head", "value": 3}, {"label": "Quality Manager", "value": 4}, {"label": "Supplier Head", "value": 5}, {"label": "QA Head", "value": 6}, {"label": "QA Officer", "value": 7}, {"label": "Complience Officer", "value": 8}, {"label": "Quality Engineer", "value": 9}, {"label": "Tester", "value": 10}], "action_criteria_id": 1, "write_access_names": [{"label": "Administrator", "value": 1}, {"label": "Department Head", "value": 2}, {"label": "Quality Head", "value": 3}, {"label": "Quality Manager", "value": 4}, {"label": "Supplier Head", "value": 5}, {"label": "QA Head", "value": 6}, {"label": "QA Officer", "value": 7}, {"label": "Complience Officer", "value": 8}, {"label": "Quality Engineer", "value": 9}, {"label": "Tester", "value": 10}], "action_criteria_name": {"label": "Anyone", "value": 1}, "assign_access_from_name": null}]}, "stage_id": "1"}, {"data": {"checklist_data": [{"key": 1759492927669, "read_access": [1], "section_ids": [2], "checklist_id": 2, "write_access": [1], "section_names": [{"label": "Final Approval Form", "value": 2}], "checklist_name": {"label": "Final Approval Form", "value": 2}, "read_access_names": [{"label": "Administrator", "value": 1}], "action_criteria_id": 1, "write_access_names": [{"label": "Administrator", "value": 1}], "action_criteria_name": {"label": "Anyone", "value": 1}, "assign_access_from_name": null}]}, "stage_id": "2"}]	1
2	2025-10-06 11:45:15.935938+05:30	2025-10-06 12:01:01.686026+05:30	f	[{"data": {"checklist_data": [{"key": 1759731311619, "read_access": [9, 2, 1, 4], "section_ids": [3], "checklist_id": 3, "write_access": [9, 4], "section_names": [{"label": "Problem Details", "value": 3}], "checklist_name": {"label": "CAPA Management Workflow", "value": 3}, "read_access_names": [{"label": "Quality Engineer", "value": 9}, {"label": "Department Head", "value": 2}, {"label": "Administrator", "value": 1}, {"label": "Quality Manager", "value": 4}], "action_criteria_id": 1, "write_access_names": [{"label": "Quality Engineer", "value": 9}, {"label": "Quality Manager", "value": 4}], "action_criteria_name": {"label": "Anyone", "value": 1}, "assign_access_from_name": null}]}, "stage_id": "3"}, {"data": {"checklist_data": [{"key": 1759731360473, "read_access": [2, 9, 4, 1], "section_ids": [4], "checklist_id": 4, "write_access": [9], "section_names": [{"label": "Containment Details", "value": 4}], "checklist_name": {"label": "CAPA Containment Action", "value": 4}, "read_access_names": [{"label": "Department Head", "value": 2}, {"label": "Quality Engineer", "value": 9}, {"label": "Quality Manager", "value": 4}, {"label": "Administrator", "value": 1}], "action_criteria_id": 1, "write_access_names": [{"label": "Quality Engineer", "value": 9}], "action_criteria_name": {"label": "Anyone", "value": 1}, "assign_access_from_name": null}]}, "stage_id": "4"}, {"data": {"checklist_data": [{"key": 1759731396761, "read_access": [2, 4, 6, 9], "section_ids": [5], "checklist_id": 5, "write_access": [3], "section_names": [{"label": "Root Cause Analysis", "value": 5}], "checklist_name": {"label": "CAPA Root Cause Analysis", "value": 5}, "read_access_names": [{"label": "Department Head", "value": 2}, {"label": "Quality Manager", "value": 4}, {"label": "QA Head", "value": 6}, {"label": "Quality Engineer", "value": 9}], "action_criteria_id": 1, "write_access_names": [{"label": "Quality Head", "value": 3}], "action_criteria_name": {"label": "Anyone", "value": 1}, "assign_access_from_name": null}]}, "stage_id": "5"}, {"data": {"checklist_data": [{"key": 1759731904896, "read_access": [2, 1], "section_ids": [6], "checklist_id": 6, "write_access": [2], "section_names": [{"label": "Corrective Action Plan", "value": 6}], "checklist_name": {"label": "Corrective Action Plan Form", "value": 6}, "read_access_names": [{"label": "Department Head", "value": 2}, {"label": "Administrator", "value": 1}], "action_criteria_id": 1, "write_access_names": [{"label": "Department Head", "value": 2}], "action_criteria_name": {"label": "Anyone", "value": 1}, "assign_access_from_name": null}]}, "stage_id": "6"}, {"data": {"checklist_data": [{"key": 1759732103899, "read_access": [2, 4, 1], "section_ids": [7], "checklist_id": 7, "write_access": [2], "section_names": [{"label": "Action Implementation", "value": 7}], "checklist_name": {"label": "Action Implementation Form", "value": 7}, "read_access_names": [{"label": "Department Head", "value": 2}, {"label": "Quality Manager", "value": 4}, {"label": "Administrator", "value": 1}], "action_criteria_id": 1, "write_access_names": [{"label": "Department Head", "value": 2}], "action_criteria_name": {"label": "Anyone", "value": 1}, "assign_access_from_name": null}]}, "stage_id": "7"}, {"data": {"checklist_data": [{"key": 1759732139485, "read_access": [9, 4], "section_ids": [8], "checklist_id": 8, "write_access": [9], "section_names": [{"label": "Effectiveness Verification", "value": 8}], "checklist_name": {"label": "Effectiveness Verification", "value": 8}, "read_access_names": [{"label": "Quality Engineer", "value": 9}, {"label": "Quality Manager", "value": 4}], "action_criteria_id": 1, "write_access_names": [{"label": "Quality Engineer", "value": 9}], "action_criteria_name": {"label": "Anyone", "value": 1}, "assign_access_from_name": null}]}, "stage_id": "8"}, {"data": {"checklist_data": [{"key": 1759732214434, "read_access": [2, 4, 1], "section_ids": [10], "checklist_id": 10, "write_access": [4], "section_names": [{"label": "Closure Details", "value": 10}], "checklist_name": {"label": "CAPA Closure Form", "value": 10}, "read_access_names": [{"label": "Department Head", "value": 2}, {"label": "Quality Manager", "value": 4}, {"label": "Administrator", "value": 1}], "action_criteria_id": 1, "write_access_names": [{"label": "Quality Manager", "value": 4}], "action_criteria_name": {"label": "Anyone", "value": 1}, "assign_access_from_name": null}]}, "stage_id": "10"}, {"data": {"checklist_data": [{"key": 1759732260346, "read_access": [4, 1], "section_ids": [9], "checklist_id": 9, "write_access": [4], "section_names": [{"label": "Preventive Action Details", "value": 9}], "checklist_name": {"label": "Preventive Action Details Form", "value": 9}, "read_access_names": [{"label": "Quality Manager", "value": 4}, {"label": "Administrator", "value": 1}], "action_criteria_id": 1, "write_access_names": [{"label": "Quality Manager", "value": 4}], "action_criteria_name": {"label": "Anyone", "value": 1}, "assign_access_from_name": null}]}, "stage_id": "9"}]	3
3	2025-10-06 13:41:56.164366+05:30	2025-10-06 13:44:56.4772+05:30	f	[{"data": {"checklist_data": [{"key": 1759738314124, "read_access": [1, 4, 6, 7, 3, 9], "section_ids": [34], "checklist_id": 29, "write_access": [6], "section_names": [{"label": "Risk Details", "value": 34}], "checklist_name": {"label": "Risk Identification", "value": 29}, "read_access_names": [{"label": "Administrator", "value": 1}, {"label": "Quality Manager", "value": 4}, {"label": "QA Head", "value": 6}, {"label": "QA Officer", "value": 7}, {"label": "Quality Head", "value": 3}, {"label": "Quality Engineer", "value": 9}], "action_criteria_id": 1, "write_access_names": [{"label": "QA Head", "value": 6}], "action_criteria_name": {"label": "Anyone", "value": 1}, "assign_access_from_name": null}]}, "stage_id": "24"}, {"data": {"checklist_data": [{"key": 1759738358827, "read_access": [1, 6, 4, 9], "section_ids": [35], "checklist_id": 30, "write_access": [4], "section_names": [{"label": "Risk Assessment Details", "value": 35}], "checklist_name": {"label": "Risk Assessment", "value": 30}, "read_access_names": [{"label": "Administrator", "value": 1}, {"label": "QA Head", "value": 6}, {"label": "Quality Manager", "value": 4}, {"label": "Quality Engineer", "value": 9}], "action_criteria_id": 1, "write_access_names": [{"label": "Quality Manager", "value": 4}], "action_criteria_name": {"label": "Anyone", "value": 1}, "assign_access_from_name": null}]}, "stage_id": "25"}, {"data": {"checklist_data": [{"key": 1759738390398, "read_access": [1, 2, 3, 4, 6, 7, 9], "section_ids": [36], "checklist_id": 31, "write_access": [4], "section_names": [{"label": "Action Planning", "value": 36}], "checklist_name": {"label": "Plan Treatment\\t", "value": 31}, "read_access_names": [{"label": "Administrator", "value": 1}, {"label": "Department Head", "value": 2}, {"label": "Quality Head", "value": 3}, {"label": "Quality Manager", "value": 4}, {"label": "QA Head", "value": 6}, {"label": "QA Officer", "value": 7}, {"label": "Quality Engineer", "value": 9}], "action_criteria_id": 1, "write_access_names": [{"label": "Quality Manager", "value": 4}], "action_criteria_name": {"label": "Anyone", "value": 1}, "assign_access_from_name": null}]}, "stage_id": "26"}, {"data": {"checklist_data": [{"key": 1759738449085, "read_access": [1, 2, 3, 4, 6, 7, 8, 9], "section_ids": [37], "checklist_id": 32, "write_access": [6], "section_names": [{"label": "Implementation", "value": 37}], "checklist_name": {"label": "Implement Treatment\\t", "value": 32}, "read_access_names": [{"label": "Administrator", "value": 1}, {"label": "Department Head", "value": 2}, {"label": "Quality Head", "value": 3}, {"label": "Quality Manager", "value": 4}, {"label": "QA Head", "value": 6}, {"label": "QA Officer", "value": 7}, {"label": "Complience Officer", "value": 8}, {"label": "Quality Engineer", "value": 9}], "action_criteria_id": 1, "write_access_names": [{"label": "QA Head", "value": 6}], "action_criteria_name": {"label": "Anyone", "value": 1}, "assign_access_from_name": null}]}, "stage_id": "27"}, {"data": {"checklist_data": [{"key": 1759738486675, "read_access": [1, 2, 3, 4, 6, 7, 5, 9], "section_ids": [38], "checklist_id": 33, "write_access": [7], "section_names": [{"label": "Risk Review", "value": 38}], "checklist_name": {"label": "Risk Review\\t", "value": 33}, "read_access_names": [{"label": "Administrator", "value": 1}, {"label": "Department Head", "value": 2}, {"label": "Quality Head", "value": 3}, {"label": "Quality Manager", "value": 4}, {"label": "QA Head", "value": 6}, {"label": "QA Officer", "value": 7}, {"label": "Supplier Head", "value": 5}, {"label": "Quality Engineer", "value": 9}], "action_criteria_id": 1, "write_access_names": [{"label": "QA Officer", "value": 7}], "action_criteria_name": {"label": "Anyone", "value": 1}, "assign_access_from_name": null}]}, "stage_id": "28"}]	5
8	2025-10-07 15:06:09.424736+05:30	2025-10-07 15:15:01.248536+05:30	f	[{"data": {"checklist_data": [{"key": 1759829766923, "read_access": [1, 2, 3, 4, 5, 6, 7, 8, 9, 10, 11, 12], "section_ids": [52], "checklist_id": 41, "write_access": [1], "section_names": [{"label": "Deviation / NC Initiation Form", "value": 52}], "checklist_name": {"label": "Ticket Initiation Form", "value": 41}, "read_access_names": [{"label": "Administrator", "value": 1}, {"label": "Department Head", "value": 2}, {"label": "Quality Head", "value": 3}, {"label": "Quality Manager", "value": 4}, {"label": "Supplier Head", "value": 5}, {"label": "QA Head", "value": 6}, {"label": "QA Officer", "value": 7}, {"label": "Complience Officer", "value": 8}, {"label": "Quality Engineer", "value": 9}, {"label": "Tester", "value": 10}, {"label": "Lead Auditor", "value": 11}, {"label": "Department Executive", "value": 12}], "action_criteria_id": 1, "write_access_names": [{"label": "Administrator", "value": 1}], "action_criteria_name": {"label": "Anyone", "value": 1}, "assign_access_from_name": null}]}, "stage_id": "44"}, {"data": {"checklist_data": [{"key": 1759829825651, "read_access": [1, 2, 3, 4, 5, 6, 7, 8, 9, 10, 11, 12], "section_ids": [54], "checklist_id": 43, "write_access": [12], "section_names": [{"label": "Problem Identification & Initial Assessment", "value": 54}], "checklist_name": {"label": "Problem Identification & Initial Assessment", "value": 43}, "read_access_names": [{"label": "Administrator", "value": 1}, {"label": "Department Head", "value": 2}, {"label": "Quality Head", "value": 3}, {"label": "Quality Manager", "value": 4}, {"label": "Supplier Head", "value": 5}, {"label": "QA Head", "value": 6}, {"label": "QA Officer", "value": 7}, {"label": "Complience Officer", "value": 8}, {"label": "Quality Engineer", "value": 9}, {"label": "Tester", "value": 10}, {"label": "Lead Auditor", "value": 11}, {"label": "Department Executive", "value": 12}], "action_criteria_id": 1, "write_access_names": [{"label": "Department Executive", "value": 12}], "action_criteria_name": {"label": "Anyone", "value": 1}, "assign_access_from_name": null}]}, "stage_id": "45"}, {"data": {"checklist_data": [{"key": 1759829874308, "read_access": [5, 6, 7, 8, 9, 10, 11, 12, 1, 2, 3, 4], "section_ids": [55], "checklist_id": 45, "write_access": [2], "section_names": [{"label": "Immediate / Disposition Action", "value": 55}], "checklist_name": {"label": "Immediate / Disposition Action Form", "value": 45}, "read_access_names": [{"label": "Supplier Head", "value": 5}, {"label": "QA Head", "value": 6}, {"label": "QA Officer", "value": 7}, {"label": "Complience Officer", "value": 8}, {"label": "Quality Engineer", "value": 9}, {"label": "Tester", "value": 10}, {"label": "Lead Auditor", "value": 11}, {"label": "Department Executive", "value": 12}, {"label": "Administrator", "value": 1}, {"label": "Department Head", "value": 2}, {"label": "Quality Head", "value": 3}, {"label": "Quality Manager", "value": 4}], "action_criteria_id": 1, "write_access_names": [{"label": "Department Head", "value": 2}], "action_criteria_name": {"label": "Anyone", "value": 1}, "assign_access_from_name": null}]}, "stage_id": "46"}, {"data": {"checklist_data": [{"key": 1759829909932, "read_access": [1, 2, 3, 4, 5, 6, 7, 8, 9, 10, 11, 12], "section_ids": [57], "checklist_id": 46, "write_access": [9], "section_names": [{"label": "Root Cause Analysis ", "value": 57}], "checklist_name": {"label": "Root Cause Analysis Form", "value": 46}, "read_access_names": [{"label": "Administrator", "value": 1}, {"label": "Department Head", "value": 2}, {"label": "Quality Head", "value": 3}, {"label": "Quality Manager", "value": 4}, {"label": "Supplier Head", "value": 5}, {"label": "QA Head", "value": 6}, {"label": "QA Officer", "value": 7}, {"label": "Complience Officer", "value": 8}, {"label": "Quality Engineer", "value": 9}, {"label": "Tester", "value": 10}, {"label": "Lead Auditor", "value": 11}, {"label": "Department Executive", "value": 12}], "action_criteria_id": 1, "write_access_names": [{"label": "Quality Engineer", "value": 9}], "action_criteria_name": {"label": "Anyone", "value": 1}, "assign_access_from_name": null}]}, "stage_id": "47"}, {"data": {"checklist_data": [{"key": 1759829946993, "read_access": [1, 2, 3, 4, 5, 6, 7, 8, 9, 10, 11, 12], "section_ids": [59], "checklist_id": 49, "write_access": [3], "section_names": [{"label": "Verification of Root Cause", "value": 59}], "checklist_name": {"label": "Verification of Root Cause Form", "value": 49}, "read_access_names": [{"label": "Administrator", "value": 1}, {"label": "Department Head", "value": 2}, {"label": "Quality Head", "value": 3}, {"label": "Quality Manager", "value": 4}, {"label": "Supplier Head", "value": 5}, {"label": "QA Head", "value": 6}, {"label": "QA Officer", "value": 7}, {"label": "Complience Officer", "value": 8}, {"label": "Quality Engineer", "value": 9}, {"label": "Tester", "value": 10}, {"label": "Lead Auditor", "value": 11}, {"label": "Department Executive", "value": 12}], "action_criteria_id": 1, "write_access_names": [{"label": "Quality Head", "value": 3}], "action_criteria_name": {"label": "Anyone", "value": 1}, "assign_access_from_name": null}]}, "stage_id": "48"}, {"data": {"checklist_data": [{"key": 1759830001164, "read_access": [5, 6, 1, 2, 3, 4, 7, 8, 9, 10, 11, 12], "section_ids": [61], "checklist_id": 50, "write_access": [2, 3], "section_names": [{"label": "Corrective and Preventive Action (CAPA) Definition", "value": 61}], "checklist_name": {"label": "Corrective and Preventive Action (CAPA) Definition Form", "value": 50}, "read_access_names": [{"label": "Supplier Head", "value": 5}, {"label": "QA Head", "value": 6}, {"label": "Administrator", "value": 1}, {"label": "Department Head", "value": 2}, {"label": "Quality Head", "value": 3}, {"label": "Quality Manager", "value": 4}, {"label": "QA Officer", "value": 7}, {"label": "Complience Officer", "value": 8}, {"label": "Quality Engineer", "value": 9}, {"label": "Tester", "value": 10}, {"label": "Lead Auditor", "value": 11}, {"label": "Department Executive", "value": 12}], "action_criteria_id": 1, "write_access_names": [{"label": "Department Head", "value": 2}, {"label": "Quality Head", "value": 3}], "action_criteria_name": {"label": "Anyone", "value": 1}, "assign_access_from_name": null}]}, "stage_id": "49"}, {"data": {"checklist_data": [{"key": 1759830246294, "read_access": [1, 2, 3, 4, 5, 6, 7, 8, 9, 10, 11, 12], "section_ids": [62], "checklist_id": 52, "write_access": [3, 2], "section_names": [{"label": "Implementation & Verification of CAPA", "value": 62}], "checklist_name": {"label": "Implementation & Verification of CAPA Form", "value": 52}, "read_access_names": [{"label": "Administrator", "value": 1}, {"label": "Department Head", "value": 2}, {"label": "Quality Head", "value": 3}, {"label": "Quality Manager", "value": 4}, {"label": "Supplier Head", "value": 5}, {"label": "QA Head", "value": 6}, {"label": "QA Officer", "value": 7}, {"label": "Complience Officer", "value": 8}, {"label": "Quality Engineer", "value": 9}, {"label": "Tester", "value": 10}, {"label": "Lead Auditor", "value": 11}, {"label": "Department Executive", "value": 12}], "action_criteria_id": 1, "write_access_names": [{"label": "Quality Head", "value": 3}, {"label": "Department Head", "value": 2}], "action_criteria_name": {"label": "Anyone", "value": 1}, "assign_access_from_name": null}]}, "stage_id": "50"}, {"data": {"checklist_data": [{"key": 1759830299481, "read_access": [5, 6, 7, 8, 9, 10, 12, 11, 4, 2, 3, 1], "section_ids": [64], "checklist_id": 53, "write_access": [3], "section_names": [{"label": "Effectiveness Check & Closure", "value": 64}], "checklist_name": {"label": "Effectiveness Check & Closure Form", "value": 53}, "read_access_names": [{"label": "Supplier Head", "value": 5}, {"label": "QA Head", "value": 6}, {"label": "QA Officer", "value": 7}, {"label": "Complience Officer", "value": 8}, {"label": "Quality Engineer", "value": 9}, {"label": "Tester", "value": 10}, {"label": "Department Executive", "value": 12}, {"label": "Lead Auditor", "value": 11}, {"label": "Quality Manager", "value": 4}, {"label": "Department Head", "value": 2}, {"label": "Quality Head", "value": 3}, {"label": "Administrator", "value": 1}], "action_criteria_id": 1, "write_access_names": [{"label": "Quality Head", "value": 3}], "action_criteria_name": {"label": "Anyone", "value": 1}, "assign_access_from_name": null}]}, "stage_id": "51"}]	10
4	2025-10-06 13:43:12.585512+05:30	2025-10-06 14:00:13.250054+05:30	f	[{"data": {"checklist_data": [{"key": 1759738388423, "read_access": [1, 2, 4, 3, 5, 6, 7, 8, 9, 10], "section_ids": [17], "checklist_id": 17, "write_access": [9], "section_names": [{"label": "Supplier Details", "value": 17}], "checklist_name": {"label": "Supplier Identification & Pre-Qualification", "value": 17}, "read_access_names": [{"label": "Administrator", "value": 1}, {"label": "Department Head", "value": 2}, {"label": "Quality Manager", "value": 4}, {"label": "Quality Head", "value": 3}, {"label": "Supplier Head", "value": 5}, {"label": "QA Head", "value": 6}, {"label": "QA Officer", "value": 7}, {"label": "Complience Officer", "value": 8}, {"label": "Quality Engineer", "value": 9}, {"label": "Tester", "value": 10}], "action_criteria_id": 1, "write_access_names": [{"label": "Quality Engineer", "value": 9}], "action_criteria_name": {"label": "Anyone", "value": 1}, "assign_access_from_name": null}]}, "stage_id": "11"}, {"data": {"checklist_data": [{"key": 1759738427810, "read_access": [3, 4, 5, 6, 7, 8, 9, 10], "section_ids": [18], "checklist_id": 18, "write_access": [4, 9], "section_names": [{"label": "Risk Evaluation", "value": 18}], "checklist_name": {"label": "Supplier Risk Assessment Form", "value": 18}, "read_access_names": [{"label": "Quality Head", "value": 3}, {"label": "Quality Manager", "value": 4}, {"label": "Supplier Head", "value": 5}, {"label": "QA Head", "value": 6}, {"label": "QA Officer", "value": 7}, {"label": "Complience Officer", "value": 8}, {"label": "Quality Engineer", "value": 9}, {"label": "Tester", "value": 10}], "action_criteria_id": 1, "write_access_names": [{"label": "Quality Manager", "value": 4}, {"label": "Quality Engineer", "value": 9}], "action_criteria_name": {"label": "Anyone", "value": 1}, "assign_access_from_name": null}]}, "stage_id": "12"}, {"data": {"checklist_data": [{"key": 1759738549276, "read_access": [3, 4, 5, 6, 7, 8, 10, 9], "section_ids": [19, 20], "checklist_id": 19, "write_access": [4], "section_names": [{"label": "Evaluation Criteria", "value": 19}, {"label": "Quality Agreement", "value": 20}], "checklist_name": {"label": "Supplier Evaluation Form", "value": 19}, "read_access_names": [{"label": "Quality Head", "value": 3}, {"label": "Quality Manager", "value": 4}, {"label": "Supplier Head", "value": 5}, {"label": "QA Head", "value": 6}, {"label": "QA Officer", "value": 7}, {"label": "Complience Officer", "value": 8}, {"label": "Tester", "value": 10}, {"label": "Quality Engineer", "value": 9}], "action_criteria_id": 1, "write_access_names": [{"label": "Quality Manager", "value": 4}], "action_criteria_name": {"label": "Anyone", "value": 1}, "assign_access_from_name": null}]}, "stage_id": "13"}, {"data": {"checklist_data": [{"key": 1759738670462, "read_access": [3, 4, 5, 6, 7, 8, 10, 9], "section_ids": [16], "checklist_id": 16, "write_access": [5], "section_names": [{"label": "Commercial Assessment", "value": 16}], "checklist_name": {"label": "Commercial Evaluation Form", "value": 16}, "read_access_names": [{"label": "Quality Head", "value": 3}, {"label": "Quality Manager", "value": 4}, {"label": "Supplier Head", "value": 5}, {"label": "QA Head", "value": 6}, {"label": "QA Officer", "value": 7}, {"label": "Complience Officer", "value": 8}, {"label": "Tester", "value": 10}, {"label": "Quality Engineer", "value": 9}], "action_criteria_id": 1, "write_access_names": [{"label": "Supplier Head", "value": 5}], "action_criteria_name": {"label": "Anyone", "value": 1}, "assign_access_from_name": null}]}, "stage_id": "14"}, {"data": {"checklist_data": [{"key": 1759738704199, "read_access": [3, 4, 5, 6, 7, 8, 9, 10], "section_ids": [21, 22], "checklist_id": 20, "write_access": [4], "section_names": [{"label": "Selection Details", "value": 21}, {"label": "Contract Info", "value": 22}], "checklist_name": {"label": "Supplier Selection Form", "value": 20}, "read_access_names": [{"label": "Quality Head", "value": 3}, {"label": "Quality Manager", "value": 4}, {"label": "Supplier Head", "value": 5}, {"label": "QA Head", "value": 6}, {"label": "QA Officer", "value": 7}, {"label": "Complience Officer", "value": 8}, {"label": "Quality Engineer", "value": 9}, {"label": "Tester", "value": 10}], "action_criteria_id": 1, "write_access_names": [{"label": "Quality Manager", "value": 4}], "action_criteria_name": {"label": "Anyone", "value": 1}, "assign_access_from_name": null}]}, "stage_id": "15"}, {"data": {"checklist_data": [{"key": 1759738769291, "read_access": [3, 4, 10, 9, 8, 7, 6, 5], "section_ids": [23, 24], "checklist_id": 21, "write_access": [4], "section_names": [{"label": "First Sample", "value": 23}, {"label": "Run Approval", "value": 24}], "checklist_name": {"label": "Initial Sampling & Test Run Form", "value": 21}, "read_access_names": [{"label": "Quality Head", "value": 3}, {"label": "Quality Manager", "value": 4}, {"label": "Tester", "value": 10}, {"label": "Quality Engineer", "value": 9}, {"label": "Complience Officer", "value": 8}, {"label": "QA Officer", "value": 7}, {"label": "QA Head", "value": 6}, {"label": "Supplier Head", "value": 5}], "action_criteria_id": 1, "write_access_names": [{"label": "Quality Manager", "value": 4}], "action_criteria_name": {"label": "Anyone", "value": 1}, "assign_access_from_name": null}]}, "stage_id": "16"}, {"data": {"checklist_data": [{"key": 1759738868128, "read_access": [3, 7, 5, 4, 6, 8, 9, 10], "section_ids": [25], "checklist_id": 22, "write_access": [9], "section_names": [{"label": "Onboarding Checklist", "value": 25}], "checklist_name": {"label": "Supplier Onboarding Form", "value": 22}, "read_access_names": [{"label": "Quality Head", "value": 3}, {"label": "QA Officer", "value": 7}, {"label": "Supplier Head", "value": 5}, {"label": "Quality Manager", "value": 4}, {"label": "QA Head", "value": 6}, {"label": "Complience Officer", "value": 8}, {"label": "Quality Engineer", "value": 9}, {"label": "Tester", "value": 10}], "action_criteria_id": 1, "write_access_names": [{"label": "Quality Engineer", "value": 9}], "action_criteria_name": {"label": "Anyone", "value": 1}, "assign_access_from_name": null}]}, "stage_id": "17"}, {"data": {"checklist_data": [{"key": 1759739014246, "read_access": [3, 4, 5, 6, 7, 8, 9, 10], "section_ids": [26, 27], "checklist_id": 23, "write_access": [4], "section_names": [{"label": "Supplier Performance Scorecard", "value": 26}, {"label": "Audit Record", "value": 27}], "checklist_name": {"label": "Series Production Monitoring Form\\t", "value": 23}, "read_access_names": [{"label": "Quality Head", "value": 3}, {"label": "Quality Manager", "value": 4}, {"label": "Supplier Head", "value": 5}, {"label": "QA Head", "value": 6}, {"label": "QA Officer", "value": 7}, {"label": "Complience Officer", "value": 8}, {"label": "Quality Engineer", "value": 9}, {"label": "Tester", "value": 10}], "action_criteria_id": 1, "write_access_names": [{"label": "Quality Manager", "value": 4}], "action_criteria_name": {"label": "Anyone", "value": 1}, "assign_access_from_name": null}]}, "stage_id": "18"}, {"data": {"checklist_data": [{"key": 1759739061861, "read_access": [3, 4, 5, 6, 7, 8, 9, 10], "section_ids": [28, 29], "checklist_id": 24, "write_access": [9, 4], "section_names": [{"label": "Non-Conformance Report (NCR)", "value": 28}, {"label": "SCAR", "value": 29}], "checklist_name": {"label": "Supplier NCR Form", "value": 24}, "read_access_names": [{"label": "Quality Head", "value": 3}, {"label": "Quality Manager", "value": 4}, {"label": "Supplier Head", "value": 5}, {"label": "QA Head", "value": 6}, {"label": "QA Officer", "value": 7}, {"label": "Complience Officer", "value": 8}, {"label": "Quality Engineer", "value": 9}, {"label": "Tester", "value": 10}], "action_criteria_id": 1, "write_access_names": [{"label": "Quality Engineer", "value": 9}, {"label": "Quality Manager", "value": 4}], "action_criteria_name": {"label": "Anyone", "value": 1}, "assign_access_from_name": null}]}, "stage_id": "19"}, {"data": {"checklist_data": [{"key": 1759739316160, "read_access": [3, 5, 4, 6, 7, 8, 10, 9], "section_ids": [30], "checklist_id": 25, "write_access": [4, 9], "section_names": [{"label": "Development Plan", "value": 30}], "checklist_name": {"label": "Supplier Development Plan", "value": 25}, "read_access_names": [{"label": "Quality Head", "value": 3}, {"label": "Supplier Head", "value": 5}, {"label": "Quality Manager", "value": 4}, {"label": "QA Head", "value": 6}, {"label": "QA Officer", "value": 7}, {"label": "Complience Officer", "value": 8}, {"label": "Tester", "value": 10}, {"label": "Quality Engineer", "value": 9}], "action_criteria_id": 1, "write_access_names": [{"label": "Quality Manager", "value": 4}, {"label": "Quality Engineer", "value": 9}], "action_criteria_name": {"label": "Anyone", "value": 1}, "assign_access_from_name": null}]}, "stage_id": "20"}, {"data": {"checklist_data": [{"key": 1759739343963, "read_access": [3, 4, 5, 6, 7, 8, 9, 10], "section_ids": [32], "checklist_id": 27, "write_access": [4], "section_names": [{"label": "Re-evaluation Summary", "value": 32}], "checklist_name": {"label": "Periodic Re-Evaluation", "value": 27}, "read_access_names": [{"label": "Quality Head", "value": 3}, {"label": "Quality Manager", "value": 4}, {"label": "Supplier Head", "value": 5}, {"label": "QA Head", "value": 6}, {"label": "QA Officer", "value": 7}, {"label": "Complience Officer", "value": 8}, {"label": "Quality Engineer", "value": 9}, {"label": "Tester", "value": 10}], "action_criteria_id": 1, "write_access_names": [{"label": "Quality Manager", "value": 4}], "action_criteria_name": {"label": "Anyone", "value": 1}, "assign_access_from_name": null}]}, "stage_id": "21"}, {"data": {"checklist_data": [{"key": 1759739396945, "read_access": [3, 5, 4, 6, 7, 8, 9, 10], "section_ids": [33], "checklist_id": 26, "write_access": [4], "section_names": [{"label": "Exit Record", "value": 33}], "checklist_name": {"label": "Supplier Removal Form", "value": 26}, "read_access_names": [{"label": "Quality Head", "value": 3}, {"label": "Supplier Head", "value": 5}, {"label": "Quality Manager", "value": 4}, {"label": "QA Head", "value": 6}, {"label": "QA Officer", "value": 7}, {"label": "Complience Officer", "value": 8}, {"label": "Quality Engineer", "value": 9}, {"label": "Tester", "value": 10}], "action_criteria_id": 1, "write_access_names": [{"label": "Quality Manager", "value": 4}], "action_criteria_name": {"label": "Anyone", "value": 1}, "assign_access_from_name": null}]}, "stage_id": "22"}]	4
5	2025-10-07 12:53:26.632088+05:30	2025-10-07 12:57:04.68605+05:30	f	[{"data": {"checklist_data": [{"key": 1759821800607, "read_access": [1, 2, 3, 4, 5, 6, 7, 8, 9, 10, 11], "section_ids": [40], "checklist_id": 11, "write_access": [1], "section_names": [{"label": "Initiation", "value": 40}], "checklist_name": {"label": "Risk Initiation Form", "value": 11}, "read_access_names": [{"label": "Administrator", "value": 1}, {"label": "Department Head", "value": 2}, {"label": "Quality Head", "value": 3}, {"label": "Quality Manager", "value": 4}, {"label": "Supplier Head", "value": 5}, {"label": "QA Head", "value": 6}, {"label": "QA Officer", "value": 7}, {"label": "Complience Officer", "value": 8}, {"label": "Quality Engineer", "value": 9}, {"label": "Tester", "value": 10}, {"label": "Lead Auditor", "value": 11}], "action_criteria_id": 1, "write_access_names": [{"label": "Administrator", "value": 1}], "action_criteria_name": {"label": "Anyone", "value": 1}, "assign_access_from_name": null}]}, "stage_id": "34"}, {"data": {"checklist_data": [{"key": 1759821900046, "read_access": [4, 5, 6, 7, 8, 9, 11, 10, 3, 2, 1], "section_ids": [41], "checklist_id": 12, "write_access": [9], "section_names": [{"label": "Risk Identification Form", "value": 41}], "checklist_name": {"label": "Risk Details", "value": 12}, "read_access_names": [{"label": "Quality Manager", "value": 4}, {"label": "Supplier Head", "value": 5}, {"label": "QA Head", "value": 6}, {"label": "QA Officer", "value": 7}, {"label": "Complience Officer", "value": 8}, {"label": "Quality Engineer", "value": 9}, {"label": "Lead Auditor", "value": 11}, {"label": "Tester", "value": 10}, {"label": "Quality Head", "value": 3}, {"label": "Department Head", "value": 2}, {"label": "Administrator", "value": 1}], "action_criteria_id": 1, "write_access_names": [{"label": "Quality Engineer", "value": 9}], "action_criteria_name": {"label": "Anyone", "value": 1}, "assign_access_from_name": null}]}, "stage_id": "35"}, {"data": {"checklist_data": [{"key": 1759821943512, "read_access": [4, 5, 6, 7, 8, 9, 10, 11, 3, 2, 1], "section_ids": [42], "checklist_id": 13, "write_access": [4, 3], "section_names": [{"label": "Risk Evaluation & Assessment Form", "value": 42}], "checklist_name": {"label": "Risk Evaluation", "value": 13}, "read_access_names": [{"label": "Quality Manager", "value": 4}, {"label": "Supplier Head", "value": 5}, {"label": "QA Head", "value": 6}, {"label": "QA Officer", "value": 7}, {"label": "Complience Officer", "value": 8}, {"label": "Quality Engineer", "value": 9}, {"label": "Tester", "value": 10}, {"label": "Lead Auditor", "value": 11}, {"label": "Quality Head", "value": 3}, {"label": "Department Head", "value": 2}, {"label": "Administrator", "value": 1}], "action_criteria_id": 1, "write_access_names": [{"label": "Quality Manager", "value": 4}, {"label": "Quality Head", "value": 3}], "action_criteria_name": {"label": "Anyone", "value": 1}, "assign_access_from_name": null}]}, "stage_id": "36"}, {"data": {"checklist_data": [{"key": 1759821984692, "read_access": [1, 2, 3, 4, 5, 6, 7, 8, 9, 10, 11], "section_ids": [44], "checklist_id": 14, "write_access": [4], "section_names": [{"label": "Risk Control / Mitigation Plan Form", "value": 44}], "checklist_name": {"label": "Mitigation Plan", "value": 14}, "read_access_names": [{"label": "Administrator", "value": 1}, {"label": "Department Head", "value": 2}, {"label": "Quality Head", "value": 3}, {"label": "Quality Manager", "value": 4}, {"label": "Supplier Head", "value": 5}, {"label": "QA Head", "value": 6}, {"label": "QA Officer", "value": 7}, {"label": "Complience Officer", "value": 8}, {"label": "Quality Engineer", "value": 9}, {"label": "Tester", "value": 10}, {"label": "Lead Auditor", "value": 11}], "action_criteria_id": 1, "write_access_names": [{"label": "Quality Manager", "value": 4}], "action_criteria_name": {"label": "Anyone", "value": 1}, "assign_access_from_name": null}]}, "stage_id": "37"}, {"data": {"checklist_data": [{"key": 1759822020902, "read_access": [5, 4, 6, 7, 8, 9, 10, 11, 3, 2, 1], "section_ids": [47], "checklist_id": 15, "write_access": [6], "section_names": [{"label": "Risk Review & Closure Form", "value": 47}], "checklist_name": {"label": "Risk Review & Closure Form", "value": 15}, "read_access_names": [{"label": "Supplier Head", "value": 5}, {"label": "Quality Manager", "value": 4}, {"label": "QA Head", "value": 6}, {"label": "QA Officer", "value": 7}, {"label": "Complience Officer", "value": 8}, {"label": "Quality Engineer", "value": 9}, {"label": "Tester", "value": 10}, {"label": "Lead Auditor", "value": 11}, {"label": "Quality Head", "value": 3}, {"label": "Department Head", "value": 2}, {"label": "Administrator", "value": 1}], "action_criteria_id": 1, "write_access_names": [{"label": "QA Head", "value": 6}], "action_criteria_name": {"label": "Anyone", "value": 1}, "assign_access_from_name": null}]}, "stage_id": "38"}]	9
7	2025-10-07 14:05:11.685642+05:30	2025-10-07 14:13:06.684649+05:30	f	[{"data": {"checklist_data": [{"key": 1759826108442, "read_access": [1, 2, 3, 4, 5, 6, 7, 8, 9, 11], "section_ids": [53], "checklist_id": 42, "write_access": [2], "section_names": [{"label": "Initiation", "value": 53}], "checklist_name": {"label": "NC CAPA Initiation Form", "value": 42}, "read_access_names": [{"label": "Administrator", "value": 1}, {"label": "Department Head", "value": 2}, {"label": "Quality Head", "value": 3}, {"label": "Quality Manager", "value": 4}, {"label": "Supplier Head", "value": 5}, {"label": "QA Head", "value": 6}, {"label": "QA Officer", "value": 7}, {"label": "Complience Officer", "value": 8}, {"label": "Quality Engineer", "value": 9}, {"label": "Lead Auditor", "value": 11}], "action_criteria_id": 1, "write_access_names": [{"label": "Department Head", "value": 2}], "action_criteria_name": {"label": "Anyone", "value": 1}, "assign_access_from_name": null}]}, "stage_id": "39"}, {"data": {"checklist_data": [{"key": 1759826326753, "read_access": [5, 6, 7, 8, 9, 10, 11, 12, 4, 2, 3], "section_ids": [56], "checklist_id": 44, "write_access": [9], "section_names": [{"label": "Identification and Containment", "value": 56}], "checklist_name": {"label": "NC Identification & Containment Form", "value": 44}, "read_access_names": [{"label": "Supplier Head", "value": 5}, {"label": "QA Head", "value": 6}, {"label": "QA Officer", "value": 7}, {"label": "Complience Officer", "value": 8}, {"label": "Quality Engineer", "value": 9}, {"label": "Tester", "value": 10}, {"label": "Lead Auditor", "value": 11}, {"label": "Department Executive", "value": 12}, {"label": "Quality Manager", "value": 4}, {"label": "Department Head", "value": 2}, {"label": "Quality Head", "value": 3}], "action_criteria_id": 1, "write_access_names": [{"label": "Quality Engineer", "value": 9}], "action_criteria_name": {"label": "Anyone", "value": 1}, "assign_access_from_name": null}]}, "stage_id": "40"}, {"data": {"checklist_data": [{"key": 1759826367701, "read_access": [2, 3, 4, 6, 5, 7, 8, 9], "section_ids": [58], "checklist_id": 47, "write_access": [2], "section_names": [{"label": "Planning", "value": 58}], "checklist_name": {"label": "Root Cause Analysis & Action Plan Form", "value": 47}, "read_access_names": [{"label": "Department Head", "value": 2}, {"label": "Quality Head", "value": 3}, {"label": "Quality Manager", "value": 4}, {"label": "QA Head", "value": 6}, {"label": "Supplier Head", "value": 5}, {"label": "QA Officer", "value": 7}, {"label": "Complience Officer", "value": 8}, {"label": "Quality Engineer", "value": 9}], "action_criteria_id": 1, "write_access_names": [{"label": "Department Head", "value": 2}], "action_criteria_name": {"label": "Anyone", "value": 1}, "assign_access_from_name": null}]}, "stage_id": "41"}, {"data": {"checklist_data": [{"key": 1759826491621, "read_access": [5, 6, 7, 8, 9, 10, 11, 12, 4, 1, 3, 2], "section_ids": [60], "checklist_id": 48, "write_access": [4], "section_names": [{"label": "Implementation & Verification", "value": 60}], "checklist_name": {"label": "Implementation & Verification Form", "value": 48}, "read_access_names": [{"label": "Supplier Head", "value": 5}, {"label": "QA Head", "value": 6}, {"label": "QA Officer", "value": 7}, {"label": "Complience Officer", "value": 8}, {"label": "Quality Engineer", "value": 9}, {"label": "Tester", "value": 10}, {"label": "Lead Auditor", "value": 11}, {"label": "Department Executive", "value": 12}, {"label": "Quality Manager", "value": 4}, {"label": "Administrator", "value": 1}, {"label": "Quality Head", "value": 3}, {"label": "Department Head", "value": 2}], "action_criteria_id": 1, "write_access_names": [{"label": "Quality Manager", "value": 4}], "action_criteria_name": {"label": "Anyone", "value": 1}, "assign_access_from_name": null}]}, "stage_id": "42"}, {"data": {"checklist_data": [{"key": 1759826585300, "read_access": [1, 2, 3, 4, 5, 6, 7, 8, 9], "section_ids": [63], "checklist_id": 51, "write_access": [3], "section_names": [{"label": "Closure", "value": 63}], "checklist_name": {"label": "CAPA NC Closure & Documentation Form", "value": 51}, "read_access_names": [{"label": "Administrator", "value": 1}, {"label": "Department Head", "value": 2}, {"label": "Quality Head", "value": 3}, {"label": "Quality Manager", "value": 4}, {"label": "Supplier Head", "value": 5}, {"label": "QA Head", "value": 6}, {"label": "QA Officer", "value": 7}, {"label": "Complience Officer", "value": 8}, {"label": "Quality Engineer", "value": 9}], "action_criteria_id": 1, "write_access_names": [{"label": "Quality Head", "value": 3}], "action_criteria_name": {"label": "Anyone", "value": 1}, "assign_access_from_name": null}]}, "stage_id": "43"}]	11
6	2025-10-07 13:21:02.960167+05:30	2025-10-07 13:23:22.888399+05:30	f	[{"data": {"checklist_data": [{"key": 1759823459702, "read_access": [1, 2, 3, 4, 5, 6, 7, 9, 11], "section_ids": [49], "checklist_id": 38, "write_access": [11], "section_names": [{"label": "Perform", "value": 49}], "checklist_name": {"label": "Internal Audit Perform Form", "value": 38}, "read_access_names": [{"label": "Administrator", "value": 1}, {"label": "Department Head", "value": 2}, {"label": "Quality Head", "value": 3}, {"label": "Quality Manager", "value": 4}, {"label": "Supplier Head", "value": 5}, {"label": "QA Head", "value": 6}, {"label": "QA Officer", "value": 7}, {"label": "Quality Engineer", "value": 9}, {"label": "Lead Auditor", "value": 11}], "action_criteria_id": 1, "write_access_names": [{"label": "Lead Auditor", "value": 11}], "action_criteria_name": {"label": "Anyone", "value": 1}, "assign_access_from_name": null}]}, "stage_id": "30"}, {"data": {"checklist_data": [{"key": 1759823509274, "read_access": [4, 5, 7, 6, 8, 9, 11, 1, 2, 3], "section_ids": [45], "checklist_id": 37, "write_access": [11], "section_names": [{"label": "Planning", "value": 45}], "checklist_name": {"label": "Internal Audit Planning Form", "value": 37}, "read_access_names": [{"label": "Quality Manager", "value": 4}, {"label": "Supplier Head", "value": 5}, {"label": "QA Officer", "value": 7}, {"label": "QA Head", "value": 6}, {"label": "Complience Officer", "value": 8}, {"label": "Quality Engineer", "value": 9}, {"label": "Lead Auditor", "value": 11}, {"label": "Administrator", "value": 1}, {"label": "Department Head", "value": 2}, {"label": "Quality Head", "value": 3}], "action_criteria_id": 1, "write_access_names": [{"label": "Lead Auditor", "value": 11}], "action_criteria_name": {"label": "Anyone", "value": 1}, "assign_access_from_name": null}]}, "stage_id": "29"}, {"data": {"checklist_data": [{"key": 1759823544580, "read_access": [1, 2, 3, 6, 5, 7, 8, 11], "section_ids": [50], "checklist_id": 39, "write_access": [11, 3], "section_names": [{"label": "Submit Report", "value": 50}], "checklist_name": {"label": "Internal Audit Submit Report Form", "value": 39}, "read_access_names": [{"label": "Administrator", "value": 1}, {"label": "Department Head", "value": 2}, {"label": "Quality Head", "value": 3}, {"label": "QA Head", "value": 6}, {"label": "Supplier Head", "value": 5}, {"label": "QA Officer", "value": 7}, {"label": "Complience Officer", "value": 8}, {"label": "Lead Auditor", "value": 11}], "action_criteria_id": 1, "write_access_names": [{"label": "Lead Auditor", "value": 11}, {"label": "Quality Head", "value": 3}], "action_criteria_name": {"label": "Anyone", "value": 1}, "assign_access_from_name": null}]}, "stage_id": "31"}, {"data": {"checklist_data": [{"key": 1759823600474, "read_access": [1, 2, 3, 4, 5, 6, 7, 8, 9, 11], "section_ids": [51], "checklist_id": 40, "write_access": [3], "section_names": [{"label": "Review", "value": 51}], "checklist_name": {"label": "Internal Audit Review Form", "value": 40}, "read_access_names": [{"label": "Administrator", "value": 1}, {"label": "Department Head", "value": 2}, {"label": "Quality Head", "value": 3}, {"label": "Quality Manager", "value": 4}, {"label": "Supplier Head", "value": 5}, {"label": "QA Head", "value": 6}, {"label": "QA Officer", "value": 7}, {"label": "Complience Officer", "value": 8}, {"label": "Quality Engineer", "value": 9}, {"label": "Lead Auditor", "value": 11}], "action_criteria_id": 1, "write_access_names": [{"label": "Quality Head", "value": 3}], "action_criteria_name": {"label": "Anyone", "value": 1}, "assign_access_from_name": null}]}, "stage_id": "33"}]	7
9	2025-10-07 15:42:18.136273+05:30	2025-10-07 15:46:25.803511+05:30	f	[{"data": {"checklist_data": [{"key": 1759831935233, "read_access": [1, 2, 3, 4, 5, 6, 7, 8, 9, 12], "section_ids": [65], "checklist_id": 54, "write_access": [2], "section_names": [{"label": "Change Control Initiation Form", "value": 65}], "checklist_name": {"label": "Change Control Initiation Form", "value": 54}, "read_access_names": [{"label": "Administrator", "value": 1}, {"label": "Department Head", "value": 2}, {"label": "Quality Head", "value": 3}, {"label": "Quality Manager", "value": 4}, {"label": "Supplier Head", "value": 5}, {"label": "QA Head", "value": 6}, {"label": "QA Officer", "value": 7}, {"label": "Complience Officer", "value": 8}, {"label": "Quality Engineer", "value": 9}, {"label": "Department Executive", "value": 12}], "action_criteria_id": 1, "write_access_names": [{"label": "Department Head", "value": 2}], "action_criteria_name": {"label": "Anyone", "value": 1}, "assign_access_from_name": null}]}, "stage_id": "52"}, {"data": {"checklist_data": [{"key": 1759831966622, "read_access": [2, 1, 3, 4, 5, 6, 7, 8, 9, 12], "section_ids": [66], "checklist_id": 55, "write_access": [2, 3], "section_names": [{"label": "Impact Assessment", "value": 66}], "checklist_name": {"label": "Impact Assessment", "value": 55}, "read_access_names": [{"label": "Department Head", "value": 2}, {"label": "Administrator", "value": 1}, {"label": "Quality Head", "value": 3}, {"label": "Quality Manager", "value": 4}, {"label": "Supplier Head", "value": 5}, {"label": "QA Head", "value": 6}, {"label": "QA Officer", "value": 7}, {"label": "Complience Officer", "value": 8}, {"label": "Quality Engineer", "value": 9}, {"label": "Department Executive", "value": 12}], "action_criteria_id": 1, "write_access_names": [{"label": "Department Head", "value": 2}, {"label": "Quality Head", "value": 3}], "action_criteria_name": {"label": "Anyone", "value": 1}, "assign_access_from_name": null}]}, "stage_id": "53"}, {"data": {"checklist_data": [{"key": 1759832001383, "read_access": [1, 2, 3, 4, 5, 6, 8, 7, 9, 12], "section_ids": [67], "checklist_id": 56, "write_access": [6], "section_names": [{"label": "Change Plan & Approval", "value": 67}], "checklist_name": {"label": "Change Plan & Approval", "value": 56}, "read_access_names": [{"label": "Administrator", "value": 1}, {"label": "Department Head", "value": 2}, {"label": "Quality Head", "value": 3}, {"label": "Quality Manager", "value": 4}, {"label": "Supplier Head", "value": 5}, {"label": "QA Head", "value": 6}, {"label": "Complience Officer", "value": 8}, {"label": "QA Officer", "value": 7}, {"label": "Quality Engineer", "value": 9}, {"label": "Department Executive", "value": 12}], "action_criteria_id": 1, "write_access_names": [{"label": "QA Head", "value": 6}], "action_criteria_name": {"label": "Anyone", "value": 1}, "assign_access_from_name": null}]}, "stage_id": "54"}, {"data": {"checklist_data": [{"key": 1759832053446, "read_access": [12, 1, 3, 2, 4, 5, 6, 7, 8, 9], "section_ids": [68], "checklist_id": 57, "write_access": [12], "section_names": [{"label": "Implementation", "value": 68}], "checklist_name": {"label": "Implementation", "value": 57}, "read_access_names": [{"label": "Department Executive", "value": 12}, {"label": "Administrator", "value": 1}, {"label": "Quality Head", "value": 3}, {"label": "Department Head", "value": 2}, {"label": "Quality Manager", "value": 4}, {"label": "Supplier Head", "value": 5}, {"label": "QA Head", "value": 6}, {"label": "QA Officer", "value": 7}, {"label": "Complience Officer", "value": 8}, {"label": "Quality Engineer", "value": 9}], "action_criteria_id": 1, "write_access_names": [{"label": "Department Executive", "value": 12}], "action_criteria_name": {"label": "Anyone", "value": 1}, "assign_access_from_name": null}]}, "stage_id": "55"}, {"data": {"checklist_data": [{"key": 1759832140219, "read_access": [1, 2, 3, 4, 5, 6, 7, 8, 9, 12], "section_ids": [69], "checklist_id": 58, "write_access": [2], "section_names": [{"label": "Verification & Effectiveness Check", "value": 69}], "checklist_name": {"label": "Verification & Effectiveness Check", "value": 58}, "read_access_names": [{"label": "Administrator", "value": 1}, {"label": "Department Head", "value": 2}, {"label": "Quality Head", "value": 3}, {"label": "Quality Manager", "value": 4}, {"label": "Supplier Head", "value": 5}, {"label": "QA Head", "value": 6}, {"label": "QA Officer", "value": 7}, {"label": "Complience Officer", "value": 8}, {"label": "Quality Engineer", "value": 9}, {"label": "Department Executive", "value": 12}], "action_criteria_id": 1, "write_access_names": [{"label": "Department Head", "value": 2}], "action_criteria_name": {"label": "Anyone", "value": 1}, "assign_access_from_name": null}]}, "stage_id": "56"}, {"data": {"checklist_data": [{"key": 1759832175437, "read_access": [1, 2, 3, 4, 5, 6, 7, 8, 9, 12], "section_ids": [70], "checklist_id": 59, "write_access": [3], "section_names": [{"label": "Closure & Documentation", "value": 70}], "checklist_name": {"label": "Closure & Documentation", "value": 59}, "read_access_names": [{"label": "Administrator", "value": 1}, {"label": "Department Head", "value": 2}, {"label": "Quality Head", "value": 3}, {"label": "Quality Manager", "value": 4}, {"label": "Supplier Head", "value": 5}, {"label": "QA Head", "value": 6}, {"label": "QA Officer", "value": 7}, {"label": "Complience Officer", "value": 8}, {"label": "Quality Engineer", "value": 9}, {"label": "Department Executive", "value": 12}], "action_criteria_id": 1, "write_access_names": [{"label": "Quality Head", "value": 3}], "action_criteria_name": {"label": "Anyone", "value": 1}, "assign_access_from_name": null}]}, "stage_id": "57"}]	12
\.


--
-- Data for Name: ticketworkflowapp_workflowdependency; Type: TABLE DATA; Schema: public; Owner: postgres
--

COPY public.ticketworkflowapp_workflowdependency (id, created_on, updated_on, is_deleted, dependent_stage_id, prerequisite_action_id) FROM stdin;
1	2025-10-03 17:30:26.95066+05:30	2025-10-03 17:30:26.950694+05:30	f	2	1
2	2025-10-06 11:44:07.81927+05:30	2025-10-06 11:44:07.819305+05:30	f	4	4
3	2025-10-06 11:44:07.866346+05:30	2025-10-06 11:44:07.86638+05:30	f	5	5
4	2025-10-06 11:44:07.910892+05:30	2025-10-06 11:44:07.910929+05:30	f	6	7
5	2025-10-06 11:44:07.943937+05:30	2025-10-06 11:44:07.943972+05:30	f	7	9
6	2025-10-06 11:44:07.987475+05:30	2025-10-06 11:44:07.987509+05:30	f	8	10
7	2025-10-06 11:44:08.031658+05:30	2025-10-06 11:44:08.031707+05:30	f	9	12
8	2025-10-06 11:44:08.06338+05:30	2025-10-06 11:44:08.063415+05:30	f	10	14
9	2025-10-06 12:04:05.826283+05:30	2025-10-06 12:04:05.826303+05:30	f	12	16
10	2025-10-06 12:04:05.860586+05:30	2025-10-06 12:04:05.860611+05:30	f	13	17
11	2025-10-06 12:04:05.883946+05:30	2025-10-06 12:04:05.883965+05:30	f	14	18
12	2025-10-06 12:04:05.929618+05:30	2025-10-06 12:04:05.929639+05:30	f	15	19
13	2025-10-06 12:04:05.959519+05:30	2025-10-06 12:04:05.959556+05:30	f	16	21
14	2025-10-06 12:04:05.987839+05:30	2025-10-06 12:04:05.987857+05:30	f	17	23
15	2025-10-06 12:04:06.015955+05:30	2025-10-06 12:04:06.015986+05:30	f	18	25
16	2025-10-06 12:04:06.039236+05:30	2025-10-06 12:04:06.039263+05:30	f	19	27
17	2025-10-06 12:04:06.061188+05:30	2025-10-06 12:04:06.061215+05:30	f	20	28
18	2025-10-06 12:04:06.084448+05:30	2025-10-06 12:04:06.084469+05:30	f	21	29
19	2025-10-06 12:04:06.108119+05:30	2025-10-06 12:04:06.108142+05:30	f	22	30
20	2025-10-06 13:40:55.377252+05:30	2025-10-06 13:40:55.377265+05:30	f	24	33
21	2025-10-06 13:40:55.392145+05:30	2025-10-06 13:40:55.392159+05:30	f	25	34
22	2025-10-06 13:40:55.418115+05:30	2025-10-06 13:40:55.41813+05:30	f	26	35
23	2025-10-06 13:40:55.438157+05:30	2025-10-06 13:40:55.438172+05:30	f	27	37
24	2025-10-06 13:40:55.457454+05:30	2025-10-06 13:40:55.457471+05:30	f	28	38
25	2025-10-07 12:26:27.329604+05:30	2025-10-07 12:26:27.32964+05:30	f	30	40
26	2025-10-07 12:26:27.38284+05:30	2025-10-07 12:26:27.38288+05:30	f	31	41
27	2025-10-07 12:26:27.44392+05:30	2025-10-07 12:26:27.444005+05:30	f	32	42
28	2025-10-07 12:26:27.498781+05:30	2025-10-07 12:26:27.498831+05:30	f	33	43
29	2025-10-07 12:31:47.533098+05:30	2025-10-07 12:31:47.533129+05:30	f	35	45
30	2025-10-07 12:31:47.581694+05:30	2025-10-07 12:31:47.581714+05:30	f	36	46
31	2025-10-07 12:31:47.614739+05:30	2025-10-07 12:31:47.61476+05:30	f	37	48
32	2025-10-07 12:31:47.637763+05:30	2025-10-07 12:31:47.637781+05:30	f	38	51
33	2025-10-07 13:38:11.45082+05:30	2025-10-07 13:38:11.450833+05:30	f	40	55
34	2025-10-07 13:38:11.465297+05:30	2025-10-07 13:38:11.465309+05:30	f	41	56
35	2025-10-07 13:38:11.480001+05:30	2025-10-07 13:38:11.480013+05:30	f	42	58
36	2025-10-07 13:38:11.494385+05:30	2025-10-07 13:38:11.494397+05:30	f	43	60
37	2025-10-07 13:40:34.212148+05:30	2025-10-07 13:40:34.212164+05:30	f	45	65
38	2025-10-07 13:40:34.232879+05:30	2025-10-07 13:40:34.232891+05:30	f	46	66
39	2025-10-07 13:40:34.247776+05:30	2025-10-07 13:40:34.247788+05:30	f	47	68
40	2025-10-07 13:40:34.262314+05:30	2025-10-07 13:40:34.262326+05:30	f	48	70
41	2025-10-07 13:40:34.276736+05:30	2025-10-07 13:40:34.276748+05:30	f	49	72
42	2025-10-07 13:40:34.291398+05:30	2025-10-07 13:40:34.29141+05:30	f	50	74
43	2025-10-07 13:40:34.309901+05:30	2025-10-07 13:40:34.309913+05:30	f	51	76
44	2025-10-07 15:23:09.382512+05:30	2025-10-07 15:23:09.382524+05:30	f	53	82
45	2025-10-07 15:23:09.395412+05:30	2025-10-07 15:23:09.395424+05:30	f	54	83
46	2025-10-07 15:23:09.406225+05:30	2025-10-07 15:23:09.406238+05:30	f	55	84
47	2025-10-07 15:23:09.417181+05:30	2025-10-07 15:23:09.417193+05:30	f	56	85
48	2025-10-07 15:23:09.431856+05:30	2025-10-07 15:23:09.431867+05:30	f	57	86
\.


--
-- Data for Name: ticketworkflowapp_workflowsla; Type: TABLE DATA; Schema: public; Owner: postgres
--

COPY public.ticketworkflowapp_workflowsla (id, created_on, updated_on, is_deleted, sla, workflowstage_id) FROM stdin;
1	2025-10-06 11:44:07.795313+05:30	2025-10-06 11:44:07.795362+05:30	f	2 days	4
2	2025-10-06 11:44:07.851976+05:30	2025-10-06 11:44:07.852006+05:30	f	2 days	5
3	2025-10-06 11:44:07.896476+05:30	2025-10-06 11:44:07.896518+05:30	f	2 days	6
4	2025-10-06 11:44:07.929885+05:30	2025-10-06 11:44:07.929917+05:30	f	1 day	7
5	2025-10-06 11:44:07.973532+05:30	2025-10-06 11:44:07.973589+05:30	f	1 day	8
6	2025-10-06 11:44:08.017369+05:30	2025-10-06 11:44:08.017402+05:30	f	1 day	9
7	2025-10-06 11:44:08.050096+05:30	2025-10-06 11:44:08.050125+05:30	f	1 day	10
8	2025-10-06 12:04:05.804873+05:30	2025-10-06 12:04:05.804896+05:30	f	5 days	12
9	2025-10-06 12:04:05.846305+05:30	2025-10-06 12:04:05.846327+05:30	f	5 days	13
10	2025-10-06 12:04:05.874414+05:30	2025-10-06 12:04:05.874434+05:30	f	5 days	14
11	2025-10-06 12:04:05.91861+05:30	2025-10-06 12:04:05.918634+05:30	f	5 days	15
12	2025-10-06 12:04:05.949878+05:30	2025-10-06 12:04:05.949898+05:30	f	7 days	16
13	2025-10-06 12:04:05.978951+05:30	2025-10-06 12:04:05.978971+05:30	f	6 days	17
14	2025-10-06 12:04:06.007059+05:30	2025-10-06 12:04:06.007078+05:30	f	7 days	18
15	2025-10-06 12:04:06.028662+05:30	2025-10-06 12:04:06.028684+05:30	f	15 days	19
16	2025-10-06 12:04:06.05141+05:30	2025-10-06 12:04:06.051428+05:30	f	15 days	20
17	2025-10-06 12:04:06.074763+05:30	2025-10-06 12:04:06.074783+05:30	f	7 days	21
18	2025-10-06 12:04:06.098928+05:30	2025-10-06 12:04:06.098951+05:30	f	5 days	22
19	2025-10-06 13:40:55.370253+05:30	2025-10-06 13:40:55.370264+05:30	f	1 day	24
20	2025-10-06 13:40:55.386465+05:30	2025-10-06 13:40:55.386477+05:30	f	1 day	25
21	2025-10-06 13:40:55.408827+05:30	2025-10-06 13:40:55.40884+05:30	f	1 day	26
22	2025-10-06 13:40:55.430262+05:30	2025-10-06 13:40:55.430277+05:30	f	1 day	27
23	2025-10-06 13:40:55.450077+05:30	2025-10-06 13:40:55.450098+05:30	f	1 day	28
24	2025-10-07 12:26:27.301592+05:30	2025-10-07 12:26:27.301663+05:30	f	1 day	30
25	2025-10-07 12:26:27.361656+05:30	2025-10-07 12:26:27.361702+05:30	f	1 day	31
26	2025-10-07 12:26:27.416049+05:30	2025-10-07 12:26:27.416107+05:30	f	1 day	32
27	2025-10-07 12:26:27.475013+05:30	2025-10-07 12:26:27.475084+05:30	f	1 day	33
28	2025-10-07 12:31:47.521551+05:30	2025-10-07 12:31:47.521565+05:30	f	5 days	35
29	2025-10-07 12:31:47.567567+05:30	2025-10-07 12:31:47.567586+05:30	f	5 days	36
30	2025-10-07 12:31:47.606848+05:30	2025-10-07 12:31:47.606868+05:30	f	5 days	37
31	2025-10-07 12:31:47.630516+05:30	2025-10-07 12:31:47.630533+05:30	f	5 days	38
32	2025-10-07 13:38:11.445526+05:30	2025-10-07 13:38:11.445537+05:30	f	2 days	40
33	2025-10-07 13:38:11.460682+05:30	2025-10-07 13:38:11.460693+05:30	f	2 days	41
34	2025-10-07 13:38:11.47534+05:30	2025-10-07 13:38:11.47535+05:30	f	2 days	42
35	2025-10-07 13:38:11.489733+05:30	2025-10-07 13:38:11.489743+05:30	f	2 days	43
36	2025-10-07 13:40:34.206057+05:30	2025-10-07 13:40:34.20607+05:30	f	5 days	45
37	2025-10-07 13:40:34.226059+05:30	2025-10-07 13:40:34.226078+05:30	f	5 days	46
38	2025-10-07 13:40:34.243234+05:30	2025-10-07 13:40:34.243243+05:30	f	5 days	47
39	2025-10-07 13:40:34.257574+05:30	2025-10-07 13:40:34.257585+05:30	f	5 days	48
40	2025-10-07 13:40:34.272164+05:30	2025-10-07 13:40:34.272173+05:30	f	5 days	49
41	2025-10-07 13:40:34.286708+05:30	2025-10-07 13:40:34.286718+05:30	f	5 days	50
42	2025-10-07 13:40:34.305176+05:30	2025-10-07 13:40:34.305186+05:30	f	5 days	51
43	2025-10-07 15:23:09.376747+05:30	2025-10-07 15:23:09.376757+05:30	f	1 day	53
44	2025-10-07 15:23:09.390176+05:30	2025-10-07 15:23:09.390193+05:30	f	2 days	54
45	2025-10-07 15:23:09.401579+05:30	2025-10-07 15:23:09.40159+05:30	f	2 days	55
46	2025-10-07 15:23:09.412504+05:30	2025-10-07 15:23:09.412514+05:30	f	2 days	56
47	2025-10-07 15:23:09.427211+05:30	2025-10-07 15:23:09.427223+05:30	f	2 days	57
\.


--
-- Data for Name: ticketworkflowapp_workflowsla_roles; Type: TABLE DATA; Schema: public; Owner: postgres
--

COPY public.ticketworkflowapp_workflowsla_roles (id, workflowsla_id, role_id) FROM stdin;
1	1	9
2	2	2
3	3	2
4	4	2
5	5	9
6	6	4
7	7	4
8	8	9
9	8	4
10	8	5
11	9	4
12	9	5
13	10	8
14	10	9
15	11	4
16	12	4
17	13	9
18	14	4
19	15	4
20	15	5
21	16	4
22	16	5
23	17	4
24	18	4
25	19	6
26	20	2
27	21	4
28	22	9
29	23	6
30	24	11
31	25	11
32	26	3
33	27	3
34	28	9
35	29	9
36	29	3
37	30	4
38	31	3
39	32	9
40	33	2
41	34	4
42	35	3
43	36	12
44	37	2
45	38	9
46	39	3
47	40	2
48	40	3
49	40	4
50	41	2
51	41	3
52	42	3
53	43	2
54	43	3
55	44	6
56	45	12
57	46	2
58	47	3
\.


--
-- Data for Name: ticketworkflowapp_workflowsla_users; Type: TABLE DATA; Schema: public; Owner: postgres
--

COPY public.ticketworkflowapp_workflowsla_users (id, workflowsla_id, employee_id) FROM stdin;
1	1	4
2	2	2
3	3	2
4	4	2
5	5	4
6	6	5
7	7	5
8	8	4
9	8	5
10	8	6
11	9	5
12	9	6
13	10	10
14	10	4
15	11	5
16	12	5
17	13	4
18	14	5
19	15	5
20	15	6
21	16	5
22	16	6
23	17	5
24	18	5
25	19	8
26	20	2
27	21	5
28	22	4
29	23	8
30	24	12
31	25	12
32	26	3
33	27	3
34	28	4
35	29	3
36	29	4
37	30	5
38	31	3
39	32	4
40	33	2
41	34	5
42	35	3
43	36	13
44	37	2
45	38	4
46	39	3
47	40	2
48	40	3
49	40	5
50	41	2
51	41	3
52	42	3
53	43	2
54	43	3
55	44	8
56	45	13
57	46	2
58	47	3
\.


--
-- Data for Name: ticketworkflowapp_workflowstage; Type: TABLE DATA; Schema: public; Owner: postgres
--

COPY public.ticketworkflowapp_workflowstage (id, created_on, updated_on, is_deleted, name, is_initial_stage, "position", send_email, required_previous_stage_id, workflow_id) FROM stdin;
1	2025-10-03 17:30:26.91963+05:30	2025-10-03 17:30:26.919678+05:30	f	Request Submission Form	t	{"x": 12, "y": 12}	f	\N	1
2	2025-10-03 17:30:26.944425+05:30	2025-10-03 17:30:26.944459+05:30	f	Admin Review And Approval	f	{"x": 12, "y": 124}	f	\N	1
3	2025-10-06 11:44:07.767689+05:30	2025-10-06 11:44:07.767725+05:30	f	Problem Identification	t	{"x": 12, "y": 12}	f	\N	3
4	2025-10-06 11:44:07.791946+05:30	2025-10-06 11:44:07.792001+05:30	f	Containment Action	f	{"x": 12, "y": 124}	f	\N	3
5	2025-10-06 11:44:07.850016+05:30	2025-10-06 11:44:07.850051+05:30	f	Root Cause Analysis	f	{"x": 12, "y": 214}	f	\N	3
6	2025-10-06 11:44:07.894512+05:30	2025-10-06 11:44:07.894585+05:30	f	Corrective Action Planning	f	{"x": 12, "y": 326}	f	\N	3
7	2025-10-06 11:44:07.92788+05:30	2025-10-06 11:44:07.927916+05:30	f	Corrective Action Implementation	f	{"x": 12, "y": 438}	f	\N	3
8	2025-10-06 11:44:07.971607+05:30	2025-10-06 11:44:07.971643+05:30	f	Effectiveness Verification	f	{"x": 12, "y": 550}	f	\N	3
9	2025-10-06 11:44:08.015355+05:30	2025-10-06 11:44:08.015391+05:30	f	Preventive Action	f	{"x": 12, "y": 662}	f	\N	3
10	2025-10-06 11:44:08.048199+05:30	2025-10-06 11:44:08.048233+05:30	f	Closure & Management Review	f	{"x": 12, "y": 752}	f	\N	3
11	2025-10-06 12:04:05.77873+05:30	2025-10-06 12:04:05.778752+05:30	f	Supplier Identification & Pre-Qualification	t	{"x": 12, "y": 12}	f	\N	4
12	2025-10-06 12:04:05.803467+05:30	2025-10-06 12:04:05.803486+05:30	f	Supplier Risk Assessment	f	{"x": 12, "y": 146}	f	\N	4
13	2025-10-06 12:04:05.845082+05:30	2025-10-06 12:04:05.845103+05:30	f	Supplier Evaluation	f	{"x": 12, "y": 258}	f	\N	4
14	2025-10-06 12:04:05.872919+05:30	2025-10-06 12:04:05.872941+05:30	f	Commercial Evaluation	f	{"x": 12, "y": 348}	f	\N	4
15	2025-10-06 12:04:05.916768+05:30	2025-10-06 12:04:05.91679+05:30	f	Supplier Selection & Nomination	f	{"x": 12, "y": 460}	f	\N	4
16	2025-10-06 12:04:05.948644+05:30	2025-10-06 12:04:05.948665+05:30	f	Initial Sampling & Test Run	f	{"x": 12, "y": 574}	f	\N	4
17	2025-10-06 12:04:05.977566+05:30	2025-10-06 12:04:05.977586+05:30	f	Supplier Onboarding	f	{"x": 12, "y": 684}	f	\N	4
18	2025-10-06 12:04:06.005827+05:30	2025-10-06 12:04:06.005849+05:30	f	Series Production Monitoring	f	{"x": 12, "y": 796}	f	\N	4
19	2025-10-06 12:04:06.027388+05:30	2025-10-06 12:04:06.02741+05:30	f	Non-Conformance Handling	f	{"x": 12, "y": 908}	f	\N	4
20	2025-10-06 12:04:06.050311+05:30	2025-10-06 12:04:06.050331+05:30	f	Supplier Development	f	{"x": 12, "y": 1020}	f	\N	4
21	2025-10-06 12:04:06.073481+05:30	2025-10-06 12:04:06.073504+05:30	f	Periodic Re-Evaluation	f	{"x": 12, "y": 1132}	f	\N	4
22	2025-10-06 12:04:06.097631+05:30	2025-10-06 12:04:06.097652+05:30	f	Supplier Removal / Exit	f	{"x": 12, "y": 1244}	f	\N	4
23	2025-10-06 13:40:55.359729+05:30	2025-10-06 13:40:55.359743+05:30	f	Initiation	t	{"x": 12, "y": 12}	f	\N	5
24	2025-10-06 13:40:55.369553+05:30	2025-10-06 13:40:55.369567+05:30	f	Risk Identification	f	{"x": 12, "y": 102}	f	\N	5
25	2025-10-06 13:40:55.385719+05:30	2025-10-06 13:40:55.385732+05:30	f	Risk Assessment	f	{"x": 12, "y": 192}	f	\N	5
26	2025-10-06 13:40:55.40786+05:30	2025-10-06 13:40:55.40788+05:30	f	Plan Treatment	f	{"x": 12, "y": 282}	f	\N	5
27	2025-10-06 13:40:55.428511+05:30	2025-10-06 13:40:55.428529+05:30	f	Implement Treatment	f	{"x": 12, "y": 372}	f	\N	5
28	2025-10-06 13:40:55.448716+05:30	2025-10-06 13:40:55.448739+05:30	f	Review & Close	f	{"x": 12, "y": 484}	f	\N	5
29	2025-10-07 12:26:27.263701+05:30	2025-10-07 12:26:27.263743+05:30	f	Initiation	t	{"x": 12, "y": 12}	f	\N	7
30	2025-10-07 12:26:27.298295+05:30	2025-10-07 12:26:27.298335+05:30	f	Perform Audit	f	{"x": 12, "y": 102}	f	\N	7
31	2025-10-07 12:26:27.358239+05:30	2025-10-07 12:26:27.358288+05:30	f	Submit Audit Report	f	{"x": 12, "y": 192}	f	\N	7
32	2025-10-07 12:26:27.412087+05:30	2025-10-07 12:26:27.412205+05:30	f	Non-Conformance Handling	f	{"x": 12, "y": 304}	f	\N	7
33	2025-10-07 12:26:27.471632+05:30	2025-10-07 12:26:27.471672+05:30	f	Audit Completion Review	f	{"x": 12, "y": 416}	f	\N	7
34	2025-10-07 12:31:47.507709+05:30	2025-10-07 12:31:47.507724+05:30	f	Initiation	t	{"x": 12, "y": 12}	f	\N	9
35	2025-10-07 12:31:47.520405+05:30	2025-10-07 12:31:47.520426+05:30	f	Risk Identification	f	{"x": 12, "y": 102}	f	\N	9
36	2025-10-07 12:31:47.56388+05:30	2025-10-07 12:31:47.5639+05:30	f	Risk Evaluation & Assessment	f	{"x": 12, "y": 192}	f	\N	9
37	2025-10-07 12:31:47.605495+05:30	2025-10-07 12:31:47.605516+05:30	f	Risk Control / Mitigation Plan	f	{"x": 12, "y": 304}	f	\N	9
38	2025-10-07 12:31:47.629549+05:30	2025-10-07 12:31:47.629569+05:30	f	Risk Review & Closure	f	{"x": 12, "y": 416}	f	\N	9
39	2025-10-07 13:38:11.437406+05:30	2025-10-07 13:38:11.437422+05:30	f	Initiation	t	{"x": 12, "y": 12}	f	\N	11
40	2025-10-07 13:38:11.444677+05:30	2025-10-07 13:38:11.44469+05:30	f	NC Identification & Containment	f	{"x": 12, "y": 102}	f	\N	11
41	2025-10-07 13:38:11.460023+05:30	2025-10-07 13:38:11.460035+05:30	f	Root Cause Analysis & Action Plan	f	{"x": 12, "y": 214}	f	\N	11
42	2025-10-07 13:38:11.474669+05:30	2025-10-07 13:38:11.474681+05:30	f	Implementation & Verification	f	{"x": 12, "y": 348}	f	\N	11
43	2025-10-07 13:38:11.489081+05:30	2025-10-07 13:38:11.489093+05:30	f	Closure & Documentation	f	{"x": 12, "y": 460}	f	\N	11
44	2025-10-07 13:40:34.19736+05:30	2025-10-07 13:40:34.197378+05:30	f	Ticket Initiation	t	{"x": 12, "y": 12}	f	\N	10
45	2025-10-07 13:40:34.205382+05:30	2025-10-07 13:40:34.205395+05:30	f	Problem Identification & Initial Assessment	f	{"x": 14.736672051696281, "y": 99.26332794830373}	f	\N	10
46	2025-10-07 13:40:34.225075+05:30	2025-10-07 13:40:34.225091+05:30	f	Immediate / Disposition Action	f	{"x": 12, "y": 236}	f	\N	10
47	2025-10-07 13:40:34.242593+05:30	2025-10-07 13:40:34.242606+05:30	f	Root Cause Analysis	f	{"x": 12, "y": 348}	f	\N	10
48	2025-10-07 13:40:34.25696+05:30	2025-10-07 13:40:34.256972+05:30	f	Verification of Root Cause	f	{"x": 12, "y": 438}	f	\N	10
49	2025-10-07 13:40:34.271542+05:30	2025-10-07 13:40:34.271554+05:30	f	Corrective and Preventive Action (CAPA) Definition	f	{"x": 12, "y": 550}	f	\N	10
50	2025-10-07 13:40:34.286044+05:30	2025-10-07 13:40:34.286056+05:30	f	Implementation & Verification of CAPA	f	{"x": 12, "y": 684}	f	\N	10
51	2025-10-07 13:40:34.304523+05:30	2025-10-07 13:40:34.304535+05:30	f	Effectiveness Check & Closure	f	{"x": 12, "y": 796}	f	\N	10
52	2025-10-07 15:23:09.368211+05:30	2025-10-07 15:23:09.368226+05:30	f	Initiation	t	{"x": -72.41379310344828, "y": -768.9655172413793}	f	\N	12
53	2025-10-07 15:23:09.376081+05:30	2025-10-07 15:23:09.376095+05:30	f	Impact Assessment	f	{"x": -75.17241379310346, "y": -694.8275862068966}	f	\N	12
54	2025-10-07 15:23:09.389253+05:30	2025-10-07 15:23:09.389272+05:30	f	Change Plan & Approval	f	{"x": -75.17241379310346, "y": -621.3900862068966}	f	\N	12
55	2025-10-07 15:23:09.40092+05:30	2025-10-07 15:23:09.400933+05:30	f	Implementation	f	{"x": -76.89655172413796, "y": -520.6896551724138}	f	\N	12
56	2025-10-07 15:23:09.411844+05:30	2025-10-07 15:23:09.411856+05:30	f	Verification & Effectiveness Check	f	{"x": -73.44827586206901, "y": -454.3642241379311}	f	\N	12
57	2025-10-07 15:23:09.42651+05:30	2025-10-07 15:23:09.426522+05:30	f	Closure & Documentation	f	{"x": -76.89655172413794, "y": -325.86206896551727}	f	\N	12
\.


--
-- Data for Name: ticketworkflowapp_workflowstageactions; Type: TABLE DATA; Schema: public; Owner: postgres
--

COPY public.ticketworkflowapp_workflowstageactions (id, created_on, updated_on, is_deleted, is_primary, criteria_id, workflow_stage_id, workflow_action_id) FROM stdin;
1	2025-10-03 17:30:26.926295+05:30	2025-10-03 17:30:26.92633+05:30	f	t	1	1	1
2	2025-10-03 17:30:26.95618+05:30	2025-10-03 17:30:26.956213+05:30	f	t	1	2	2
3	2025-10-03 17:30:26.969233+05:30	2025-10-03 17:30:26.969268+05:30	f	t	1	2	3
4	2025-10-06 11:44:07.775348+05:30	2025-10-06 11:44:07.775382+05:30	f	t	1	3	1
5	2025-10-06 11:44:07.824014+05:30	2025-10-06 11:44:07.824046+05:30	f	t	1	4	4
6	2025-10-06 11:44:07.836657+05:30	2025-10-06 11:44:07.836692+05:30	f	t	1	4	5
7	2025-10-06 11:44:07.870121+05:30	2025-10-06 11:44:07.870153+05:30	f	t	1	5	6
8	2025-10-06 11:44:07.881002+05:30	2025-10-06 11:44:07.881037+05:30	f	t	1	5	3
9	2025-10-06 11:44:07.914638+05:30	2025-10-06 11:44:07.914672+05:30	f	t	1	6	7
10	2025-10-06 11:44:07.947593+05:30	2025-10-06 11:44:07.947626+05:30	f	t	1	7	8
11	2025-10-06 11:44:07.958308+05:30	2025-10-06 11:44:07.958342+05:30	f	t	1	7	5
12	2025-10-06 11:44:07.991354+05:30	2025-10-06 11:44:07.991386+05:30	f	t	1	8	12
13	2025-10-06 11:44:08.002196+05:30	2025-10-06 11:44:08.00223+05:30	f	t	1	8	3
14	2025-10-06 11:44:08.035797+05:30	2025-10-06 11:44:08.03583+05:30	f	t	1	9	14
15	2025-10-06 11:44:08.067163+05:30	2025-10-06 11:44:08.067195+05:30	f	t	1	10	15
16	2025-10-06 12:04:05.789548+05:30	2025-10-06 12:04:05.789572+05:30	f	t	1	11	1
17	2025-10-06 12:04:05.832459+05:30	2025-10-06 12:04:05.832481+05:30	f	t	1	12	9
18	2025-10-06 12:04:05.863607+05:30	2025-10-06 12:04:05.86363+05:30	f	t	1	13	10
19	2025-10-06 12:04:05.886592+05:30	2025-10-06 12:04:05.886611+05:30	f	t	1	14	2
20	2025-10-06 12:04:05.9035+05:30	2025-10-06 12:04:05.903523+05:30	f	t	1	14	3
21	2025-10-06 12:04:05.932772+05:30	2025-10-06 12:04:05.932795+05:30	f	t	1	15	11
22	2025-10-06 12:04:05.939801+05:30	2025-10-06 12:04:05.939822+05:30	f	t	1	15	5
23	2025-10-06 12:04:05.961827+05:30	2025-10-06 12:04:05.961849+05:30	f	t	1	16	13
24	2025-10-06 12:04:05.969101+05:30	2025-10-06 12:04:05.969128+05:30	f	t	1	16	3
25	2025-10-06 12:04:05.990008+05:30	2025-10-06 12:04:05.990102+05:30	f	t	1	17	16
26	2025-10-06 12:04:05.996809+05:30	2025-10-06 12:04:05.996829+05:30	f	t	1	17	5
27	2025-10-06 12:04:06.018627+05:30	2025-10-06 12:04:06.018646+05:30	f	t	1	18	17
28	2025-10-06 12:04:06.041744+05:30	2025-10-06 12:04:06.041765+05:30	f	t	1	19	18
29	2025-10-06 12:04:06.06363+05:30	2025-10-06 12:04:06.063651+05:30	f	t	1	20	19
30	2025-10-06 12:04:06.087328+05:30	2025-10-06 12:04:06.087349+05:30	f	t	1	21	20
31	2025-10-06 12:04:06.110299+05:30	2025-10-06 12:04:06.11032+05:30	f	t	1	22	15
32	2025-10-06 12:04:06.119858+05:30	2025-10-06 12:04:06.11988+05:30	f	t	1	22	3
33	2025-10-06 13:40:55.362803+05:30	2025-10-06 13:40:55.362816+05:30	f	t	1	23	1
34	2025-10-06 13:40:55.379104+05:30	2025-10-06 13:40:55.379117+05:30	f	t	1	24	21
35	2025-10-06 13:40:55.393934+05:30	2025-10-06 13:40:55.393953+05:30	f	t	1	25	2
36	2025-10-06 13:40:55.400393+05:30	2025-10-06 13:40:55.400414+05:30	f	t	1	25	3
37	2025-10-06 13:40:55.420332+05:30	2025-10-06 13:40:55.420352+05:30	f	t	1	26	22
38	2025-10-06 13:40:55.440002+05:30	2025-10-06 13:40:55.440016+05:30	f	t	1	27	14
39	2025-10-06 13:40:55.459368+05:30	2025-10-06 13:40:55.459384+05:30	f	t	1	28	23
40	2025-10-07 12:26:27.274501+05:30	2025-10-07 12:26:27.27454+05:30	f	t	1	29	1
41	2025-10-07 12:26:27.337175+05:30	2025-10-07 12:26:27.337239+05:30	f	t	1	30	21
42	2025-10-07 12:26:27.389302+05:30	2025-10-07 12:26:27.389357+05:30	f	t	1	31	21
43	2025-10-07 12:26:27.450563+05:30	2025-10-07 12:26:27.45062+05:30	f	t	1	32	9
44	2025-10-07 12:26:27.505618+05:30	2025-10-07 12:26:27.505672+05:30	f	t	1	33	2
45	2025-10-07 12:31:47.51053+05:30	2025-10-07 12:31:47.510551+05:30	f	t	1	34	1
46	2025-10-07 12:31:47.536565+05:30	2025-10-07 12:31:47.536583+05:30	f	t	1	35	2
47	2025-10-07 12:31:47.549695+05:30	2025-10-07 12:31:47.549714+05:30	f	t	1	35	3
48	2025-10-07 12:31:47.583857+05:30	2025-10-07 12:31:47.583877+05:30	f	t	1	36	2
49	2025-10-07 12:31:47.592918+05:30	2025-10-07 12:31:47.592937+05:30	f	t	1	36	5
50	2025-10-07 12:31:47.598437+05:30	2025-10-07 12:31:47.598456+05:30	f	t	1	36	3
51	2025-10-07 12:31:47.616735+05:30	2025-10-07 12:31:47.616755+05:30	f	t	1	37	2
52	2025-10-07 12:31:47.622652+05:30	2025-10-07 12:31:47.622672+05:30	f	t	1	37	5
53	2025-10-07 12:31:47.639842+05:30	2025-10-07 12:31:47.639862+05:30	f	t	1	38	2
54	2025-10-07 12:31:47.645546+05:30	2025-10-07 12:31:47.645566+05:30	f	t	1	38	5
55	2025-10-07 13:38:11.439669+05:30	2025-10-07 13:38:11.439683+05:30	f	t	1	39	1
56	2025-10-07 13:38:11.452135+05:30	2025-10-07 13:38:11.452146+05:30	f	t	1	40	2
57	2025-10-07 13:38:11.455484+05:30	2025-10-07 13:38:11.455496+05:30	f	t	1	40	5
58	2025-10-07 13:38:11.466566+05:30	2025-10-07 13:38:11.466578+05:30	f	t	1	41	2
59	2025-10-07 13:38:11.470176+05:30	2025-10-07 13:38:11.470188+05:30	f	t	1	41	5
60	2025-10-07 13:38:11.481257+05:30	2025-10-07 13:38:11.481267+05:30	f	t	1	42	2
61	2025-10-07 13:38:11.484778+05:30	2025-10-07 13:38:11.48479+05:30	f	t	1	42	5
62	2025-10-07 13:38:11.495547+05:30	2025-10-07 13:38:11.495558+05:30	f	t	1	43	2
63	2025-10-07 13:38:11.499097+05:30	2025-10-07 13:38:11.499119+05:30	f	t	1	43	5
64	2025-10-07 13:38:11.502722+05:30	2025-10-07 13:38:11.502733+05:30	f	t	1	43	3
65	2025-10-07 13:40:34.199888+05:30	2025-10-07 13:40:34.199905+05:30	f	t	1	44	1
66	2025-10-07 13:40:34.213615+05:30	2025-10-07 13:40:34.213627+05:30	f	t	1	45	2
67	2025-10-07 13:40:34.218606+05:30	2025-10-07 13:40:34.218626+05:30	f	t	1	45	5
68	2025-10-07 13:40:34.23423+05:30	2025-10-07 13:40:34.234245+05:30	f	t	1	46	2
69	2025-10-07 13:40:34.238177+05:30	2025-10-07 13:40:34.238189+05:30	f	t	1	46	5
70	2025-10-07 13:40:34.24902+05:30	2025-10-07 13:40:34.249031+05:30	f	t	1	47	2
71	2025-10-07 13:40:34.252576+05:30	2025-10-07 13:40:34.252588+05:30	f	t	1	47	5
72	2025-10-07 13:40:34.263599+05:30	2025-10-07 13:40:34.26361+05:30	f	t	1	48	2
73	2025-10-07 13:40:34.267225+05:30	2025-10-07 13:40:34.267237+05:30	f	t	1	48	5
74	2025-10-07 13:40:34.277911+05:30	2025-10-07 13:40:34.277923+05:30	f	t	1	49	2
75	2025-10-07 13:40:34.281536+05:30	2025-10-07 13:40:34.281548+05:30	f	t	1	49	5
76	2025-10-07 13:40:34.292624+05:30	2025-10-07 13:40:34.292636+05:30	f	t	1	50	2
77	2025-10-07 13:40:34.296294+05:30	2025-10-07 13:40:34.296306+05:30	f	t	1	50	5
78	2025-10-07 13:40:34.299957+05:30	2025-10-07 13:40:34.299969+05:30	f	t	1	50	3
79	2025-10-07 13:40:34.311157+05:30	2025-10-07 13:40:34.311168+05:30	f	t	1	51	2
80	2025-10-07 13:40:34.314722+05:30	2025-10-07 13:40:34.314735+05:30	f	t	1	51	5
81	2025-10-07 13:40:34.318323+05:30	2025-10-07 13:40:34.318335+05:30	f	t	1	51	3
82	2025-10-07 15:23:09.370637+05:30	2025-10-07 15:23:09.370651+05:30	f	t	1	52	1
83	2025-10-07 15:23:09.383982+05:30	2025-10-07 15:23:09.383993+05:30	f	t	1	53	9
84	2025-10-07 15:23:09.396604+05:30	2025-10-07 15:23:09.396615+05:30	f	t	1	54	2
85	2025-10-07 15:23:09.407473+05:30	2025-10-07 15:23:09.407484+05:30	f	t	1	55	21
86	2025-10-07 15:23:09.418378+05:30	2025-10-07 15:23:09.41839+05:30	f	t	1	56	12
87	2025-10-07 15:23:09.42207+05:30	2025-10-07 15:23:09.422082+05:30	f	t	1	56	3
88	2025-10-07 15:23:09.433153+05:30	2025-10-07 15:23:09.433165+05:30	f	t	1	57	14
\.


--
-- Data for Name: ticketworkflowapp_workflowstageactions_allowed_roles; Type: TABLE DATA; Schema: public; Owner: postgres
--

COPY public.ticketworkflowapp_workflowstageactions_allowed_roles (id, workflowstageactions_id, role_id) FROM stdin;
1	2	1
2	3	1
3	5	9
4	6	9
5	7	2
6	8	2
7	9	2
8	10	2
9	11	2
10	12	9
11	13	9
12	14	4
13	15	4
14	17	9
15	17	4
16	17	5
17	18	4
18	18	5
19	19	8
20	19	9
21	20	8
22	20	9
23	21	4
24	22	4
25	23	4
26	24	4
27	25	9
28	26	9
29	27	4
30	28	4
31	28	5
32	29	4
33	29	5
34	30	4
35	31	4
36	32	4
37	34	6
38	35	2
39	36	2
40	37	4
41	38	9
42	39	6
43	41	11
44	42	11
45	43	3
46	44	3
47	46	9
48	47	9
49	48	9
50	48	3
51	49	9
52	49	3
53	50	9
54	50	3
55	51	4
56	52	4
57	53	3
58	54	3
59	56	9
60	57	9
61	58	2
62	59	2
63	60	4
64	61	4
65	62	3
66	63	3
67	64	3
68	66	12
69	67	12
70	68	2
71	69	2
72	70	9
73	71	9
74	72	3
75	73	3
76	74	2
77	74	3
78	74	4
79	75	2
80	75	3
81	75	4
82	76	2
83	76	3
84	77	2
85	77	3
86	78	2
87	78	3
88	79	3
89	80	3
90	81	3
91	83	2
92	83	3
93	84	6
94	85	12
95	86	2
96	87	2
97	88	3
\.


--
-- Data for Name: ticketworkflowapp_workflowstageactions_allowed_users; Type: TABLE DATA; Schema: public; Owner: postgres
--

COPY public.ticketworkflowapp_workflowstageactions_allowed_users (id, workflowstageactions_id, employee_id) FROM stdin;
1	2	1
2	3	1
3	5	4
4	6	4
5	7	2
6	8	2
7	9	2
8	10	2
9	11	2
10	12	4
11	13	4
12	14	5
13	15	5
14	17	4
15	17	5
16	17	6
17	18	5
18	18	6
19	19	10
20	19	4
21	20	10
22	20	4
23	21	5
24	22	5
25	23	5
26	24	5
27	25	4
28	26	4
29	27	5
30	28	5
31	28	6
32	29	5
33	29	6
34	30	5
35	31	5
36	32	5
37	34	8
38	35	2
39	36	2
40	37	5
41	38	4
42	39	8
43	41	12
44	42	12
45	43	3
46	44	3
47	46	4
48	47	4
49	48	3
50	48	4
51	49	3
52	49	4
53	50	3
54	50	4
55	51	5
56	52	5
57	53	3
58	54	3
59	56	4
60	57	4
61	58	2
62	59	2
63	60	5
64	61	5
65	62	3
66	63	3
67	64	3
68	66	13
69	67	13
70	68	2
71	69	2
72	70	4
73	71	4
74	72	3
75	73	3
76	74	2
77	74	3
78	74	5
79	75	2
80	75	3
81	75	5
82	76	2
83	76	3
84	77	2
85	77	3
86	78	2
87	78	3
88	79	3
89	80	3
90	81	3
91	83	2
92	83	3
93	84	8
94	85	13
95	86	2
96	87	2
97	88	3
\.


--
-- Data for Name: ticketworkflowapp_workflowstagesignature; Type: TABLE DATA; Schema: public; Owner: postgres
--

COPY public.ticketworkflowapp_workflowstagesignature (id, created_on, updated_on, is_deleted, is_invalid, invalidated_at, invalidated_reason, username, reason, signed_at, action_id, invalidated_by_id, signed_by_id, stage_id, ticket_id) FROM stdin;
1	2025-10-06 10:41:27.507318+05:30	2025-10-06 10:41:27.507332+05:30	f	f	\N	\N	info@nexgensis.com	Create flow	2025-10-06 10:41:27.507369+05:30	1	\N	1	1	1
2	2025-10-06 10:42:32.010281+05:30	2025-10-06 10:42:32.010296+05:30	f	f	\N	\N	info@nexgensis.com	ok	2025-10-06 10:42:32.010332+05:30	2	\N	1	2	1
3	2025-10-06 11:22:08.156872+05:30	2025-10-06 11:22:08.156886+05:30	f	f	\N	\N	info@nexgensis.com	ok	2025-10-06 11:22:08.156927+05:30	1	\N	1	1	2
4	2025-10-06 11:22:36.76113+05:30	2025-10-06 11:22:36.761144+05:30	f	f	\N	\N	info@nexgensis.com	ok	2025-10-06 11:22:36.761182+05:30	2	\N	1	2	2
5	2025-10-06 13:32:09.06481+05:30	2025-10-06 13:32:09.064821+05:30	f	f	\N	\N	info@nexgensis.com	ok	2025-10-06 13:32:09.064853+05:30	1	\N	1	1	3
6	2025-10-06 13:32:37.163872+05:30	2025-10-06 13:32:37.163888+05:30	f	f	\N	\N	info@nexgensis.com	k	2025-10-06 13:32:37.163941+05:30	2	\N	1	2	3
7	2025-10-07 12:01:43.083702+05:30	2025-10-07 12:01:43.083724+05:30	f	f	\N	\N	info@nexgensis.com	Request raised	2025-10-07 12:01:43.083811+05:30	1	\N	1	1	4
8	2025-10-07 12:02:06.441768+05:30	2025-10-07 12:02:06.441782+05:30	f	f	\N	\N	info@nexgensis.com	ok	2025-10-07 12:02:06.441819+05:30	2	\N	1	2	4
9	2025-10-07 12:11:34.92143+05:30	2025-10-07 12:11:34.921444+05:30	f	f	\N	\N	info@nexgensis.com	ok	2025-10-07 12:11:34.921481+05:30	1	\N	1	1	5
10	2025-10-07 12:11:56.656463+05:30	2025-10-07 12:11:56.656477+05:30	f	f	\N	\N	info@nexgensis.com	ok	2025-10-07 12:11:56.656513+05:30	2	\N	1	2	5
11	2025-10-07 12:22:41.731696+05:30	2025-10-07 12:22:41.73171+05:30	f	f	\N	\N	info@nexgensis.com	ok	2025-10-07 12:22:41.731749+05:30	1	\N	1	1	6
12	2025-10-07 12:23:03.066992+05:30	2025-10-07 12:23:03.067005+05:30	f	f	\N	\N	info@nexgensis.com	ok	2025-10-07 12:23:03.067043+05:30	2	\N	1	2	6
13	2025-10-07 13:16:43.456328+05:30	2025-10-07 13:16:43.45634+05:30	f	f	\N	\N	info@nexgensis.com	ok	2025-10-07 13:16:43.456372+05:30	1	\N	1	1	7
14	2025-10-07 13:17:01.404169+05:30	2025-10-07 13:17:01.404183+05:30	f	f	\N	\N	info@nexgensis.com	ok	2025-10-07 13:17:01.40422+05:30	2	\N	1	2	7
15	2025-10-07 13:29:26.336876+05:30	2025-10-07 13:29:26.336896+05:30	f	f	\N	\N	info@nexgensis.com	ok	2025-10-07 13:29:26.33695+05:30	1	\N	1	1	8
16	2025-10-07 13:29:43.206755+05:30	2025-10-07 13:29:43.206767+05:30	f	f	\N	\N	info@nexgensis.com	koo	2025-10-07 13:29:43.206802+05:30	2	\N	1	2	8
17	2025-10-07 15:13:36.557051+05:30	2025-10-07 15:13:36.557063+05:30	f	f	\N	\N	info@nexgensis.com	ok	2025-10-07 15:13:36.557094+05:30	1	\N	1	1	9
18	2025-10-07 15:14:01.495546+05:30	2025-10-07 15:14:01.495561+05:30	f	f	\N	\N	info@nexgensis.com	ok	2025-10-07 15:14:01.495598+05:30	2	\N	1	2	9
\.


--
-- Data for Name: ticketworkflowapp_workflowstagestatus; Type: TABLE DATA; Schema: public; Owner: postgres
--

COPY public.ticketworkflowapp_workflowstagestatus (id, created_on, updated_on, is_deleted, name) FROM stdin;
1	2025-10-03 15:40:09.375931+05:30	2025-10-03 15:40:09.375945+05:30	f	Initiate
2	2025-10-03 17:29:41.39952+05:30	2025-10-03 17:29:41.399557+05:30	f	Approve
3	2025-10-03 17:30:10.520659+05:30	2025-10-03 17:30:10.520685+05:30	f	Reject
4	2025-10-06 10:44:17.587692+05:30	2025-10-06 10:44:17.587727+05:30	f	Contained
5	2025-10-06 10:44:59.663089+05:30	2025-10-06 10:44:59.663129+05:30	f	Return
6	2025-10-06 10:46:09.624272+05:30	2025-10-06 10:46:09.624334+05:30	f	Analyzed
7	2025-10-06 10:48:27.30386+05:30	2025-10-06 10:48:27.303897+05:30	f	Planned
8	2025-10-06 10:50:53.541284+05:30	2025-10-06 10:50:53.541321+05:30	f	Implemented
9	2025-10-06 11:24:04.591453+05:30	2025-10-06 11:24:04.591468+05:30	f	Assessed
10	2025-10-06 11:27:12.405807+05:30	2025-10-06 11:27:12.405845+05:30	f	Evaluate
11	2025-10-06 11:37:20.702953+05:30	2025-10-06 11:37:20.702974+05:30	f	Select
12	2025-10-06 11:40:17.39117+05:30	2025-10-06 11:40:17.391204+05:30	f	Verified
13	2025-10-06 11:41:40.858254+05:30	2025-10-06 11:41:40.858289+05:30	f	Sampling
14	2025-10-06 11:42:08.811146+05:30	2025-10-06 11:42:08.811182+05:30	f	Complete
15	2025-10-06 11:43:14.708242+05:30	2025-10-06 11:43:14.708259+05:30	f	Closed
16	2025-10-06 11:43:15.997455+05:30	2025-10-06 11:43:15.99748+05:30	f	Onboard
17	2025-10-06 11:46:20.208812+05:30	2025-10-06 11:46:20.20885+05:30	f	Monitor
18	2025-10-06 11:53:01.911863+05:30	2025-10-06 11:53:01.911899+05:30	f	Non-Conformance
19	2025-10-06 11:58:39.719385+05:30	2025-10-06 11:58:39.719409+05:30	f	Developed
20	2025-10-06 12:00:34.975101+05:30	2025-10-06 12:00:34.975139+05:30	f	Re-Evaluation
21	2025-10-06 13:35:14.248259+05:30	2025-10-06 13:35:14.24829+05:30	f	Submit
22	2025-10-06 13:37:24.115926+05:30	2025-10-06 13:37:24.115941+05:30	f	Treatment Planned
23	2025-10-06 13:39:26.280073+05:30	2025-10-06 13:39:26.280113+05:30	f	Reviewed
\.


--
-- Data for Name: ticketworkflowapp_workflowticketapprovalrequest; Type: TABLE DATA; Schema: public; Owner: postgres
--

COPY public.ticketworkflowapp_workflowticketapprovalrequest (id, created_on, updated_on, is_deleted, ticket_id, workflow_id) FROM stdin;
1	2025-10-06 10:41:27.517904+05:30	2025-10-06 10:41:27.517918+05:30	f	1	3
2	2025-10-06 11:22:08.165704+05:30	2025-10-06 11:22:08.165718+05:30	f	2	4
3	2025-10-06 13:32:09.073042+05:30	2025-10-06 13:32:09.073053+05:30	f	3	5
4	2025-10-07 12:01:43.09699+05:30	2025-10-07 12:01:43.097007+05:30	f	4	7
5	2025-10-07 12:11:34.92897+05:30	2025-10-07 12:11:34.928983+05:30	f	5	8
6	2025-10-07 12:22:41.739865+05:30	2025-10-07 12:22:41.739879+05:30	f	6	9
7	2025-10-07 13:16:43.463225+05:30	2025-10-07 13:16:43.463244+05:30	f	7	10
8	2025-10-07 13:29:26.344628+05:30	2025-10-07 13:29:26.34464+05:30	f	8	11
9	2025-10-07 15:13:36.564078+05:30	2025-10-07 15:13:36.564091+05:30	f	9	12
\.


--
-- Data for Name: ticketworkflowapp_workflowtransition; Type: TABLE DATA; Schema: public; Owner: postgres
--

COPY public.ticketworkflowapp_workflowtransition (id, created_on, updated_on, is_deleted, is_mandatory_approval, from_stage_id, to_stage_id, workflow_id) FROM stdin;
1	2025-10-03 17:30:26.980662+05:30	2025-10-03 17:30:26.980696+05:30	f	f	1	2	1
2	2025-10-06 11:44:08.077997+05:30	2025-10-06 11:44:08.078031+05:30	f	f	3	4	3
3	2025-10-06 11:44:08.081445+05:30	2025-10-06 11:44:08.081479+05:30	f	f	4	5	3
4	2025-10-06 11:44:08.083236+05:30	2025-10-06 11:44:08.083268+05:30	f	f	5	6	3
5	2025-10-06 11:44:08.084957+05:30	2025-10-06 11:44:08.084988+05:30	f	f	6	7	3
6	2025-10-06 11:44:08.086659+05:30	2025-10-06 11:44:08.08669+05:30	f	f	7	8	3
7	2025-10-06 11:44:08.088294+05:30	2025-10-06 11:44:08.088325+05:30	f	f	8	9	3
8	2025-10-06 11:44:08.089965+05:30	2025-10-06 11:44:08.089996+05:30	f	f	9	10	3
9	2025-10-06 12:04:06.126517+05:30	2025-10-06 12:04:06.126549+05:30	f	f	11	12	4
10	2025-10-06 12:04:06.127974+05:30	2025-10-06 12:04:06.127994+05:30	f	f	12	13	4
11	2025-10-06 12:04:06.129145+05:30	2025-10-06 12:04:06.129166+05:30	f	f	13	14	4
12	2025-10-06 12:04:06.130278+05:30	2025-10-06 12:04:06.130299+05:30	f	f	14	15	4
13	2025-10-06 12:04:06.131387+05:30	2025-10-06 12:04:06.131407+05:30	f	f	15	16	4
14	2025-10-06 12:04:06.132518+05:30	2025-10-06 12:04:06.132552+05:30	f	f	16	17	4
15	2025-10-06 12:04:06.133759+05:30	2025-10-06 12:04:06.13378+05:30	f	f	17	18	4
16	2025-10-06 12:04:06.134713+05:30	2025-10-06 12:04:06.134726+05:30	f	f	18	19	4
17	2025-10-06 12:04:06.135636+05:30	2025-10-06 12:04:06.135657+05:30	f	f	19	20	4
18	2025-10-06 12:04:06.136936+05:30	2025-10-06 12:04:06.13695+05:30	f	f	20	21	4
19	2025-10-06 12:04:06.137742+05:30	2025-10-06 12:04:06.137756+05:30	f	f	21	22	4
20	2025-10-06 13:40:55.464121+05:30	2025-10-06 13:40:55.464161+05:30	f	f	23	24	5
21	2025-10-06 13:40:55.465481+05:30	2025-10-06 13:40:55.465521+05:30	f	f	24	25	5
22	2025-10-06 13:40:55.466508+05:30	2025-10-06 13:40:55.466527+05:30	f	f	25	26	5
23	2025-10-06 13:40:55.467345+05:30	2025-10-06 13:40:55.467359+05:30	f	f	26	27	5
24	2025-10-06 13:40:55.468097+05:30	2025-10-06 13:40:55.468109+05:30	f	f	27	28	5
25	2025-10-07 12:26:27.519968+05:30	2025-10-07 12:26:27.520007+05:30	f	f	29	30	7
26	2025-10-07 12:26:27.522916+05:30	2025-10-07 12:26:27.522954+05:30	f	f	30	31	7
27	2025-10-07 12:26:27.525749+05:30	2025-10-07 12:26:27.525803+05:30	f	f	31	32	7
28	2025-10-07 12:26:27.528791+05:30	2025-10-07 12:26:27.528847+05:30	f	f	32	33	7
29	2025-10-07 12:31:47.65118+05:30	2025-10-07 12:31:47.651199+05:30	f	f	34	35	9
30	2025-10-07 12:31:47.652485+05:30	2025-10-07 12:31:47.652507+05:30	f	f	35	36	9
31	2025-10-07 12:31:47.653511+05:30	2025-10-07 12:31:47.653529+05:30	f	f	36	37	9
32	2025-10-07 12:31:47.65667+05:30	2025-10-07 12:31:47.656693+05:30	f	f	37	38	9
33	2025-10-07 13:38:11.506302+05:30	2025-10-07 13:38:11.506314+05:30	f	f	39	40	11
34	2025-10-07 13:38:11.507082+05:30	2025-10-07 13:38:11.507093+05:30	f	f	40	41	11
35	2025-10-07 13:38:11.507665+05:30	2025-10-07 13:38:11.507675+05:30	f	f	41	42	11
36	2025-10-07 13:38:11.508224+05:30	2025-10-07 13:38:11.508234+05:30	f	f	42	43	11
37	2025-10-07 13:40:34.321997+05:30	2025-10-07 13:40:34.322009+05:30	f	f	44	45	10
38	2025-10-07 13:40:34.322775+05:30	2025-10-07 13:40:34.322786+05:30	f	f	45	46	10
39	2025-10-07 13:40:34.323349+05:30	2025-10-07 13:40:34.323359+05:30	f	f	46	47	10
40	2025-10-07 13:40:34.323927+05:30	2025-10-07 13:40:34.323937+05:30	f	f	47	48	10
41	2025-10-07 13:40:34.324487+05:30	2025-10-07 13:40:34.324496+05:30	f	f	48	49	10
42	2025-10-07 13:40:34.325032+05:30	2025-10-07 13:40:34.325042+05:30	f	f	49	50	10
43	2025-10-07 13:40:34.325644+05:30	2025-10-07 13:40:34.325658+05:30	f	f	50	51	10
44	2025-10-07 15:23:09.436741+05:30	2025-10-07 15:23:09.436753+05:30	f	f	52	53	12
45	2025-10-07 15:23:09.437532+05:30	2025-10-07 15:23:09.437544+05:30	f	f	53	54	12
46	2025-10-07 15:23:09.438083+05:30	2025-10-07 15:23:09.438092+05:30	f	f	54	55	12
47	2025-10-07 15:23:09.438656+05:30	2025-10-07 15:23:09.438667+05:30	f	f	55	56	12
48	2025-10-07 15:23:09.439223+05:30	2025-10-07 15:23:09.439234+05:30	f	f	56	57	12
\.


--
-- Data for Name: ticketworkflowapp_workflowtype; Type: TABLE DATA; Schema: public; Owner: postgres
--

COPY public.ticketworkflowapp_workflowtype (id, created_on, updated_on, is_deleted, name) FROM stdin;
1	2025-10-03 15:40:05.219842+05:30	2025-10-03 15:40:05.219911+05:30	f	General
2	2025-10-03 17:31:25.367776+05:30	2025-10-03 17:31:25.367811+05:30	f	CAPA
3	2025-10-06 11:21:02.36815+05:30	2025-10-06 11:21:02.36817+05:30	f	Supplier
4	2025-10-06 13:26:15.117829+05:30	2025-10-06 13:26:15.117843+05:30	f	Risk Management
5	2025-10-07 11:58:36.125027+05:30	2025-10-07 11:58:36.125082+05:30	f	Audit
6	2025-10-07 13:28:45.486726+05:30	2025-10-07 13:28:45.486746+05:30	f	Non Compliant
\.


--
-- Data for Name: tms_option; Type: TABLE DATA; Schema: public; Owner: postgres
--

COPY public.tms_option (id, text, is_correct, question_id) FROM stdin;
\.


--
-- Data for Name: tms_question; Type: TABLE DATA; Schema: public; Owner: postgres
--

COPY public.tms_question (id, text, explanation, quiz_id) FROM stdin;
\.


--
-- Data for Name: tms_quiz; Type: TABLE DATA; Schema: public; Owner: postgres
--

COPY public.tms_quiz (id, title, description, time_limit, is_active, created_at) FROM stdin;
\.


--
-- Data for Name: tms_submittedanswer; Type: TABLE DATA; Schema: public; Owner: postgres
--

COPY public.tms_submittedanswer (id, is_right, option_id, question_id, ticket_id, user_id) FROM stdin;
\.


--
-- Data for Name: tms_tags; Type: TABLE DATA; Schema: public; Owner: postgres
--

COPY public.tms_tags (id, name, is_deleted) FROM stdin;
\.


--
-- Data for Name: tms_trainingassign; Type: TABLE DATA; Schema: public; Owner: postgres
--

COPY public.tms_trainingassign (id, assigned_at, expiry, assigned_by_id, assigned_to_id, ticket_id, module_id) FROM stdin;
\.


--
-- Data for Name: tms_trainingassign_course; Type: TABLE DATA; Schema: public; Owner: postgres
--

COPY public.tms_trainingassign_course (id, trainingassign_id, trainingcourse_id) FROM stdin;
\.


--
-- Data for Name: tms_trainingcategory; Type: TABLE DATA; Schema: public; Owner: postgres
--

COPY public.tms_trainingcategory (id, name, description, is_deleted) FROM stdin;
\.


--
-- Data for Name: tms_trainingchapters; Type: TABLE DATA; Schema: public; Owner: postgres
--

COPY public.tms_trainingchapters (id, title, duration, content, course_id) FROM stdin;
\.


--
-- Data for Name: tms_trainingchapters_tag; Type: TABLE DATA; Schema: public; Owner: postgres
--

COPY public.tms_trainingchapters_tag (id, trainingchapters_id, tags_id) FROM stdin;
\.


--
-- Data for Name: tms_trainingcourse; Type: TABLE DATA; Schema: public; Owner: postgres
--

COPY public.tms_trainingcourse (id, title, description, quiz_id, module_id) FROM stdin;
\.


--
-- Data for Name: tms_trainingcourse_tag; Type: TABLE DATA; Schema: public; Owner: postgres
--

COPY public.tms_trainingcourse_tag (id, trainingcourse_id, tags_id) FROM stdin;
\.


--
-- Data for Name: tms_trainingmodules; Type: TABLE DATA; Schema: public; Owner: postgres
--

COPY public.tms_trainingmodules (id, title, content, category_id) FROM stdin;
\.


--
-- Data for Name: tms_trainingresources; Type: TABLE DATA; Schema: public; Owner: postgres
--

COPY public.tms_trainingresources (id, resource, chapter_id) FROM stdin;
\.


--
-- Data for Name: tms_trainingvideos; Type: TABLE DATA; Schema: public; Owner: postgres
--

COPY public.tms_trainingvideos (id, video, duration, chapter_id) FROM stdin;
\.


--
-- Data for Name: tms_videoprogress; Type: TABLE DATA; Schema: public; Owner: postgres
--

COPY public.tms_videoprogress (id, "current_time", is_completed, ticket_id, user_id, video_id) FROM stdin;
\.


--
-- Name: assetapp_asset_id_seq; Type: SEQUENCE SET; Schema: public; Owner: postgres
--

SELECT pg_catalog.setval('public.assetapp_asset_id_seq', 1, false);


--
-- Name: assetapp_assetcategory_id_seq; Type: SEQUENCE SET; Schema: public; Owner: postgres
--

SELECT pg_catalog.setval('public.assetapp_assetcategory_id_seq', 1, false);


--
-- Name: assetapp_assetcost_id_seq; Type: SEQUENCE SET; Schema: public; Owner: postgres
--

SELECT pg_catalog.setval('public.assetapp_assetcost_id_seq', 1, false);


--
-- Name: assetapp_assetlog_id_seq; Type: SEQUENCE SET; Schema: public; Owner: postgres
--

SELECT pg_catalog.setval('public.assetapp_assetlog_id_seq', 1, false);


--
-- Name: assetapp_assetmaintenance_id_seq; Type: SEQUENCE SET; Schema: public; Owner: postgres
--

SELECT pg_catalog.setval('public.assetapp_assetmaintenance_id_seq', 1, false);


--
-- Name: assetapp_assetmaintenancetype_id_seq; Type: SEQUENCE SET; Schema: public; Owner: postgres
--

SELECT pg_catalog.setval('public.assetapp_assetmaintenancetype_id_seq', 1, false);


--
-- Name: assetapp_assetmaker_id_seq; Type: SEQUENCE SET; Schema: public; Owner: postgres
--

SELECT pg_catalog.setval('public.assetapp_assetmaker_id_seq', 1, false);


--
-- Name: assetapp_assetmonitor_id_seq; Type: SEQUENCE SET; Schema: public; Owner: postgres
--

SELECT pg_catalog.setval('public.assetapp_assetmonitor_id_seq', 1, false);


--
-- Name: assetapp_assetsupervisor_id_seq; Type: SEQUENCE SET; Schema: public; Owner: postgres
--

SELECT pg_catalog.setval('public.assetapp_assetsupervisor_id_seq', 1, false);


--
-- Name: assetapp_assettype_id_seq; Type: SEQUENCE SET; Schema: public; Owner: postgres
--

SELECT pg_catalog.setval('public.assetapp_assettype_id_seq', 1, false);


--
-- Name: assetapp_maintenanceforms_id_seq; Type: SEQUENCE SET; Schema: public; Owner: postgres
--

SELECT pg_catalog.setval('public.assetapp_maintenanceforms_id_seq', 1, false);


--
-- Name: auth_group_id_seq; Type: SEQUENCE SET; Schema: public; Owner: postgres
--

SELECT pg_catalog.setval('public.auth_group_id_seq', 1, false);


--
-- Name: auth_group_permissions_id_seq; Type: SEQUENCE SET; Schema: public; Owner: postgres
--

SELECT pg_catalog.setval('public.auth_group_permissions_id_seq', 1, false);


--
-- Name: auth_permission_id_seq; Type: SEQUENCE SET; Schema: public; Owner: postgres
--

SELECT pg_catalog.setval('public.auth_permission_id_seq', 620, true);


--
-- Name: auth_user_groups_id_seq; Type: SEQUENCE SET; Schema: public; Owner: postgres
--

SELECT pg_catalog.setval('public.auth_user_groups_id_seq', 1, false);


--
-- Name: auth_user_id_seq; Type: SEQUENCE SET; Schema: public; Owner: postgres
--

SELECT pg_catalog.setval('public.auth_user_id_seq', 13, true);


--
-- Name: auth_user_user_permissions_id_seq; Type: SEQUENCE SET; Schema: public; Owner: postgres
--

SELECT pg_catalog.setval('public.auth_user_user_permissions_id_seq', 1, false);


--
-- Name: compliance_assessmenttype_id_seq; Type: SEQUENCE SET; Schema: public; Owner: postgres
--

SELECT pg_catalog.setval('public.compliance_assessmenttype_id_seq', 1, false);


--
-- Name: compliance_bisstandard_id_seq; Type: SEQUENCE SET; Schema: public; Owner: postgres
--

SELECT pg_catalog.setval('public.compliance_bisstandard_id_seq', 1, false);


--
-- Name: compliance_bom_id_seq; Type: SEQUENCE SET; Schema: public; Owner: postgres
--

SELECT pg_catalog.setval('public.compliance_bom_id_seq', 1, false);


--
-- Name: compliance_dosageform_id_seq; Type: SEQUENCE SET; Schema: public; Owner: postgres
--

SELECT pg_catalog.setval('public.compliance_dosageform_id_seq', 1, false);


--
-- Name: compliance_fmeadepartment_id_seq; Type: SEQUENCE SET; Schema: public; Owner: postgres
--

SELECT pg_catalog.setval('public.compliance_fmeadepartment_id_seq', 1, false);


--
-- Name: compliance_material_id_seq; Type: SEQUENCE SET; Schema: public; Owner: postgres
--

SELECT pg_catalog.setval('public.compliance_material_id_seq', 1, false);


--
-- Name: compliance_material_parameters_id_seq; Type: SEQUENCE SET; Schema: public; Owner: postgres
--

SELECT pg_catalog.setval('public.compliance_material_parameters_id_seq', 1, false);


--
-- Name: compliance_materialfunction_id_seq; Type: SEQUENCE SET; Schema: public; Owner: postgres
--

SELECT pg_catalog.setval('public.compliance_materialfunction_id_seq', 1, false);


--
-- Name: compliance_materialgrade_id_seq; Type: SEQUENCE SET; Schema: public; Owner: postgres
--

SELECT pg_catalog.setval('public.compliance_materialgrade_id_seq', 1, false);


--
-- Name: compliance_materialname_id_seq; Type: SEQUENCE SET; Schema: public; Owner: postgres
--

SELECT pg_catalog.setval('public.compliance_materialname_id_seq', 1, false);


--
-- Name: compliance_materialparam_id_seq; Type: SEQUENCE SET; Schema: public; Owner: postgres
--

SELECT pg_catalog.setval('public.compliance_materialparam_id_seq', 1, false);


--
-- Name: compliance_materialparameters_id_seq; Type: SEQUENCE SET; Schema: public; Owner: postgres
--

SELECT pg_catalog.setval('public.compliance_materialparameters_id_seq', 1, false);


--
-- Name: compliance_parameterunit_id_seq; Type: SEQUENCE SET; Schema: public; Owner: postgres
--

SELECT pg_catalog.setval('public.compliance_parameterunit_id_seq', 1, false);


--
-- Name: compliance_processcontrol_id_seq; Type: SEQUENCE SET; Schema: public; Owner: postgres
--

SELECT pg_catalog.setval('public.compliance_processcontrol_id_seq', 1, false);


--
-- Name: compliance_processcontrolthreshold_id_seq; Type: SEQUENCE SET; Schema: public; Owner: postgres
--

SELECT pg_catalog.setval('public.compliance_processcontrolthreshold_id_seq', 1, false);


--
-- Name: compliance_product_dosage_id_seq; Type: SEQUENCE SET; Schema: public; Owner: postgres
--

SELECT pg_catalog.setval('public.compliance_product_dosage_id_seq', 1, false);


--
-- Name: compliance_product_id_seq; Type: SEQUENCE SET; Schema: public; Owner: postgres
--

SELECT pg_catalog.setval('public.compliance_product_id_seq', 1, false);


--
-- Name: compliance_sodcalibration_id_seq; Type: SEQUENCE SET; Schema: public; Owner: postgres
--

SELECT pg_catalog.setval('public.compliance_sodcalibration_id_seq', 1, false);


--
-- Name: compliance_sopdocument_id_seq; Type: SEQUENCE SET; Schema: public; Owner: postgres
--

SELECT pg_catalog.setval('public.compliance_sopdocument_id_seq', 1, false);


--
-- Name: compliance_sopsection_id_seq; Type: SEQUENCE SET; Schema: public; Owner: postgres
--

SELECT pg_catalog.setval('public.compliance_sopsection_id_seq', 1, false);


--
-- Name: compliance_testmethod_id_seq; Type: SEQUENCE SET; Schema: public; Owner: postgres
--

SELECT pg_catalog.setval('public.compliance_testmethod_id_seq', 1, false);


--
-- Name: compliance_usercompliencehistory_id_seq; Type: SEQUENCE SET; Schema: public; Owner: postgres
--

SELECT pg_catalog.setval('public.compliance_usercompliencehistory_id_seq', 1, false);


--
-- Name: compliance_usercompliencehistory_sections_id_seq; Type: SEQUENCE SET; Schema: public; Owner: postgres
--

SELECT pg_catalog.setval('public.compliance_usercompliencehistory_sections_id_seq', 1, false);


--
-- Name: compliance_userfmeahistory_id_seq; Type: SEQUENCE SET; Schema: public; Owner: postgres
--

SELECT pg_catalog.setval('public.compliance_userfmeahistory_id_seq', 1, false);


--
-- Name: configapp_addfield_id_seq; Type: SEQUENCE SET; Schema: public; Owner: postgres
--

SELECT pg_catalog.setval('public.configapp_addfield_id_seq', 1, false);


--
-- Name: configapp_addfieldlog_id_seq; Type: SEQUENCE SET; Schema: public; Owner: postgres
--

SELECT pg_catalog.setval('public.configapp_addfieldlog_id_seq', 1, false);


--
-- Name: configapp_additionalfield_id_seq; Type: SEQUENCE SET; Schema: public; Owner: postgres
--

SELECT pg_catalog.setval('public.configapp_additionalfield_id_seq', 1, false);


--
-- Name: configapp_additionalfieldlog_id_seq; Type: SEQUENCE SET; Schema: public; Owner: postgres
--

SELECT pg_catalog.setval('public.configapp_additionalfieldlog_id_seq', 1, false);


--
-- Name: configapp_department_id_seq; Type: SEQUENCE SET; Schema: public; Owner: postgres
--

SELECT pg_catalog.setval('public.configapp_department_id_seq', 7, true);


--
-- Name: configapp_designation_id_seq; Type: SEQUENCE SET; Schema: public; Owner: postgres
--

SELECT pg_catalog.setval('public.configapp_designation_id_seq', 12, true);


--
-- Name: configapp_employee_role_id_seq; Type: SEQUENCE SET; Schema: public; Owner: postgres
--

SELECT pg_catalog.setval('public.configapp_employee_role_id_seq', 12, true);


--
-- Name: configapp_formlist_id_seq; Type: SEQUENCE SET; Schema: public; Owner: postgres
--

SELECT pg_catalog.setval('public.configapp_formlist_id_seq', 1, false);


--
-- Name: configapp_location_id_seq; Type: SEQUENCE SET; Schema: public; Owner: postgres
--

SELECT pg_catalog.setval('public.configapp_location_id_seq', 6, true);


--
-- Name: configapp_locationtype_id_seq; Type: SEQUENCE SET; Schema: public; Owner: postgres
--

SELECT pg_catalog.setval('public.configapp_locationtype_id_seq', 1, true);


--
-- Name: configapp_organizationhierarchy_id_seq; Type: SEQUENCE SET; Schema: public; Owner: postgres
--

SELECT pg_catalog.setval('public.configapp_organizationhierarchy_id_seq', 1, false);


--
-- Name: configapp_role_id_seq; Type: SEQUENCE SET; Schema: public; Owner: postgres
--

SELECT pg_catalog.setval('public.configapp_role_id_seq', 12, true);


--
-- Name: configapp_rolehierarchy_id_seq; Type: SEQUENCE SET; Schema: public; Owner: postgres
--

SELECT pg_catalog.setval('public.configapp_rolehierarchy_id_seq', 1, false);


--
-- Name: configapp_userrole_id_seq; Type: SEQUENCE SET; Schema: public; Owner: postgres
--

SELECT pg_catalog.setval('public.configapp_userrole_id_seq', 1, false);


--
-- Name: django_admin_log_id_seq; Type: SEQUENCE SET; Schema: public; Owner: postgres
--

SELECT pg_catalog.setval('public.django_admin_log_id_seq', 1, false);


--
-- Name: django_apscheduler_djangojobexecution_id_seq; Type: SEQUENCE SET; Schema: public; Owner: postgres
--

SELECT pg_catalog.setval('public.django_apscheduler_djangojobexecution_id_seq', 1, false);


--
-- Name: django_content_type_id_seq; Type: SEQUENCE SET; Schema: public; Owner: postgres
--

SELECT pg_catalog.setval('public.django_content_type_id_seq', 155, true);


--
-- Name: django_migrations_id_seq; Type: SEQUENCE SET; Schema: public; Owner: postgres
--

SELECT pg_catalog.setval('public.django_migrations_id_seq', 42, true);


--
-- Name: djangoapp_access_module_config_id_seq; Type: SEQUENCE SET; Schema: public; Owner: postgres
--

SELECT pg_catalog.setval('public.djangoapp_access_module_config_id_seq', 15, true);


--
-- Name: djangoapp_access_module_id_seq; Type: SEQUENCE SET; Schema: public; Owner: postgres
--

SELECT pg_catalog.setval('public.djangoapp_access_module_id_seq', 15, true);


--
-- Name: djangoapp_api_list_id_seq; Type: SEQUENCE SET; Schema: public; Owner: postgres
--

SELECT pg_catalog.setval('public.djangoapp_api_list_id_seq', 1, false);


--
-- Name: djangoapp_apiresource_config_id_seq; Type: SEQUENCE SET; Schema: public; Owner: postgres
--

SELECT pg_catalog.setval('public.djangoapp_apiresource_config_id_seq', 1, false);


--
-- Name: djangoapp_apiresource_grouppermission_config_id_seq; Type: SEQUENCE SET; Schema: public; Owner: postgres
--

SELECT pg_catalog.setval('public.djangoapp_apiresource_grouppermission_config_id_seq', 1, false);


--
-- Name: djangoapp_dashboard_menu_config_id_seq; Type: SEQUENCE SET; Schema: public; Owner: postgres
--

SELECT pg_catalog.setval('public.djangoapp_dashboard_menu_config_id_seq', 1, false);


--
-- Name: djangoapp_dashboard_menu_grouppermission_config_id_seq; Type: SEQUENCE SET; Schema: public; Owner: postgres
--

SELECT pg_catalog.setval('public.djangoapp_dashboard_menu_grouppermission_config_id_seq', 1, false);


--
-- Name: djangoapp_duplicate_access_module_config_id_seq; Type: SEQUENCE SET; Schema: public; Owner: postgres
--

SELECT pg_catalog.setval('public.djangoapp_duplicate_access_module_config_id_seq', 1, false);


--
-- Name: djangoapp_emailconfiguration_id_seq; Type: SEQUENCE SET; Schema: public; Owner: postgres
--

SELECT pg_catalog.setval('public.djangoapp_emailconfiguration_id_seq', 1, false);


--
-- Name: djangoapp_forgot_password_log_id_seq; Type: SEQUENCE SET; Schema: public; Owner: postgres
--

SELECT pg_catalog.setval('public.djangoapp_forgot_password_log_id_seq', 1, false);


--
-- Name: djangoapp_licence_config_id_seq; Type: SEQUENCE SET; Schema: public; Owner: postgres
--

SELECT pg_catalog.setval('public.djangoapp_licence_config_id_seq', 1, true);


--
-- Name: djangoapp_linedata_config_id_seq; Type: SEQUENCE SET; Schema: public; Owner: postgres
--

SELECT pg_catalog.setval('public.djangoapp_linedata_config_id_seq', 1, false);


--
-- Name: djangoapp_otp_records_id_seq; Type: SEQUENCE SET; Schema: public; Owner: postgres
--

SELECT pg_catalog.setval('public.djangoapp_otp_records_id_seq', 1, false);


--
-- Name: documentapp_document_id_seq; Type: SEQUENCE SET; Schema: public; Owner: postgres
--

SELECT pg_catalog.setval('public.documentapp_document_id_seq', 1, false);


--
-- Name: documentapp_document_raised_tickets_id_seq; Type: SEQUENCE SET; Schema: public; Owner: postgres
--

SELECT pg_catalog.setval('public.documentapp_document_raised_tickets_id_seq', 1, false);


--
-- Name: documentapp_documentannotation_id_seq; Type: SEQUENCE SET; Schema: public; Owner: postgres
--

SELECT pg_catalog.setval('public.documentapp_documentannotation_id_seq', 1, false);


--
-- Name: documentapp_documentexpiryhistory_id_seq; Type: SEQUENCE SET; Schema: public; Owner: postgres
--

SELECT pg_catalog.setval('public.documentapp_documentexpiryhistory_id_seq', 1, false);


--
-- Name: documentapp_documentfolder_id_seq; Type: SEQUENCE SET; Schema: public; Owner: postgres
--

SELECT pg_catalog.setval('public.documentapp_documentfolder_id_seq', 1, false);


--
-- Name: documentapp_documentretention_id_seq; Type: SEQUENCE SET; Schema: public; Owner: postgres
--

SELECT pg_catalog.setval('public.documentapp_documentretention_id_seq', 1, false);


--
-- Name: documentapp_documentsecurity_id_seq; Type: SEQUENCE SET; Schema: public; Owner: postgres
--

SELECT pg_catalog.setval('public.documentapp_documentsecurity_id_seq', 1, false);


--
-- Name: documentapp_documentversion_id_seq; Type: SEQUENCE SET; Schema: public; Owner: postgres
--

SELECT pg_catalog.setval('public.documentapp_documentversion_id_seq', 1, false);


--
-- Name: documentapp_downloadpermission_id_seq; Type: SEQUENCE SET; Schema: public; Owner: postgres
--

SELECT pg_catalog.setval('public.documentapp_downloadpermission_id_seq', 4, true);


--
-- Name: documentapp_periodicreview_id_seq; Type: SEQUENCE SET; Schema: public; Owner: postgres
--

SELECT pg_catalog.setval('public.documentapp_periodicreview_id_seq', 1, false);


--
-- Name: filemanagement_filemanagement_id_seq; Type: SEQUENCE SET; Schema: public; Owner: postgres
--

SELECT pg_catalog.setval('public.filemanagement_filemanagement_id_seq', 1, false);


--
-- Name: formsapp_checklistform_id_seq; Type: SEQUENCE SET; Schema: public; Owner: postgres
--

SELECT pg_catalog.setval('public.formsapp_checklistform_id_seq', 1, false);


--
-- Name: formsapp_datatype_id_seq; Type: SEQUENCE SET; Schema: public; Owner: postgres
--

SELECT pg_catalog.setval('public.formsapp_datatype_id_seq', 19, true);


--
-- Name: formsapp_fieldtype_id_seq; Type: SEQUENCE SET; Schema: public; Owner: postgres
--

SELECT pg_catalog.setval('public.formsapp_fieldtype_id_seq', 21, true);


--
-- Name: formsapp_form_id_seq; Type: SEQUENCE SET; Schema: public; Owner: postgres
--

SELECT pg_catalog.setval('public.formsapp_form_id_seq', 59, true);


--
-- Name: formsapp_formdesign_id_seq; Type: SEQUENCE SET; Schema: public; Owner: postgres
--

SELECT pg_catalog.setval('public.formsapp_formdesign_id_seq', 1, false);


--
-- Name: formsapp_formdraft_id_seq; Type: SEQUENCE SET; Schema: public; Owner: postgres
--

SELECT pg_catalog.setval('public.formsapp_formdraft_id_seq', 57, true);


--
-- Name: formsapp_formfields_id_seq; Type: SEQUENCE SET; Schema: public; Owner: postgres
--

SELECT pg_catalog.setval('public.formsapp_formfields_id_seq', 274, true);


--
-- Name: formsapp_formsections_id_seq; Type: SEQUENCE SET; Schema: public; Owner: postgres
--

SELECT pg_catalog.setval('public.formsapp_formsections_id_seq', 70, true);


--
-- Name: formsapp_formtype_id_seq; Type: SEQUENCE SET; Schema: public; Owner: postgres
--

SELECT pg_catalog.setval('public.formsapp_formtype_id_seq', 6, true);


--
-- Name: formsapp_parameter_id_seq; Type: SEQUENCE SET; Schema: public; Owner: postgres
--

SELECT pg_catalog.setval('public.formsapp_parameter_id_seq', 1, false);


--
-- Name: formsapp_parameterdata_id_seq; Type: SEQUENCE SET; Schema: public; Owner: postgres
--

SELECT pg_catalog.setval('public.formsapp_parameterdata_id_seq', 1, false);


--
-- Name: formsapp_parameterdatatype_id_seq; Type: SEQUENCE SET; Schema: public; Owner: postgres
--

SELECT pg_catalog.setval('public.formsapp_parameterdatatype_id_seq', 1, false);


--
-- Name: formsapp_section_id_seq; Type: SEQUENCE SET; Schema: public; Owner: postgres
--

SELECT pg_catalog.setval('public.formsapp_section_id_seq', 1, false);


--
-- Name: inventoryapp_adddetailsfield_id_seq; Type: SEQUENCE SET; Schema: public; Owner: postgres
--

SELECT pg_catalog.setval('public.inventoryapp_adddetailsfield_id_seq', 1, false);


--
-- Name: inventoryapp_adddetailsfieldlog_id_seq; Type: SEQUENCE SET; Schema: public; Owner: postgres
--

SELECT pg_catalog.setval('public.inventoryapp_adddetailsfieldlog_id_seq', 1, false);


--
-- Name: inventoryapp_addinventoryfield_id_seq; Type: SEQUENCE SET; Schema: public; Owner: postgres
--

SELECT pg_catalog.setval('public.inventoryapp_addinventoryfield_id_seq', 1, false);


--
-- Name: inventoryapp_addinventoryfieldlog_id_seq; Type: SEQUENCE SET; Schema: public; Owner: postgres
--

SELECT pg_catalog.setval('public.inventoryapp_addinventoryfieldlog_id_seq', 1, false);


--
-- Name: inventoryapp_addinventoryinward_id_seq; Type: SEQUENCE SET; Schema: public; Owner: postgres
--

SELECT pg_catalog.setval('public.inventoryapp_addinventoryinward_id_seq', 1, false);


--
-- Name: inventoryapp_addinventoryinwardlog_id_seq; Type: SEQUENCE SET; Schema: public; Owner: postgres
--

SELECT pg_catalog.setval('public.inventoryapp_addinventoryinwardlog_id_seq', 1, false);


--
-- Name: inventoryapp_addinventoryoutward_id_seq; Type: SEQUENCE SET; Schema: public; Owner: postgres
--

SELECT pg_catalog.setval('public.inventoryapp_addinventoryoutward_id_seq', 1, false);


--
-- Name: inventoryapp_addinventoryoutwardlog_id_seq; Type: SEQUENCE SET; Schema: public; Owner: postgres
--

SELECT pg_catalog.setval('public.inventoryapp_addinventoryoutwardlog_id_seq', 1, false);


--
-- Name: inventoryapp_criticality_id_seq; Type: SEQUENCE SET; Schema: public; Owner: postgres
--

SELECT pg_catalog.setval('public.inventoryapp_criticality_id_seq', 1, false);


--
-- Name: inventoryapp_inventorydetails_id_seq; Type: SEQUENCE SET; Schema: public; Owner: postgres
--

SELECT pg_catalog.setval('public.inventoryapp_inventorydetails_id_seq', 1, false);


--
-- Name: inventoryapp_inventoryinward_id_seq; Type: SEQUENCE SET; Schema: public; Owner: postgres
--

SELECT pg_catalog.setval('public.inventoryapp_inventoryinward_id_seq', 1, false);


--
-- Name: inventoryapp_inventoryoutward_id_seq; Type: SEQUENCE SET; Schema: public; Owner: postgres
--

SELECT pg_catalog.setval('public.inventoryapp_inventoryoutward_id_seq', 1, false);


--
-- Name: inventoryapp_inventorystockinfo_id_seq; Type: SEQUENCE SET; Schema: public; Owner: postgres
--

SELECT pg_catalog.setval('public.inventoryapp_inventorystockinfo_id_seq', 1, false);


--
-- Name: inventoryapp_inventorytype_id_seq; Type: SEQUENCE SET; Schema: public; Owner: postgres
--

SELECT pg_catalog.setval('public.inventoryapp_inventorytype_id_seq', 1, false);


--
-- Name: inventoryapp_rol_id_seq; Type: SEQUENCE SET; Schema: public; Owner: postgres
--

SELECT pg_catalog.setval('public.inventoryapp_rol_id_seq', 1, false);


--
-- Name: inventoryapp_unit_id_seq; Type: SEQUENCE SET; Schema: public; Owner: postgres
--

SELECT pg_catalog.setval('public.inventoryapp_unit_id_seq', 1, false);


--
-- Name: ticketworkflowapp_actioncriteria_id_seq; Type: SEQUENCE SET; Schema: public; Owner: postgres
--

SELECT pg_catalog.setval('public.ticketworkflowapp_actioncriteria_id_seq', 3, true);


--
-- Name: ticketworkflowapp_actiontype_id_seq; Type: SEQUENCE SET; Schema: public; Owner: postgres
--

SELECT pg_catalog.setval('public.ticketworkflowapp_actiontype_id_seq', 1, false);


--
-- Name: ticketworkflowapp_customaccesstrack_allowed_roles_id_seq; Type: SEQUENCE SET; Schema: public; Owner: postgres
--

SELECT pg_catalog.setval('public.ticketworkflowapp_customaccesstrack_allowed_roles_id_seq', 1, false);


--
-- Name: ticketworkflowapp_customaccesstrack_allowed_users_id_seq; Type: SEQUENCE SET; Schema: public; Owner: postgres
--

SELECT pg_catalog.setval('public.ticketworkflowapp_customaccesstrack_allowed_users_id_seq', 1, false);


--
-- Name: ticketworkflowapp_customaccesstrack_id_seq; Type: SEQUENCE SET; Schema: public; Owner: postgres
--

SELECT pg_catalog.setval('public.ticketworkflowapp_customaccesstrack_id_seq', 1, false);


--
-- Name: ticketworkflowapp_customstageaccess_allowed_roles_id_seq; Type: SEQUENCE SET; Schema: public; Owner: postgres
--

SELECT pg_catalog.setval('public.ticketworkflowapp_customstageaccess_allowed_roles_id_seq', 1, false);


--
-- Name: ticketworkflowapp_customstageaccess_allowed_users_id_seq; Type: SEQUENCE SET; Schema: public; Owner: postgres
--

SELECT pg_catalog.setval('public.ticketworkflowapp_customstageaccess_allowed_users_id_seq', 1, false);


--
-- Name: ticketworkflowapp_customstageaccess_id_seq; Type: SEQUENCE SET; Schema: public; Owner: postgres
--

SELECT pg_catalog.setval('public.ticketworkflowapp_customstageaccess_id_seq', 1, false);


--
-- Name: ticketworkflowapp_evaluationroles_id_seq; Type: SEQUENCE SET; Schema: public; Owner: postgres
--

SELECT pg_catalog.setval('public.ticketworkflowapp_evaluationroles_id_seq', 1, false);


--
-- Name: ticketworkflowapp_formfieldresponse_id_seq; Type: SEQUENCE SET; Schema: public; Owner: postgres
--

SELECT pg_catalog.setval('public.ticketworkflowapp_formfieldresponse_id_seq', 54, true);


--
-- Name: ticketworkflowapp_formsubmission_id_seq; Type: SEQUENCE SET; Schema: public; Owner: postgres
--

SELECT pg_catalog.setval('public.ticketworkflowapp_formsubmission_id_seq', 18, true);


--
-- Name: ticketworkflowapp_priority_id_seq; Type: SEQUENCE SET; Schema: public; Owner: postgres
--

SELECT pg_catalog.setval('public.ticketworkflowapp_priority_id_seq', 4, true);


--
-- Name: ticketworkflowapp_savedtickets_id_seq; Type: SEQUENCE SET; Schema: public; Owner: postgres
--

SELECT pg_catalog.setval('public.ticketworkflowapp_savedtickets_id_seq', 1, false);


--
-- Name: ticketworkflowapp_slaextensionrequest_id_seq; Type: SEQUENCE SET; Schema: public; Owner: postgres
--

SELECT pg_catalog.setval('public.ticketworkflowapp_slaextensionrequest_id_seq', 1, false);


--
-- Name: ticketworkflowapp_slaextensionseen_id_seq; Type: SEQUENCE SET; Schema: public; Owner: postgres
--

SELECT pg_catalog.setval('public.ticketworkflowapp_slaextensionseen_id_seq', 1, false);


--
-- Name: ticketworkflowapp_slaextensionsignature_id_seq; Type: SEQUENCE SET; Schema: public; Owner: postgres
--

SELECT pg_catalog.setval('public.ticketworkflowapp_slaextensionsignature_id_seq', 1, false);


--
-- Name: ticketworkflowapp_stageflowremark_id_seq; Type: SEQUENCE SET; Schema: public; Owner: postgres
--

SELECT pg_catalog.setval('public.ticketworkflowapp_stageflowremark_id_seq', 1, false);


--
-- Name: ticketworkflowapp_temperoryworkflow_id_seq; Type: SEQUENCE SET; Schema: public; Owner: postgres
--

SELECT pg_catalog.setval('public.ticketworkflowapp_temperoryworkflow_id_seq', 10, true);


--
-- Name: ticketworkflowapp_ticketchecklistvalue_id_seq; Type: SEQUENCE SET; Schema: public; Owner: postgres
--

SELECT pg_catalog.setval('public.ticketworkflowapp_ticketchecklistvalue_id_seq', 1, false);


--
-- Name: ticketworkflowapp_ticketcomment_id_seq; Type: SEQUENCE SET; Schema: public; Owner: postgres
--

SELECT pg_catalog.setval('public.ticketworkflowapp_ticketcomment_id_seq', 1, false);


--
-- Name: ticketworkflowapp_ticketdetails_id_seq; Type: SEQUENCE SET; Schema: public; Owner: postgres
--

SELECT pg_catalog.setval('public.ticketworkflowapp_ticketdetails_id_seq', 9, true);


--
-- Name: ticketworkflowapp_ticketdocs_id_seq; Type: SEQUENCE SET; Schema: public; Owner: postgres
--

SELECT pg_catalog.setval('public.ticketworkflowapp_ticketdocs_id_seq', 1, false);


--
-- Name: ticketworkflowapp_ticketflow_current_stage_id_seq; Type: SEQUENCE SET; Schema: public; Owner: postgres
--

SELECT pg_catalog.setval('public.ticketworkflowapp_ticketflow_current_stage_id_seq', 9, true);


--
-- Name: ticketworkflowapp_ticketflow_id_seq; Type: SEQUENCE SET; Schema: public; Owner: postgres
--

SELECT pg_catalog.setval('public.ticketworkflowapp_ticketflow_id_seq', 9, true);


--
-- Name: ticketworkflowapp_ticketparameter_id_seq; Type: SEQUENCE SET; Schema: public; Owner: postgres
--

SELECT pg_catalog.setval('public.ticketworkflowapp_ticketparameter_id_seq', 1, false);


--
-- Name: ticketworkflowapp_ticketstageaccess_allowed_roles_id_seq; Type: SEQUENCE SET; Schema: public; Owner: postgres
--

SELECT pg_catalog.setval('public.ticketworkflowapp_ticketstageaccess_allowed_roles_id_seq', 1, false);


--
-- Name: ticketworkflowapp_ticketstageaccess_allowed_users_id_seq; Type: SEQUENCE SET; Schema: public; Owner: postgres
--

SELECT pg_catalog.setval('public.ticketworkflowapp_ticketstageaccess_allowed_users_id_seq', 1, false);


--
-- Name: ticketworkflowapp_ticketstageaccess_id_seq; Type: SEQUENCE SET; Schema: public; Owner: postgres
--

SELECT pg_catalog.setval('public.ticketworkflowapp_ticketstageaccess_id_seq', 1, false);


--
-- Name: ticketworkflowapp_ticketstagetracking_id_seq; Type: SEQUENCE SET; Schema: public; Owner: postgres
--

SELECT pg_catalog.setval('public.ticketworkflowapp_ticketstagetracking_id_seq', 18, true);


--
-- Name: ticketworkflowapp_workflow_id_seq; Type: SEQUENCE SET; Schema: public; Owner: postgres
--

SELECT pg_catalog.setval('public.ticketworkflowapp_workflow_id_seq', 12, true);


--
-- Name: ticketworkflowapp_workflowchecklist_id_seq; Type: SEQUENCE SET; Schema: public; Owner: postgres
--

SELECT pg_catalog.setval('public.ticketworkflowapp_workflowchecklist_id_seq', 55, true);


--
-- Name: ticketworkflowapp_workflowchecklist_reader_roles_id_seq; Type: SEQUENCE SET; Schema: public; Owner: postgres
--

SELECT pg_catalog.setval('public.ticketworkflowapp_workflowchecklist_reader_roles_id_seq', 464, true);


--
-- Name: ticketworkflowapp_workflowchecklist_section_id_seq; Type: SEQUENCE SET; Schema: public; Owner: postgres
--

SELECT pg_catalog.setval('public.ticketworkflowapp_workflowchecklist_section_id_seq', 60, true);


--
-- Name: ticketworkflowapp_workflowchecklist_writer_roles_id_seq; Type: SEQUENCE SET; Schema: public; Owner: postgres
--

SELECT pg_catalog.setval('public.ticketworkflowapp_workflowchecklist_writer_roles_id_seq', 73, true);


--
-- Name: ticketworkflowapp_workflowchecklisttemp_id_seq; Type: SEQUENCE SET; Schema: public; Owner: postgres
--

SELECT pg_catalog.setval('public.ticketworkflowapp_workflowchecklisttemp_id_seq', 9, true);


--
-- Name: ticketworkflowapp_workflowdependency_id_seq; Type: SEQUENCE SET; Schema: public; Owner: postgres
--

SELECT pg_catalog.setval('public.ticketworkflowapp_workflowdependency_id_seq', 48, true);


--
-- Name: ticketworkflowapp_workflowsla_id_seq; Type: SEQUENCE SET; Schema: public; Owner: postgres
--

SELECT pg_catalog.setval('public.ticketworkflowapp_workflowsla_id_seq', 47, true);


--
-- Name: ticketworkflowapp_workflowsla_roles_id_seq; Type: SEQUENCE SET; Schema: public; Owner: postgres
--

SELECT pg_catalog.setval('public.ticketworkflowapp_workflowsla_roles_id_seq', 58, true);


--
-- Name: ticketworkflowapp_workflowsla_users_id_seq; Type: SEQUENCE SET; Schema: public; Owner: postgres
--

SELECT pg_catalog.setval('public.ticketworkflowapp_workflowsla_users_id_seq', 58, true);


--
-- Name: ticketworkflowapp_workflowstage_id_seq; Type: SEQUENCE SET; Schema: public; Owner: postgres
--

SELECT pg_catalog.setval('public.ticketworkflowapp_workflowstage_id_seq', 57, true);


--
-- Name: ticketworkflowapp_workflowstageactions_allowed_roles_id_seq; Type: SEQUENCE SET; Schema: public; Owner: postgres
--

SELECT pg_catalog.setval('public.ticketworkflowapp_workflowstageactions_allowed_roles_id_seq', 97, true);


--
-- Name: ticketworkflowapp_workflowstageactions_allowed_users_id_seq; Type: SEQUENCE SET; Schema: public; Owner: postgres
--

SELECT pg_catalog.setval('public.ticketworkflowapp_workflowstageactions_allowed_users_id_seq', 97, true);


--
-- Name: ticketworkflowapp_workflowstageactions_id_seq; Type: SEQUENCE SET; Schema: public; Owner: postgres
--

SELECT pg_catalog.setval('public.ticketworkflowapp_workflowstageactions_id_seq', 88, true);


--
-- Name: ticketworkflowapp_workflowstagesignature_id_seq; Type: SEQUENCE SET; Schema: public; Owner: postgres
--

SELECT pg_catalog.setval('public.ticketworkflowapp_workflowstagesignature_id_seq', 18, true);


--
-- Name: ticketworkflowapp_workflowstagestatus_id_seq; Type: SEQUENCE SET; Schema: public; Owner: postgres
--

SELECT pg_catalog.setval('public.ticketworkflowapp_workflowstagestatus_id_seq', 23, true);


--
-- Name: ticketworkflowapp_workflowticketapprovalrequest_id_seq; Type: SEQUENCE SET; Schema: public; Owner: postgres
--

SELECT pg_catalog.setval('public.ticketworkflowapp_workflowticketapprovalrequest_id_seq', 9, true);


--
-- Name: ticketworkflowapp_workflowtransition_id_seq; Type: SEQUENCE SET; Schema: public; Owner: postgres
--

SELECT pg_catalog.setval('public.ticketworkflowapp_workflowtransition_id_seq', 48, true);


--
-- Name: ticketworkflowapp_workflowtype_id_seq; Type: SEQUENCE SET; Schema: public; Owner: postgres
--

SELECT pg_catalog.setval('public.ticketworkflowapp_workflowtype_id_seq', 6, true);


--
-- Name: tms_option_id_seq; Type: SEQUENCE SET; Schema: public; Owner: postgres
--

SELECT pg_catalog.setval('public.tms_option_id_seq', 1, false);


--
-- Name: tms_question_id_seq; Type: SEQUENCE SET; Schema: public; Owner: postgres
--

SELECT pg_catalog.setval('public.tms_question_id_seq', 1, false);


--
-- Name: tms_quiz_id_seq; Type: SEQUENCE SET; Schema: public; Owner: postgres
--

SELECT pg_catalog.setval('public.tms_quiz_id_seq', 1, false);


--
-- Name: tms_submittedanswer_id_seq; Type: SEQUENCE SET; Schema: public; Owner: postgres
--

SELECT pg_catalog.setval('public.tms_submittedanswer_id_seq', 1, false);


--
-- Name: tms_tags_id_seq; Type: SEQUENCE SET; Schema: public; Owner: postgres
--

SELECT pg_catalog.setval('public.tms_tags_id_seq', 1, false);


--
-- Name: tms_trainingassign_course_id_seq; Type: SEQUENCE SET; Schema: public; Owner: postgres
--

SELECT pg_catalog.setval('public.tms_trainingassign_course_id_seq', 1, false);


--
-- Name: tms_trainingassign_id_seq; Type: SEQUENCE SET; Schema: public; Owner: postgres
--

SELECT pg_catalog.setval('public.tms_trainingassign_id_seq', 1, false);


--
-- Name: tms_trainingcategory_id_seq; Type: SEQUENCE SET; Schema: public; Owner: postgres
--

SELECT pg_catalog.setval('public.tms_trainingcategory_id_seq', 1, false);


--
-- Name: tms_trainingchapters_id_seq; Type: SEQUENCE SET; Schema: public; Owner: postgres
--

SELECT pg_catalog.setval('public.tms_trainingchapters_id_seq', 1, false);


--
-- Name: tms_trainingchapters_tag_id_seq; Type: SEQUENCE SET; Schema: public; Owner: postgres
--

SELECT pg_catalog.setval('public.tms_trainingchapters_tag_id_seq', 1, false);


--
-- Name: tms_trainingcourse_id_seq; Type: SEQUENCE SET; Schema: public; Owner: postgres
--

SELECT pg_catalog.setval('public.tms_trainingcourse_id_seq', 1, false);


--
-- Name: tms_trainingcourse_tag_id_seq; Type: SEQUENCE SET; Schema: public; Owner: postgres
--

SELECT pg_catalog.setval('public.tms_trainingcourse_tag_id_seq', 1, false);


--
-- Name: tms_trainingmodules_id_seq; Type: SEQUENCE SET; Schema: public; Owner: postgres
--

SELECT pg_catalog.setval('public.tms_trainingmodules_id_seq', 1, false);


--
-- Name: tms_trainingresources_id_seq; Type: SEQUENCE SET; Schema: public; Owner: postgres
--

SELECT pg_catalog.setval('public.tms_trainingresources_id_seq', 1, false);


--
-- Name: tms_trainingvideos_id_seq; Type: SEQUENCE SET; Schema: public; Owner: postgres
--

SELECT pg_catalog.setval('public.tms_trainingvideos_id_seq', 1, false);


--
-- Name: tms_videoprogress_id_seq; Type: SEQUENCE SET; Schema: public; Owner: postgres
--

SELECT pg_catalog.setval('public.tms_videoprogress_id_seq', 1, false);


--
-- Name: assetapp_asset assetapp_asset_name_key; Type: CONSTRAINT; Schema: public; Owner: postgres
--

ALTER TABLE ONLY public.assetapp_asset
    ADD CONSTRAINT assetapp_asset_name_key UNIQUE (name);


--
-- Name: assetapp_asset assetapp_asset_pkey; Type: CONSTRAINT; Schema: public; Owner: postgres
--

ALTER TABLE ONLY public.assetapp_asset
    ADD CONSTRAINT assetapp_asset_pkey PRIMARY KEY (id);


--
-- Name: assetapp_asset assetapp_asset_unique_id_key; Type: CONSTRAINT; Schema: public; Owner: postgres
--

ALTER TABLE ONLY public.assetapp_asset
    ADD CONSTRAINT assetapp_asset_unique_id_key UNIQUE (unique_id);


--
-- Name: assetapp_assetcategory assetapp_assetcategory_name_key; Type: CONSTRAINT; Schema: public; Owner: postgres
--

ALTER TABLE ONLY public.assetapp_assetcategory
    ADD CONSTRAINT assetapp_assetcategory_name_key UNIQUE (name);


--
-- Name: assetapp_assetcategory assetapp_assetcategory_pkey; Type: CONSTRAINT; Schema: public; Owner: postgres
--

ALTER TABLE ONLY public.assetapp_assetcategory
    ADD CONSTRAINT assetapp_assetcategory_pkey PRIMARY KEY (id);


--
-- Name: assetapp_assetcost assetapp_assetcost_pkey; Type: CONSTRAINT; Schema: public; Owner: postgres
--

ALTER TABLE ONLY public.assetapp_assetcost
    ADD CONSTRAINT assetapp_assetcost_pkey PRIMARY KEY (id);


--
-- Name: assetapp_assetlog assetapp_assetlog_pkey; Type: CONSTRAINT; Schema: public; Owner: postgres
--

ALTER TABLE ONLY public.assetapp_assetlog
    ADD CONSTRAINT assetapp_assetlog_pkey PRIMARY KEY (id);


--
-- Name: assetapp_assetmaintenance assetapp_assetmaintenance_pkey; Type: CONSTRAINT; Schema: public; Owner: postgres
--

ALTER TABLE ONLY public.assetapp_assetmaintenance
    ADD CONSTRAINT assetapp_assetmaintenance_pkey PRIMARY KEY (id);


--
-- Name: assetapp_assetmaintenancetype assetapp_assetmaintenancetype_pkey; Type: CONSTRAINT; Schema: public; Owner: postgres
--

ALTER TABLE ONLY public.assetapp_assetmaintenancetype
    ADD CONSTRAINT assetapp_assetmaintenancetype_pkey PRIMARY KEY (id);


--
-- Name: assetapp_assetmaker assetapp_assetmaker_name_key; Type: CONSTRAINT; Schema: public; Owner: postgres
--

ALTER TABLE ONLY public.assetapp_assetmaker
    ADD CONSTRAINT assetapp_assetmaker_name_key UNIQUE (name);


--
-- Name: assetapp_assetmaker assetapp_assetmaker_pkey; Type: CONSTRAINT; Schema: public; Owner: postgres
--

ALTER TABLE ONLY public.assetapp_assetmaker
    ADD CONSTRAINT assetapp_assetmaker_pkey PRIMARY KEY (id);


--
-- Name: assetapp_assetmonitor assetapp_assetmonitor_pkey; Type: CONSTRAINT; Schema: public; Owner: postgres
--

ALTER TABLE ONLY public.assetapp_assetmonitor
    ADD CONSTRAINT assetapp_assetmonitor_pkey PRIMARY KEY (id);


--
-- Name: assetapp_assetsupervisor assetapp_assetsupervisor_pkey; Type: CONSTRAINT; Schema: public; Owner: postgres
--

ALTER TABLE ONLY public.assetapp_assetsupervisor
    ADD CONSTRAINT assetapp_assetsupervisor_pkey PRIMARY KEY (id);


--
-- Name: assetapp_assettype assetapp_assettype_name_key; Type: CONSTRAINT; Schema: public; Owner: postgres
--

ALTER TABLE ONLY public.assetapp_assettype
    ADD CONSTRAINT assetapp_assettype_name_key UNIQUE (name);


--
-- Name: assetapp_assettype assetapp_assettype_pkey; Type: CONSTRAINT; Schema: public; Owner: postgres
--

ALTER TABLE ONLY public.assetapp_assettype
    ADD CONSTRAINT assetapp_assettype_pkey PRIMARY KEY (id);


--
-- Name: assetapp_maintenanceforms assetapp_maintenanceforms_pkey; Type: CONSTRAINT; Schema: public; Owner: postgres
--

ALTER TABLE ONLY public.assetapp_maintenanceforms
    ADD CONSTRAINT assetapp_maintenanceforms_pkey PRIMARY KEY (id);


--
-- Name: auth_group auth_group_name_key; Type: CONSTRAINT; Schema: public; Owner: postgres
--

ALTER TABLE ONLY public.auth_group
    ADD CONSTRAINT auth_group_name_key UNIQUE (name);


--
-- Name: auth_group_permissions auth_group_permissions_group_id_permission_id_0cd325b0_uniq; Type: CONSTRAINT; Schema: public; Owner: postgres
--

ALTER TABLE ONLY public.auth_group_permissions
    ADD CONSTRAINT auth_group_permissions_group_id_permission_id_0cd325b0_uniq UNIQUE (group_id, permission_id);


--
-- Name: auth_group_permissions auth_group_permissions_pkey; Type: CONSTRAINT; Schema: public; Owner: postgres
--

ALTER TABLE ONLY public.auth_group_permissions
    ADD CONSTRAINT auth_group_permissions_pkey PRIMARY KEY (id);


--
-- Name: auth_group auth_group_pkey; Type: CONSTRAINT; Schema: public; Owner: postgres
--

ALTER TABLE ONLY public.auth_group
    ADD CONSTRAINT auth_group_pkey PRIMARY KEY (id);


--
-- Name: auth_permission auth_permission_content_type_id_codename_01ab375a_uniq; Type: CONSTRAINT; Schema: public; Owner: postgres
--

ALTER TABLE ONLY public.auth_permission
    ADD CONSTRAINT auth_permission_content_type_id_codename_01ab375a_uniq UNIQUE (content_type_id, codename);


--
-- Name: auth_permission auth_permission_pkey; Type: CONSTRAINT; Schema: public; Owner: postgres
--

ALTER TABLE ONLY public.auth_permission
    ADD CONSTRAINT auth_permission_pkey PRIMARY KEY (id);


--
-- Name: auth_user_groups auth_user_groups_pkey; Type: CONSTRAINT; Schema: public; Owner: postgres
--

ALTER TABLE ONLY public.auth_user_groups
    ADD CONSTRAINT auth_user_groups_pkey PRIMARY KEY (id);


--
-- Name: auth_user_groups auth_user_groups_user_id_group_id_94350c0c_uniq; Type: CONSTRAINT; Schema: public; Owner: postgres
--

ALTER TABLE ONLY public.auth_user_groups
    ADD CONSTRAINT auth_user_groups_user_id_group_id_94350c0c_uniq UNIQUE (user_id, group_id);


--
-- Name: auth_user auth_user_pkey; Type: CONSTRAINT; Schema: public; Owner: postgres
--

ALTER TABLE ONLY public.auth_user
    ADD CONSTRAINT auth_user_pkey PRIMARY KEY (id);


--
-- Name: auth_user_user_permissions auth_user_user_permissions_pkey; Type: CONSTRAINT; Schema: public; Owner: postgres
--

ALTER TABLE ONLY public.auth_user_user_permissions
    ADD CONSTRAINT auth_user_user_permissions_pkey PRIMARY KEY (id);


--
-- Name: auth_user_user_permissions auth_user_user_permissions_user_id_permission_id_14a6b632_uniq; Type: CONSTRAINT; Schema: public; Owner: postgres
--

ALTER TABLE ONLY public.auth_user_user_permissions
    ADD CONSTRAINT auth_user_user_permissions_user_id_permission_id_14a6b632_uniq UNIQUE (user_id, permission_id);


--
-- Name: auth_user auth_user_username_key; Type: CONSTRAINT; Schema: public; Owner: postgres
--

ALTER TABLE ONLY public.auth_user
    ADD CONSTRAINT auth_user_username_key UNIQUE (username);


--
-- Name: authtoken_token authtoken_token_pkey; Type: CONSTRAINT; Schema: public; Owner: postgres
--

ALTER TABLE ONLY public.authtoken_token
    ADD CONSTRAINT authtoken_token_pkey PRIMARY KEY (key);


--
-- Name: authtoken_token authtoken_token_user_id_key; Type: CONSTRAINT; Schema: public; Owner: postgres
--

ALTER TABLE ONLY public.authtoken_token
    ADD CONSTRAINT authtoken_token_user_id_key UNIQUE (user_id);


--
-- Name: compliance_assessmenttype compliance_assessmenttype_pkey; Type: CONSTRAINT; Schema: public; Owner: postgres
--

ALTER TABLE ONLY public.compliance_assessmenttype
    ADD CONSTRAINT compliance_assessmenttype_pkey PRIMARY KEY (id);


--
-- Name: compliance_bisstandard compliance_bisstandard_pkey; Type: CONSTRAINT; Schema: public; Owner: postgres
--

ALTER TABLE ONLY public.compliance_bisstandard
    ADD CONSTRAINT compliance_bisstandard_pkey PRIMARY KEY (id);


--
-- Name: compliance_bisstandard compliance_bisstandard_standard_code_key; Type: CONSTRAINT; Schema: public; Owner: postgres
--

ALTER TABLE ONLY public.compliance_bisstandard
    ADD CONSTRAINT compliance_bisstandard_standard_code_key UNIQUE (standard_code);


--
-- Name: compliance_bom compliance_bom_pkey; Type: CONSTRAINT; Schema: public; Owner: postgres
--

ALTER TABLE ONLY public.compliance_bom
    ADD CONSTRAINT compliance_bom_pkey PRIMARY KEY (id);


--
-- Name: compliance_dosageform compliance_dosageform_pkey; Type: CONSTRAINT; Schema: public; Owner: postgres
--

ALTER TABLE ONLY public.compliance_dosageform
    ADD CONSTRAINT compliance_dosageform_pkey PRIMARY KEY (id);


--
-- Name: compliance_fmeadepartment compliance_fmeadepartment_pkey; Type: CONSTRAINT; Schema: public; Owner: postgres
--

ALTER TABLE ONLY public.compliance_fmeadepartment
    ADD CONSTRAINT compliance_fmeadepartment_pkey PRIMARY KEY (id);


--
-- Name: compliance_material_parameters compliance_material_para_material_id_materialpara_c497bfa2_uniq; Type: CONSTRAINT; Schema: public; Owner: postgres
--

ALTER TABLE ONLY public.compliance_material_parameters
    ADD CONSTRAINT compliance_material_para_material_id_materialpara_c497bfa2_uniq UNIQUE (material_id, materialparameters_id);


--
-- Name: compliance_material_parameters compliance_material_parameters_pkey; Type: CONSTRAINT; Schema: public; Owner: postgres
--

ALTER TABLE ONLY public.compliance_material_parameters
    ADD CONSTRAINT compliance_material_parameters_pkey PRIMARY KEY (id);


--
-- Name: compliance_material compliance_material_pkey; Type: CONSTRAINT; Schema: public; Owner: postgres
--

ALTER TABLE ONLY public.compliance_material
    ADD CONSTRAINT compliance_material_pkey PRIMARY KEY (id);


--
-- Name: compliance_materialfunction compliance_materialfunction_pkey; Type: CONSTRAINT; Schema: public; Owner: postgres
--

ALTER TABLE ONLY public.compliance_materialfunction
    ADD CONSTRAINT compliance_materialfunction_pkey PRIMARY KEY (id);


--
-- Name: compliance_materialgrade compliance_materialgrade_name_key; Type: CONSTRAINT; Schema: public; Owner: postgres
--

ALTER TABLE ONLY public.compliance_materialgrade
    ADD CONSTRAINT compliance_materialgrade_name_key UNIQUE (name);


--
-- Name: compliance_materialgrade compliance_materialgrade_pkey; Type: CONSTRAINT; Schema: public; Owner: postgres
--

ALTER TABLE ONLY public.compliance_materialgrade
    ADD CONSTRAINT compliance_materialgrade_pkey PRIMARY KEY (id);


--
-- Name: compliance_materialname compliance_materialname_pkey; Type: CONSTRAINT; Schema: public; Owner: postgres
--

ALTER TABLE ONLY public.compliance_materialname
    ADD CONSTRAINT compliance_materialname_pkey PRIMARY KEY (id);


--
-- Name: compliance_materialparam compliance_materialparam_pkey; Type: CONSTRAINT; Schema: public; Owner: postgres
--

ALTER TABLE ONLY public.compliance_materialparam
    ADD CONSTRAINT compliance_materialparam_pkey PRIMARY KEY (id);


--
-- Name: compliance_materialparameters compliance_materialparameters_pkey; Type: CONSTRAINT; Schema: public; Owner: postgres
--

ALTER TABLE ONLY public.compliance_materialparameters
    ADD CONSTRAINT compliance_materialparameters_pkey PRIMARY KEY (id);


--
-- Name: compliance_parameterunit compliance_parameterunit_pkey; Type: CONSTRAINT; Schema: public; Owner: postgres
--

ALTER TABLE ONLY public.compliance_parameterunit
    ADD CONSTRAINT compliance_parameterunit_pkey PRIMARY KEY (id);


--
-- Name: compliance_processcontrol compliance_processcontrol_pkey; Type: CONSTRAINT; Schema: public; Owner: postgres
--

ALTER TABLE ONLY public.compliance_processcontrol
    ADD CONSTRAINT compliance_processcontrol_pkey PRIMARY KEY (id);


--
-- Name: compliance_processcontrolthreshold compliance_processcontrolthreshold_pkey; Type: CONSTRAINT; Schema: public; Owner: postgres
--

ALTER TABLE ONLY public.compliance_processcontrolthreshold
    ADD CONSTRAINT compliance_processcontrolthreshold_pkey PRIMARY KEY (id);


--
-- Name: compliance_product compliance_product_code_key; Type: CONSTRAINT; Schema: public; Owner: postgres
--

ALTER TABLE ONLY public.compliance_product
    ADD CONSTRAINT compliance_product_code_key UNIQUE (code);


--
-- Name: compliance_product_dosage compliance_product_dosag_product_id_dosageform_id_66e4b2f7_uniq; Type: CONSTRAINT; Schema: public; Owner: postgres
--

ALTER TABLE ONLY public.compliance_product_dosage
    ADD CONSTRAINT compliance_product_dosag_product_id_dosageform_id_66e4b2f7_uniq UNIQUE (product_id, dosageform_id);


--
-- Name: compliance_product_dosage compliance_product_dosage_pkey; Type: CONSTRAINT; Schema: public; Owner: postgres
--

ALTER TABLE ONLY public.compliance_product_dosage
    ADD CONSTRAINT compliance_product_dosage_pkey PRIMARY KEY (id);


--
-- Name: compliance_product compliance_product_pkey; Type: CONSTRAINT; Schema: public; Owner: postgres
--

ALTER TABLE ONLY public.compliance_product
    ADD CONSTRAINT compliance_product_pkey PRIMARY KEY (id);


--
-- Name: compliance_sodcalibration compliance_sodcalibration_pkey; Type: CONSTRAINT; Schema: public; Owner: postgres
--

ALTER TABLE ONLY public.compliance_sodcalibration
    ADD CONSTRAINT compliance_sodcalibration_pkey PRIMARY KEY (id);


--
-- Name: compliance_sopdocument compliance_sopdocument_pkey; Type: CONSTRAINT; Schema: public; Owner: postgres
--

ALTER TABLE ONLY public.compliance_sopdocument
    ADD CONSTRAINT compliance_sopdocument_pkey PRIMARY KEY (id);


--
-- Name: compliance_sopsection compliance_sopsection_pkey; Type: CONSTRAINT; Schema: public; Owner: postgres
--

ALTER TABLE ONLY public.compliance_sopsection
    ADD CONSTRAINT compliance_sopsection_pkey PRIMARY KEY (id);


--
-- Name: compliance_testmethod compliance_testmethod_pkey; Type: CONSTRAINT; Schema: public; Owner: postgres
--

ALTER TABLE ONLY public.compliance_testmethod
    ADD CONSTRAINT compliance_testmethod_pkey PRIMARY KEY (id);


--
-- Name: compliance_usercompliencehistory_sections compliance_usercomplienc_usercompliencehistory_id_12925799_uniq; Type: CONSTRAINT; Schema: public; Owner: postgres
--

ALTER TABLE ONLY public.compliance_usercompliencehistory_sections
    ADD CONSTRAINT compliance_usercomplienc_usercompliencehistory_id_12925799_uniq UNIQUE (usercompliencehistory_id, sopsection_id);


--
-- Name: compliance_usercompliencehistory compliance_usercompliencehistory_pkey; Type: CONSTRAINT; Schema: public; Owner: postgres
--

ALTER TABLE ONLY public.compliance_usercompliencehistory
    ADD CONSTRAINT compliance_usercompliencehistory_pkey PRIMARY KEY (id);


--
-- Name: compliance_usercompliencehistory_sections compliance_usercompliencehistory_sections_pkey; Type: CONSTRAINT; Schema: public; Owner: postgres
--

ALTER TABLE ONLY public.compliance_usercompliencehistory_sections
    ADD CONSTRAINT compliance_usercompliencehistory_sections_pkey PRIMARY KEY (id);


--
-- Name: compliance_userfmeahistory compliance_userfmeahistory_pkey; Type: CONSTRAINT; Schema: public; Owner: postgres
--

ALTER TABLE ONLY public.compliance_userfmeahistory
    ADD CONSTRAINT compliance_userfmeahistory_pkey PRIMARY KEY (id);


--
-- Name: configapp_addfield configapp_addfield_pkey; Type: CONSTRAINT; Schema: public; Owner: postgres
--

ALTER TABLE ONLY public.configapp_addfield
    ADD CONSTRAINT configapp_addfield_pkey PRIMARY KEY (id);


--
-- Name: configapp_addfieldlog configapp_addfieldlog_pkey; Type: CONSTRAINT; Schema: public; Owner: postgres
--

ALTER TABLE ONLY public.configapp_addfieldlog
    ADD CONSTRAINT configapp_addfieldlog_pkey PRIMARY KEY (id);


--
-- Name: configapp_additionalfield configapp_additionalfield_pkey; Type: CONSTRAINT; Schema: public; Owner: postgres
--

ALTER TABLE ONLY public.configapp_additionalfield
    ADD CONSTRAINT configapp_additionalfield_pkey PRIMARY KEY (id);


--
-- Name: configapp_additionalfieldlog configapp_additionalfieldlog_pkey; Type: CONSTRAINT; Schema: public; Owner: postgres
--

ALTER TABLE ONLY public.configapp_additionalfieldlog
    ADD CONSTRAINT configapp_additionalfieldlog_pkey PRIMARY KEY (id);


--
-- Name: configapp_department configapp_department_pkey; Type: CONSTRAINT; Schema: public; Owner: postgres
--

ALTER TABLE ONLY public.configapp_department
    ADD CONSTRAINT configapp_department_pkey PRIMARY KEY (id);


--
-- Name: configapp_designation configapp_designation_pkey; Type: CONSTRAINT; Schema: public; Owner: postgres
--

ALTER TABLE ONLY public.configapp_designation
    ADD CONSTRAINT configapp_designation_pkey PRIMARY KEY (id);


--
-- Name: configapp_employee configapp_employee_pkey; Type: CONSTRAINT; Schema: public; Owner: postgres
--

ALTER TABLE ONLY public.configapp_employee
    ADD CONSTRAINT configapp_employee_pkey PRIMARY KEY (user_id);


--
-- Name: configapp_employee_role configapp_employee_role_employee_id_role_id_975f6a5a_uniq; Type: CONSTRAINT; Schema: public; Owner: postgres
--

ALTER TABLE ONLY public.configapp_employee_role
    ADD CONSTRAINT configapp_employee_role_employee_id_role_id_975f6a5a_uniq UNIQUE (employee_id, role_id);


--
-- Name: configapp_employee_role configapp_employee_role_pkey; Type: CONSTRAINT; Schema: public; Owner: postgres
--

ALTER TABLE ONLY public.configapp_employee_role
    ADD CONSTRAINT configapp_employee_role_pkey PRIMARY KEY (id);


--
-- Name: configapp_formlist configapp_formlist_key_key; Type: CONSTRAINT; Schema: public; Owner: postgres
--

ALTER TABLE ONLY public.configapp_formlist
    ADD CONSTRAINT configapp_formlist_key_key UNIQUE (key);


--
-- Name: configapp_formlist configapp_formlist_pkey; Type: CONSTRAINT; Schema: public; Owner: postgres
--

ALTER TABLE ONLY public.configapp_formlist
    ADD CONSTRAINT configapp_formlist_pkey PRIMARY KEY (id);


--
-- Name: configapp_location configapp_location_pkey; Type: CONSTRAINT; Schema: public; Owner: postgres
--

ALTER TABLE ONLY public.configapp_location
    ADD CONSTRAINT configapp_location_pkey PRIMARY KEY (id);


--
-- Name: configapp_locationtype configapp_locationtype_location_type_key; Type: CONSTRAINT; Schema: public; Owner: postgres
--

ALTER TABLE ONLY public.configapp_locationtype
    ADD CONSTRAINT configapp_locationtype_location_type_key UNIQUE (location_type);


--
-- Name: configapp_locationtype configapp_locationtype_pkey; Type: CONSTRAINT; Schema: public; Owner: postgres
--

ALTER TABLE ONLY public.configapp_locationtype
    ADD CONSTRAINT configapp_locationtype_pkey PRIMARY KEY (id);


--
-- Name: configapp_organizationhierarchy configapp_organizationhierarchy_pkey; Type: CONSTRAINT; Schema: public; Owner: postgres
--

ALTER TABLE ONLY public.configapp_organizationhierarchy
    ADD CONSTRAINT configapp_organizationhierarchy_pkey PRIMARY KEY (id);


--
-- Name: configapp_role configapp_role_pkey; Type: CONSTRAINT; Schema: public; Owner: postgres
--

ALTER TABLE ONLY public.configapp_role
    ADD CONSTRAINT configapp_role_pkey PRIMARY KEY (id);


--
-- Name: configapp_rolehierarchy configapp_rolehierarchy_pkey; Type: CONSTRAINT; Schema: public; Owner: postgres
--

ALTER TABLE ONLY public.configapp_rolehierarchy
    ADD CONSTRAINT configapp_rolehierarchy_pkey PRIMARY KEY (id);


--
-- Name: configapp_userrole configapp_userrole_pkey; Type: CONSTRAINT; Schema: public; Owner: postgres
--

ALTER TABLE ONLY public.configapp_userrole
    ADD CONSTRAINT configapp_userrole_pkey PRIMARY KEY (id);


--
-- Name: django_admin_log django_admin_log_pkey; Type: CONSTRAINT; Schema: public; Owner: postgres
--

ALTER TABLE ONLY public.django_admin_log
    ADD CONSTRAINT django_admin_log_pkey PRIMARY KEY (id);


--
-- Name: django_apscheduler_djangojob django_apscheduler_djangojob_pkey; Type: CONSTRAINT; Schema: public; Owner: postgres
--

ALTER TABLE ONLY public.django_apscheduler_djangojob
    ADD CONSTRAINT django_apscheduler_djangojob_pkey PRIMARY KEY (id);


--
-- Name: django_apscheduler_djangojobexecution django_apscheduler_djangojobexecution_pkey; Type: CONSTRAINT; Schema: public; Owner: postgres
--

ALTER TABLE ONLY public.django_apscheduler_djangojobexecution
    ADD CONSTRAINT django_apscheduler_djangojobexecution_pkey PRIMARY KEY (id);


--
-- Name: django_content_type django_content_type_app_label_model_76bd3d3b_uniq; Type: CONSTRAINT; Schema: public; Owner: postgres
--

ALTER TABLE ONLY public.django_content_type
    ADD CONSTRAINT django_content_type_app_label_model_76bd3d3b_uniq UNIQUE (app_label, model);


--
-- Name: django_content_type django_content_type_pkey; Type: CONSTRAINT; Schema: public; Owner: postgres
--

ALTER TABLE ONLY public.django_content_type
    ADD CONSTRAINT django_content_type_pkey PRIMARY KEY (id);


--
-- Name: django_migrations django_migrations_pkey; Type: CONSTRAINT; Schema: public; Owner: postgres
--

ALTER TABLE ONLY public.django_migrations
    ADD CONSTRAINT django_migrations_pkey PRIMARY KEY (id);


--
-- Name: django_session django_session_pkey; Type: CONSTRAINT; Schema: public; Owner: postgres
--

ALTER TABLE ONLY public.django_session
    ADD CONSTRAINT django_session_pkey PRIMARY KEY (session_key);


--
-- Name: djangoapp_access_module_config djangoapp_access_module_config_pkey; Type: CONSTRAINT; Schema: public; Owner: postgres
--

ALTER TABLE ONLY public.djangoapp_access_module_config
    ADD CONSTRAINT djangoapp_access_module_config_pkey PRIMARY KEY (id);


--
-- Name: djangoapp_access_module djangoapp_access_module_pkey; Type: CONSTRAINT; Schema: public; Owner: postgres
--

ALTER TABLE ONLY public.djangoapp_access_module
    ADD CONSTRAINT djangoapp_access_module_pkey PRIMARY KEY (id);


--
-- Name: djangoapp_api_list djangoapp_api_list_pkey; Type: CONSTRAINT; Schema: public; Owner: postgres
--

ALTER TABLE ONLY public.djangoapp_api_list
    ADD CONSTRAINT djangoapp_api_list_pkey PRIMARY KEY (id);


--
-- Name: djangoapp_apiresource_config djangoapp_apiresource_config_pkey; Type: CONSTRAINT; Schema: public; Owner: postgres
--

ALTER TABLE ONLY public.djangoapp_apiresource_config
    ADD CONSTRAINT djangoapp_apiresource_config_pkey PRIMARY KEY (id);


--
-- Name: djangoapp_apiresource_grouppermission_config djangoapp_apiresource_grouppermission_config_pkey; Type: CONSTRAINT; Schema: public; Owner: postgres
--

ALTER TABLE ONLY public.djangoapp_apiresource_grouppermission_config
    ADD CONSTRAINT djangoapp_apiresource_grouppermission_config_pkey PRIMARY KEY (id);


--
-- Name: djangoapp_dashboard_menu_config djangoapp_dashboard_menu_config_pkey; Type: CONSTRAINT; Schema: public; Owner: postgres
--

ALTER TABLE ONLY public.djangoapp_dashboard_menu_config
    ADD CONSTRAINT djangoapp_dashboard_menu_config_pkey PRIMARY KEY (id);


--
-- Name: djangoapp_dashboard_menu_grouppermission_config djangoapp_dashboard_menu_grouppermission_config_pkey; Type: CONSTRAINT; Schema: public; Owner: postgres
--

ALTER TABLE ONLY public.djangoapp_dashboard_menu_grouppermission_config
    ADD CONSTRAINT djangoapp_dashboard_menu_grouppermission_config_pkey PRIMARY KEY (id);


--
-- Name: djangoapp_duplicate_access_module_config djangoapp_duplicate_access_module_config_pkey; Type: CONSTRAINT; Schema: public; Owner: postgres
--

ALTER TABLE ONLY public.djangoapp_duplicate_access_module_config
    ADD CONSTRAINT djangoapp_duplicate_access_module_config_pkey PRIMARY KEY (id);


--
-- Name: djangoapp_emailconfiguration djangoapp_emailconfiguration_pkey; Type: CONSTRAINT; Schema: public; Owner: postgres
--

ALTER TABLE ONLY public.djangoapp_emailconfiguration
    ADD CONSTRAINT djangoapp_emailconfiguration_pkey PRIMARY KEY (id);


--
-- Name: djangoapp_forgot_password_log djangoapp_forgot_password_log_pkey; Type: CONSTRAINT; Schema: public; Owner: postgres
--

ALTER TABLE ONLY public.djangoapp_forgot_password_log
    ADD CONSTRAINT djangoapp_forgot_password_log_pkey PRIMARY KEY (id);


--
-- Name: djangoapp_licence_config djangoapp_licence_config_pkey; Type: CONSTRAINT; Schema: public; Owner: postgres
--

ALTER TABLE ONLY public.djangoapp_licence_config
    ADD CONSTRAINT djangoapp_licence_config_pkey PRIMARY KEY (id);


--
-- Name: djangoapp_linedata_config djangoapp_linedata_config_pkey; Type: CONSTRAINT; Schema: public; Owner: postgres
--

ALTER TABLE ONLY public.djangoapp_linedata_config
    ADD CONSTRAINT djangoapp_linedata_config_pkey PRIMARY KEY (id);


--
-- Name: djangoapp_otp_records djangoapp_otp_records_pkey; Type: CONSTRAINT; Schema: public; Owner: postgres
--

ALTER TABLE ONLY public.djangoapp_otp_records
    ADD CONSTRAINT djangoapp_otp_records_pkey PRIMARY KEY (id);


--
-- Name: documentapp_document documentapp_document_pkey; Type: CONSTRAINT; Schema: public; Owner: postgres
--

ALTER TABLE ONLY public.documentapp_document
    ADD CONSTRAINT documentapp_document_pkey PRIMARY KEY (id);


--
-- Name: documentapp_document_raised_tickets documentapp_document_rai_document_id_ticketdetail_7ddf6515_uniq; Type: CONSTRAINT; Schema: public; Owner: postgres
--

ALTER TABLE ONLY public.documentapp_document_raised_tickets
    ADD CONSTRAINT documentapp_document_rai_document_id_ticketdetail_7ddf6515_uniq UNIQUE (document_id, ticketdetails_id);


--
-- Name: documentapp_document_raised_tickets documentapp_document_raised_tickets_pkey; Type: CONSTRAINT; Schema: public; Owner: postgres
--

ALTER TABLE ONLY public.documentapp_document_raised_tickets
    ADD CONSTRAINT documentapp_document_raised_tickets_pkey PRIMARY KEY (id);


--
-- Name: documentapp_documentannotation documentapp_documentannotation_pkey; Type: CONSTRAINT; Schema: public; Owner: postgres
--

ALTER TABLE ONLY public.documentapp_documentannotation
    ADD CONSTRAINT documentapp_documentannotation_pkey PRIMARY KEY (id);


--
-- Name: documentapp_documentexpiryhistory documentapp_documentexpiryhistory_pkey; Type: CONSTRAINT; Schema: public; Owner: postgres
--

ALTER TABLE ONLY public.documentapp_documentexpiryhistory
    ADD CONSTRAINT documentapp_documentexpiryhistory_pkey PRIMARY KEY (id);


--
-- Name: documentapp_documentfolder documentapp_documentfolder_pkey; Type: CONSTRAINT; Schema: public; Owner: postgres
--

ALTER TABLE ONLY public.documentapp_documentfolder
    ADD CONSTRAINT documentapp_documentfolder_pkey PRIMARY KEY (id);


--
-- Name: documentapp_documentretention documentapp_documentretention_document_id_key; Type: CONSTRAINT; Schema: public; Owner: postgres
--

ALTER TABLE ONLY public.documentapp_documentretention
    ADD CONSTRAINT documentapp_documentretention_document_id_key UNIQUE (document_id);


--
-- Name: documentapp_documentretention documentapp_documentretention_pkey; Type: CONSTRAINT; Schema: public; Owner: postgres
--

ALTER TABLE ONLY public.documentapp_documentretention
    ADD CONSTRAINT documentapp_documentretention_pkey PRIMARY KEY (id);


--
-- Name: documentapp_documentsecurity documentapp_documentsecurity_document_version_id_key; Type: CONSTRAINT; Schema: public; Owner: postgres
--

ALTER TABLE ONLY public.documentapp_documentsecurity
    ADD CONSTRAINT documentapp_documentsecurity_document_version_id_key UNIQUE (document_version_id);


--
-- Name: documentapp_documentsecurity documentapp_documentsecurity_pkey; Type: CONSTRAINT; Schema: public; Owner: postgres
--

ALTER TABLE ONLY public.documentapp_documentsecurity
    ADD CONSTRAINT documentapp_documentsecurity_pkey PRIMARY KEY (id);


--
-- Name: documentapp_documentversion documentapp_documentvers_document_id_version_numb_481a8b82_uniq; Type: CONSTRAINT; Schema: public; Owner: postgres
--

ALTER TABLE ONLY public.documentapp_documentversion
    ADD CONSTRAINT documentapp_documentvers_document_id_version_numb_481a8b82_uniq UNIQUE (document_id, version_number);


--
-- Name: documentapp_documentversion documentapp_documentversion_pkey; Type: CONSTRAINT; Schema: public; Owner: postgres
--

ALTER TABLE ONLY public.documentapp_documentversion
    ADD CONSTRAINT documentapp_documentversion_pkey PRIMARY KEY (id);


--
-- Name: documentapp_downloadpermission documentapp_downloadpermission_name_key; Type: CONSTRAINT; Schema: public; Owner: postgres
--

ALTER TABLE ONLY public.documentapp_downloadpermission
    ADD CONSTRAINT documentapp_downloadpermission_name_key UNIQUE (name);


--
-- Name: documentapp_downloadpermission documentapp_downloadpermission_pkey; Type: CONSTRAINT; Schema: public; Owner: postgres
--

ALTER TABLE ONLY public.documentapp_downloadpermission
    ADD CONSTRAINT documentapp_downloadpermission_pkey PRIMARY KEY (id);


--
-- Name: documentapp_periodicreview documentapp_periodicreview_pkey; Type: CONSTRAINT; Schema: public; Owner: postgres
--

ALTER TABLE ONLY public.documentapp_periodicreview
    ADD CONSTRAINT documentapp_periodicreview_pkey PRIMARY KEY (id);


--
-- Name: filemanagement_filemanagement filemanagement_filemanagement_guid_key; Type: CONSTRAINT; Schema: public; Owner: postgres
--

ALTER TABLE ONLY public.filemanagement_filemanagement
    ADD CONSTRAINT filemanagement_filemanagement_guid_key UNIQUE (guid);


--
-- Name: filemanagement_filemanagement filemanagement_filemanagement_pkey; Type: CONSTRAINT; Schema: public; Owner: postgres
--

ALTER TABLE ONLY public.filemanagement_filemanagement
    ADD CONSTRAINT filemanagement_filemanagement_pkey PRIMARY KEY (id);


--
-- Name: formsapp_checklistform formsapp_checklistform_pkey; Type: CONSTRAINT; Schema: public; Owner: postgres
--

ALTER TABLE ONLY public.formsapp_checklistform
    ADD CONSTRAINT formsapp_checklistform_pkey PRIMARY KEY (id);


--
-- Name: formsapp_datatype formsapp_datatype_name_key; Type: CONSTRAINT; Schema: public; Owner: postgres
--

ALTER TABLE ONLY public.formsapp_datatype
    ADD CONSTRAINT formsapp_datatype_name_key UNIQUE (name);


--
-- Name: formsapp_datatype formsapp_datatype_pkey; Type: CONSTRAINT; Schema: public; Owner: postgres
--

ALTER TABLE ONLY public.formsapp_datatype
    ADD CONSTRAINT formsapp_datatype_pkey PRIMARY KEY (id);


--
-- Name: formsapp_fieldtype formsapp_fieldtype_name_key; Type: CONSTRAINT; Schema: public; Owner: postgres
--

ALTER TABLE ONLY public.formsapp_fieldtype
    ADD CONSTRAINT formsapp_fieldtype_name_key UNIQUE (name);


--
-- Name: formsapp_fieldtype formsapp_fieldtype_pkey; Type: CONSTRAINT; Schema: public; Owner: postgres
--

ALTER TABLE ONLY public.formsapp_fieldtype
    ADD CONSTRAINT formsapp_fieldtype_pkey PRIMARY KEY (id);


--
-- Name: formsapp_form formsapp_form_pkey; Type: CONSTRAINT; Schema: public; Owner: postgres
--

ALTER TABLE ONLY public.formsapp_form
    ADD CONSTRAINT formsapp_form_pkey PRIMARY KEY (id);


--
-- Name: formsapp_formdesign formsapp_formdesign_pkey; Type: CONSTRAINT; Schema: public; Owner: postgres
--

ALTER TABLE ONLY public.formsapp_formdesign
    ADD CONSTRAINT formsapp_formdesign_pkey PRIMARY KEY (id);


--
-- Name: formsapp_formdraft formsapp_formdraft_pkey; Type: CONSTRAINT; Schema: public; Owner: postgres
--

ALTER TABLE ONLY public.formsapp_formdraft
    ADD CONSTRAINT formsapp_formdraft_pkey PRIMARY KEY (id);


--
-- Name: formsapp_formfields formsapp_formfields_label_section_id_2df0db43_uniq; Type: CONSTRAINT; Schema: public; Owner: postgres
--

ALTER TABLE ONLY public.formsapp_formfields
    ADD CONSTRAINT formsapp_formfields_label_section_id_2df0db43_uniq UNIQUE (label, section_id);


--
-- Name: formsapp_formfields formsapp_formfields_pkey; Type: CONSTRAINT; Schema: public; Owner: postgres
--

ALTER TABLE ONLY public.formsapp_formfields
    ADD CONSTRAINT formsapp_formfields_pkey PRIMARY KEY (id);


--
-- Name: formsapp_formsections formsapp_formsections_form_id_name_e0b3e981_uniq; Type: CONSTRAINT; Schema: public; Owner: postgres
--

ALTER TABLE ONLY public.formsapp_formsections
    ADD CONSTRAINT formsapp_formsections_form_id_name_e0b3e981_uniq UNIQUE (form_id, name);


--
-- Name: formsapp_formsections formsapp_formsections_pkey; Type: CONSTRAINT; Schema: public; Owner: postgres
--

ALTER TABLE ONLY public.formsapp_formsections
    ADD CONSTRAINT formsapp_formsections_pkey PRIMARY KEY (id);


--
-- Name: formsapp_formtype formsapp_formtype_name_key; Type: CONSTRAINT; Schema: public; Owner: postgres
--

ALTER TABLE ONLY public.formsapp_formtype
    ADD CONSTRAINT formsapp_formtype_name_key UNIQUE (name);


--
-- Name: formsapp_formtype formsapp_formtype_pkey; Type: CONSTRAINT; Schema: public; Owner: postgres
--

ALTER TABLE ONLY public.formsapp_formtype
    ADD CONSTRAINT formsapp_formtype_pkey PRIMARY KEY (id);


--
-- Name: formsapp_parameter formsapp_parameter_pkey; Type: CONSTRAINT; Schema: public; Owner: postgres
--

ALTER TABLE ONLY public.formsapp_parameter
    ADD CONSTRAINT formsapp_parameter_pkey PRIMARY KEY (id);


--
-- Name: formsapp_parameterdata formsapp_parameterdata_pkey; Type: CONSTRAINT; Schema: public; Owner: postgres
--

ALTER TABLE ONLY public.formsapp_parameterdata
    ADD CONSTRAINT formsapp_parameterdata_pkey PRIMARY KEY (id);


--
-- Name: formsapp_parameterdatatype formsapp_parameterdatatype_pkey; Type: CONSTRAINT; Schema: public; Owner: postgres
--

ALTER TABLE ONLY public.formsapp_parameterdatatype
    ADD CONSTRAINT formsapp_parameterdatatype_pkey PRIMARY KEY (id);


--
-- Name: formsapp_section formsapp_section_name_key; Type: CONSTRAINT; Schema: public; Owner: postgres
--

ALTER TABLE ONLY public.formsapp_section
    ADD CONSTRAINT formsapp_section_name_key UNIQUE (name);


--
-- Name: formsapp_section formsapp_section_pkey; Type: CONSTRAINT; Schema: public; Owner: postgres
--

ALTER TABLE ONLY public.formsapp_section
    ADD CONSTRAINT formsapp_section_pkey PRIMARY KEY (id);


--
-- Name: inventoryapp_adddetailsfield inventoryapp_adddetailsfield_pkey; Type: CONSTRAINT; Schema: public; Owner: postgres
--

ALTER TABLE ONLY public.inventoryapp_adddetailsfield
    ADD CONSTRAINT inventoryapp_adddetailsfield_pkey PRIMARY KEY (id);


--
-- Name: inventoryapp_adddetailsfieldlog inventoryapp_adddetailsfieldlog_pkey; Type: CONSTRAINT; Schema: public; Owner: postgres
--

ALTER TABLE ONLY public.inventoryapp_adddetailsfieldlog
    ADD CONSTRAINT inventoryapp_adddetailsfieldlog_pkey PRIMARY KEY (id);


--
-- Name: inventoryapp_addinventoryfield inventoryapp_addinventoryfield_pkey; Type: CONSTRAINT; Schema: public; Owner: postgres
--

ALTER TABLE ONLY public.inventoryapp_addinventoryfield
    ADD CONSTRAINT inventoryapp_addinventoryfield_pkey PRIMARY KEY (id);


--
-- Name: inventoryapp_addinventoryfieldlog inventoryapp_addinventoryfieldlog_pkey; Type: CONSTRAINT; Schema: public; Owner: postgres
--

ALTER TABLE ONLY public.inventoryapp_addinventoryfieldlog
    ADD CONSTRAINT inventoryapp_addinventoryfieldlog_pkey PRIMARY KEY (id);


--
-- Name: inventoryapp_addinventoryinward inventoryapp_addinventoryinward_pkey; Type: CONSTRAINT; Schema: public; Owner: postgres
--

ALTER TABLE ONLY public.inventoryapp_addinventoryinward
    ADD CONSTRAINT inventoryapp_addinventoryinward_pkey PRIMARY KEY (id);


--
-- Name: inventoryapp_addinventoryinwardlog inventoryapp_addinventoryinwardlog_pkey; Type: CONSTRAINT; Schema: public; Owner: postgres
--

ALTER TABLE ONLY public.inventoryapp_addinventoryinwardlog
    ADD CONSTRAINT inventoryapp_addinventoryinwardlog_pkey PRIMARY KEY (id);


--
-- Name: inventoryapp_addinventoryoutward inventoryapp_addinventoryoutward_pkey; Type: CONSTRAINT; Schema: public; Owner: postgres
--

ALTER TABLE ONLY public.inventoryapp_addinventoryoutward
    ADD CONSTRAINT inventoryapp_addinventoryoutward_pkey PRIMARY KEY (id);


--
-- Name: inventoryapp_addinventoryoutwardlog inventoryapp_addinventoryoutwardlog_pkey; Type: CONSTRAINT; Schema: public; Owner: postgres
--

ALTER TABLE ONLY public.inventoryapp_addinventoryoutwardlog
    ADD CONSTRAINT inventoryapp_addinventoryoutwardlog_pkey PRIMARY KEY (id);


--
-- Name: inventoryapp_criticality inventoryapp_criticality_criticality_name_key; Type: CONSTRAINT; Schema: public; Owner: postgres
--

ALTER TABLE ONLY public.inventoryapp_criticality
    ADD CONSTRAINT inventoryapp_criticality_criticality_name_key UNIQUE (criticality_name);


--
-- Name: inventoryapp_criticality inventoryapp_criticality_pkey; Type: CONSTRAINT; Schema: public; Owner: postgres
--

ALTER TABLE ONLY public.inventoryapp_criticality
    ADD CONSTRAINT inventoryapp_criticality_pkey PRIMARY KEY (id);


--
-- Name: inventoryapp_inventorydetails inventoryapp_inventorydetails_inventory_code_key; Type: CONSTRAINT; Schema: public; Owner: postgres
--

ALTER TABLE ONLY public.inventoryapp_inventorydetails
    ADD CONSTRAINT inventoryapp_inventorydetails_inventory_code_key UNIQUE (inventory_code);


--
-- Name: inventoryapp_inventorydetails inventoryapp_inventorydetails_inventory_name_key; Type: CONSTRAINT; Schema: public; Owner: postgres
--

ALTER TABLE ONLY public.inventoryapp_inventorydetails
    ADD CONSTRAINT inventoryapp_inventorydetails_inventory_name_key UNIQUE (inventory_name);


--
-- Name: inventoryapp_inventorydetails inventoryapp_inventorydetails_pkey; Type: CONSTRAINT; Schema: public; Owner: postgres
--

ALTER TABLE ONLY public.inventoryapp_inventorydetails
    ADD CONSTRAINT inventoryapp_inventorydetails_pkey PRIMARY KEY (id);


--
-- Name: inventoryapp_inventoryinward inventoryapp_inventoryinward_material_receive_note_number_key; Type: CONSTRAINT; Schema: public; Owner: postgres
--

ALTER TABLE ONLY public.inventoryapp_inventoryinward
    ADD CONSTRAINT inventoryapp_inventoryinward_material_receive_note_number_key UNIQUE (material_receive_note_number);


--
-- Name: inventoryapp_inventoryinward inventoryapp_inventoryinward_pkey; Type: CONSTRAINT; Schema: public; Owner: postgres
--

ALTER TABLE ONLY public.inventoryapp_inventoryinward
    ADD CONSTRAINT inventoryapp_inventoryinward_pkey PRIMARY KEY (id);


--
-- Name: inventoryapp_inventoryinward inventoryapp_inventoryinward_purchase_order_number_key; Type: CONSTRAINT; Schema: public; Owner: postgres
--

ALTER TABLE ONLY public.inventoryapp_inventoryinward
    ADD CONSTRAINT inventoryapp_inventoryinward_purchase_order_number_key UNIQUE (purchase_order_number);


--
-- Name: inventoryapp_inventoryoutward inventoryapp_inventoryoutward_outward_number_key; Type: CONSTRAINT; Schema: public; Owner: postgres
--

ALTER TABLE ONLY public.inventoryapp_inventoryoutward
    ADD CONSTRAINT inventoryapp_inventoryoutward_outward_number_key UNIQUE (outward_number);


--
-- Name: inventoryapp_inventoryoutward inventoryapp_inventoryoutward_pkey; Type: CONSTRAINT; Schema: public; Owner: postgres
--

ALTER TABLE ONLY public.inventoryapp_inventoryoutward
    ADD CONSTRAINT inventoryapp_inventoryoutward_pkey PRIMARY KEY (id);


--
-- Name: inventoryapp_inventorystockinfo inventoryapp_inventoryst_inventory_name_id_locati_dc9087a7_uniq; Type: CONSTRAINT; Schema: public; Owner: postgres
--

ALTER TABLE ONLY public.inventoryapp_inventorystockinfo
    ADD CONSTRAINT inventoryapp_inventoryst_inventory_name_id_locati_dc9087a7_uniq UNIQUE (inventory_name_id, location_id);


--
-- Name: inventoryapp_inventorystockinfo inventoryapp_inventorystockinfo_batch_lot_number_key; Type: CONSTRAINT; Schema: public; Owner: postgres
--

ALTER TABLE ONLY public.inventoryapp_inventorystockinfo
    ADD CONSTRAINT inventoryapp_inventorystockinfo_batch_lot_number_key UNIQUE (batch_lot_number);


--
-- Name: inventoryapp_inventorystockinfo inventoryapp_inventorystockinfo_pkey; Type: CONSTRAINT; Schema: public; Owner: postgres
--

ALTER TABLE ONLY public.inventoryapp_inventorystockinfo
    ADD CONSTRAINT inventoryapp_inventorystockinfo_pkey PRIMARY KEY (id);


--
-- Name: inventoryapp_inventorytype inventoryapp_inventorytype_name_key; Type: CONSTRAINT; Schema: public; Owner: postgres
--

ALTER TABLE ONLY public.inventoryapp_inventorytype
    ADD CONSTRAINT inventoryapp_inventorytype_name_key UNIQUE (name);


--
-- Name: inventoryapp_inventorytype inventoryapp_inventorytype_pkey; Type: CONSTRAINT; Schema: public; Owner: postgres
--

ALTER TABLE ONLY public.inventoryapp_inventorytype
    ADD CONSTRAINT inventoryapp_inventorytype_pkey PRIMARY KEY (id);


--
-- Name: inventoryapp_rol inventoryapp_rol_pkey; Type: CONSTRAINT; Schema: public; Owner: postgres
--

ALTER TABLE ONLY public.inventoryapp_rol
    ADD CONSTRAINT inventoryapp_rol_pkey PRIMARY KEY (id);


--
-- Name: inventoryapp_rol inventoryapp_rol_rol_key; Type: CONSTRAINT; Schema: public; Owner: postgres
--

ALTER TABLE ONLY public.inventoryapp_rol
    ADD CONSTRAINT inventoryapp_rol_rol_key UNIQUE (rol);


--
-- Name: inventoryapp_unit inventoryapp_unit_name_key; Type: CONSTRAINT; Schema: public; Owner: postgres
--

ALTER TABLE ONLY public.inventoryapp_unit
    ADD CONSTRAINT inventoryapp_unit_name_key UNIQUE (name);


--
-- Name: inventoryapp_unit inventoryapp_unit_pkey; Type: CONSTRAINT; Schema: public; Owner: postgres
--

ALTER TABLE ONLY public.inventoryapp_unit
    ADD CONSTRAINT inventoryapp_unit_pkey PRIMARY KEY (id);


--
-- Name: ticketworkflowapp_actioncriteria ticketworkflowapp_actioncriteria_pkey; Type: CONSTRAINT; Schema: public; Owner: postgres
--

ALTER TABLE ONLY public.ticketworkflowapp_actioncriteria
    ADD CONSTRAINT ticketworkflowapp_actioncriteria_pkey PRIMARY KEY (id);


--
-- Name: ticketworkflowapp_actiontype ticketworkflowapp_actiontype_pkey; Type: CONSTRAINT; Schema: public; Owner: postgres
--

ALTER TABLE ONLY public.ticketworkflowapp_actiontype
    ADD CONSTRAINT ticketworkflowapp_actiontype_pkey PRIMARY KEY (id);


--
-- Name: ticketworkflowapp_customaccesstrack_allowed_users ticketworkflowapp_custom_customaccesstrack_id_emp_c042d236_uniq; Type: CONSTRAINT; Schema: public; Owner: postgres
--

ALTER TABLE ONLY public.ticketworkflowapp_customaccesstrack_allowed_users
    ADD CONSTRAINT ticketworkflowapp_custom_customaccesstrack_id_emp_c042d236_uniq UNIQUE (customaccesstrack_id, employee_id);


--
-- Name: ticketworkflowapp_customaccesstrack_allowed_roles ticketworkflowapp_custom_customaccesstrack_id_rol_d477596d_uniq; Type: CONSTRAINT; Schema: public; Owner: postgres
--

ALTER TABLE ONLY public.ticketworkflowapp_customaccesstrack_allowed_roles
    ADD CONSTRAINT ticketworkflowapp_custom_customaccesstrack_id_rol_d477596d_uniq UNIQUE (customaccesstrack_id, role_id);


--
-- Name: ticketworkflowapp_customstageaccess_allowed_users ticketworkflowapp_custom_customstageaccess_id_emp_42b08c81_uniq; Type: CONSTRAINT; Schema: public; Owner: postgres
--

ALTER TABLE ONLY public.ticketworkflowapp_customstageaccess_allowed_users
    ADD CONSTRAINT ticketworkflowapp_custom_customstageaccess_id_emp_42b08c81_uniq UNIQUE (customstageaccess_id, employee_id);


--
-- Name: ticketworkflowapp_customstageaccess_allowed_roles ticketworkflowapp_custom_customstageaccess_id_rol_f093ccdf_uniq; Type: CONSTRAINT; Schema: public; Owner: postgres
--

ALTER TABLE ONLY public.ticketworkflowapp_customstageaccess_allowed_roles
    ADD CONSTRAINT ticketworkflowapp_custom_customstageaccess_id_rol_f093ccdf_uniq UNIQUE (customstageaccess_id, role_id);


--
-- Name: ticketworkflowapp_customaccesstrack_allowed_roles ticketworkflowapp_customaccesstrack_allowed_roles_pkey; Type: CONSTRAINT; Schema: public; Owner: postgres
--

ALTER TABLE ONLY public.ticketworkflowapp_customaccesstrack_allowed_roles
    ADD CONSTRAINT ticketworkflowapp_customaccesstrack_allowed_roles_pkey PRIMARY KEY (id);


--
-- Name: ticketworkflowapp_customaccesstrack_allowed_users ticketworkflowapp_customaccesstrack_allowed_users_pkey; Type: CONSTRAINT; Schema: public; Owner: postgres
--

ALTER TABLE ONLY public.ticketworkflowapp_customaccesstrack_allowed_users
    ADD CONSTRAINT ticketworkflowapp_customaccesstrack_allowed_users_pkey PRIMARY KEY (id);


--
-- Name: ticketworkflowapp_customaccesstrack ticketworkflowapp_customaccesstrack_pkey; Type: CONSTRAINT; Schema: public; Owner: postgres
--

ALTER TABLE ONLY public.ticketworkflowapp_customaccesstrack
    ADD CONSTRAINT ticketworkflowapp_customaccesstrack_pkey PRIMARY KEY (id);


--
-- Name: ticketworkflowapp_customstageaccess_allowed_roles ticketworkflowapp_customstageaccess_allowed_roles_pkey; Type: CONSTRAINT; Schema: public; Owner: postgres
--

ALTER TABLE ONLY public.ticketworkflowapp_customstageaccess_allowed_roles
    ADD CONSTRAINT ticketworkflowapp_customstageaccess_allowed_roles_pkey PRIMARY KEY (id);


--
-- Name: ticketworkflowapp_customstageaccess_allowed_users ticketworkflowapp_customstageaccess_allowed_users_pkey; Type: CONSTRAINT; Schema: public; Owner: postgres
--

ALTER TABLE ONLY public.ticketworkflowapp_customstageaccess_allowed_users
    ADD CONSTRAINT ticketworkflowapp_customstageaccess_allowed_users_pkey PRIMARY KEY (id);


--
-- Name: ticketworkflowapp_customstageaccess ticketworkflowapp_customstageaccess_pkey; Type: CONSTRAINT; Schema: public; Owner: postgres
--

ALTER TABLE ONLY public.ticketworkflowapp_customstageaccess
    ADD CONSTRAINT ticketworkflowapp_customstageaccess_pkey PRIMARY KEY (id);


--
-- Name: ticketworkflowapp_evaluationroles ticketworkflowapp_evaluationroles_pkey; Type: CONSTRAINT; Schema: public; Owner: postgres
--

ALTER TABLE ONLY public.ticketworkflowapp_evaluationroles
    ADD CONSTRAINT ticketworkflowapp_evaluationroles_pkey PRIMARY KEY (id);


--
-- Name: ticketworkflowapp_formfieldresponse ticketworkflowapp_formfieldresponse_pkey; Type: CONSTRAINT; Schema: public; Owner: postgres
--

ALTER TABLE ONLY public.ticketworkflowapp_formfieldresponse
    ADD CONSTRAINT ticketworkflowapp_formfieldresponse_pkey PRIMARY KEY (id);


--
-- Name: ticketworkflowapp_formsubmission ticketworkflowapp_formsubmission_pkey; Type: CONSTRAINT; Schema: public; Owner: postgres
--

ALTER TABLE ONLY public.ticketworkflowapp_formsubmission
    ADD CONSTRAINT ticketworkflowapp_formsubmission_pkey PRIMARY KEY (id);


--
-- Name: ticketworkflowapp_priority ticketworkflowapp_priority_pkey; Type: CONSTRAINT; Schema: public; Owner: postgres
--

ALTER TABLE ONLY public.ticketworkflowapp_priority
    ADD CONSTRAINT ticketworkflowapp_priority_pkey PRIMARY KEY (id);


--
-- Name: ticketworkflowapp_savedtickets ticketworkflowapp_savedtickets_pkey; Type: CONSTRAINT; Schema: public; Owner: postgres
--

ALTER TABLE ONLY public.ticketworkflowapp_savedtickets
    ADD CONSTRAINT ticketworkflowapp_savedtickets_pkey PRIMARY KEY (id);


--
-- Name: ticketworkflowapp_slaextensionseen ticketworkflowapp_slaext_request_id_employee_id_f6a62c10_uniq; Type: CONSTRAINT; Schema: public; Owner: postgres
--

ALTER TABLE ONLY public.ticketworkflowapp_slaextensionseen
    ADD CONSTRAINT ticketworkflowapp_slaext_request_id_employee_id_f6a62c10_uniq UNIQUE (request_id, employee_id);


--
-- Name: ticketworkflowapp_slaextensionrequest ticketworkflowapp_slaextensionrequest_pkey; Type: CONSTRAINT; Schema: public; Owner: postgres
--

ALTER TABLE ONLY public.ticketworkflowapp_slaextensionrequest
    ADD CONSTRAINT ticketworkflowapp_slaextensionrequest_pkey PRIMARY KEY (id);


--
-- Name: ticketworkflowapp_slaextensionseen ticketworkflowapp_slaextensionseen_pkey; Type: CONSTRAINT; Schema: public; Owner: postgres
--

ALTER TABLE ONLY public.ticketworkflowapp_slaextensionseen
    ADD CONSTRAINT ticketworkflowapp_slaextensionseen_pkey PRIMARY KEY (id);


--
-- Name: ticketworkflowapp_slaextensionsignature ticketworkflowapp_slaextensionsignature_pkey; Type: CONSTRAINT; Schema: public; Owner: postgres
--

ALTER TABLE ONLY public.ticketworkflowapp_slaextensionsignature
    ADD CONSTRAINT ticketworkflowapp_slaextensionsignature_pkey PRIMARY KEY (id);


--
-- Name: ticketworkflowapp_stageflowremark ticketworkflowapp_stageflowremark_pkey; Type: CONSTRAINT; Schema: public; Owner: postgres
--

ALTER TABLE ONLY public.ticketworkflowapp_stageflowremark
    ADD CONSTRAINT ticketworkflowapp_stageflowremark_pkey PRIMARY KEY (id);


--
-- Name: ticketworkflowapp_temperoryworkflow ticketworkflowapp_temperoryworkflow_pkey; Type: CONSTRAINT; Schema: public; Owner: postgres
--

ALTER TABLE ONLY public.ticketworkflowapp_temperoryworkflow
    ADD CONSTRAINT ticketworkflowapp_temperoryworkflow_pkey PRIMARY KEY (id);


--
-- Name: ticketworkflowapp_ticketflow_current_stage ticketworkflowapp_ticket_ticketflow_id_workflowst_cbb25dc0_uniq; Type: CONSTRAINT; Schema: public; Owner: postgres
--

ALTER TABLE ONLY public.ticketworkflowapp_ticketflow_current_stage
    ADD CONSTRAINT ticketworkflowapp_ticket_ticketflow_id_workflowst_cbb25dc0_uniq UNIQUE (ticketflow_id, workflowstage_id);


--
-- Name: ticketworkflowapp_ticketstageaccess_allowed_users ticketworkflowapp_ticket_ticketstageaccess_id_emp_71888f1e_uniq; Type: CONSTRAINT; Schema: public; Owner: postgres
--

ALTER TABLE ONLY public.ticketworkflowapp_ticketstageaccess_allowed_users
    ADD CONSTRAINT ticketworkflowapp_ticket_ticketstageaccess_id_emp_71888f1e_uniq UNIQUE (ticketstageaccess_id, employee_id);


--
-- Name: ticketworkflowapp_ticketstageaccess_allowed_roles ticketworkflowapp_ticket_ticketstageaccess_id_rol_bbffc38b_uniq; Type: CONSTRAINT; Schema: public; Owner: postgres
--

ALTER TABLE ONLY public.ticketworkflowapp_ticketstageaccess_allowed_roles
    ADD CONSTRAINT ticketworkflowapp_ticket_ticketstageaccess_id_rol_bbffc38b_uniq UNIQUE (ticketstageaccess_id, role_id);


--
-- Name: ticketworkflowapp_ticketchecklistvalue ticketworkflowapp_ticketchecklistvalue_pkey; Type: CONSTRAINT; Schema: public; Owner: postgres
--

ALTER TABLE ONLY public.ticketworkflowapp_ticketchecklistvalue
    ADD CONSTRAINT ticketworkflowapp_ticketchecklistvalue_pkey PRIMARY KEY (id);


--
-- Name: ticketworkflowapp_ticketcomment ticketworkflowapp_ticketcomment_pkey; Type: CONSTRAINT; Schema: public; Owner: postgres
--

ALTER TABLE ONLY public.ticketworkflowapp_ticketcomment
    ADD CONSTRAINT ticketworkflowapp_ticketcomment_pkey PRIMARY KEY (id);


--
-- Name: ticketworkflowapp_ticketdetails ticketworkflowapp_ticketdetails_pkey; Type: CONSTRAINT; Schema: public; Owner: postgres
--

ALTER TABLE ONLY public.ticketworkflowapp_ticketdetails
    ADD CONSTRAINT ticketworkflowapp_ticketdetails_pkey PRIMARY KEY (id);


--
-- Name: ticketworkflowapp_ticketdetails ticketworkflowapp_ticketdetails_unique_id_key; Type: CONSTRAINT; Schema: public; Owner: postgres
--

ALTER TABLE ONLY public.ticketworkflowapp_ticketdetails
    ADD CONSTRAINT ticketworkflowapp_ticketdetails_unique_id_key UNIQUE (unique_id);


--
-- Name: ticketworkflowapp_ticketdocs ticketworkflowapp_ticketdocs_pkey; Type: CONSTRAINT; Schema: public; Owner: postgres
--

ALTER TABLE ONLY public.ticketworkflowapp_ticketdocs
    ADD CONSTRAINT ticketworkflowapp_ticketdocs_pkey PRIMARY KEY (id);


--
-- Name: ticketworkflowapp_ticketflow_current_stage ticketworkflowapp_ticketflow_current_stage_pkey; Type: CONSTRAINT; Schema: public; Owner: postgres
--

ALTER TABLE ONLY public.ticketworkflowapp_ticketflow_current_stage
    ADD CONSTRAINT ticketworkflowapp_ticketflow_current_stage_pkey PRIMARY KEY (id);


--
-- Name: ticketworkflowapp_ticketflow ticketworkflowapp_ticketflow_pkey; Type: CONSTRAINT; Schema: public; Owner: postgres
--

ALTER TABLE ONLY public.ticketworkflowapp_ticketflow
    ADD CONSTRAINT ticketworkflowapp_ticketflow_pkey PRIMARY KEY (id);


--
-- Name: ticketworkflowapp_ticketparameter ticketworkflowapp_ticketparameter_pkey; Type: CONSTRAINT; Schema: public; Owner: postgres
--

ALTER TABLE ONLY public.ticketworkflowapp_ticketparameter
    ADD CONSTRAINT ticketworkflowapp_ticketparameter_pkey PRIMARY KEY (id);


--
-- Name: ticketworkflowapp_ticketstageaccess_allowed_roles ticketworkflowapp_ticketstageaccess_allowed_roles_pkey; Type: CONSTRAINT; Schema: public; Owner: postgres
--

ALTER TABLE ONLY public.ticketworkflowapp_ticketstageaccess_allowed_roles
    ADD CONSTRAINT ticketworkflowapp_ticketstageaccess_allowed_roles_pkey PRIMARY KEY (id);


--
-- Name: ticketworkflowapp_ticketstageaccess_allowed_users ticketworkflowapp_ticketstageaccess_allowed_users_pkey; Type: CONSTRAINT; Schema: public; Owner: postgres
--

ALTER TABLE ONLY public.ticketworkflowapp_ticketstageaccess_allowed_users
    ADD CONSTRAINT ticketworkflowapp_ticketstageaccess_allowed_users_pkey PRIMARY KEY (id);


--
-- Name: ticketworkflowapp_ticketstageaccess ticketworkflowapp_ticketstageaccess_pkey; Type: CONSTRAINT; Schema: public; Owner: postgres
--

ALTER TABLE ONLY public.ticketworkflowapp_ticketstageaccess
    ADD CONSTRAINT ticketworkflowapp_ticketstageaccess_pkey PRIMARY KEY (id);


--
-- Name: ticketworkflowapp_ticketstagetracking ticketworkflowapp_ticketstagetracking_pkey; Type: CONSTRAINT; Schema: public; Owner: postgres
--

ALTER TABLE ONLY public.ticketworkflowapp_ticketstagetracking
    ADD CONSTRAINT ticketworkflowapp_ticketstagetracking_pkey PRIMARY KEY (id);


--
-- Name: ticketworkflowapp_workflowchecklist_section ticketworkflowapp_workfl_workflowchecklist_id_for_33ea6c11_uniq; Type: CONSTRAINT; Schema: public; Owner: postgres
--

ALTER TABLE ONLY public.ticketworkflowapp_workflowchecklist_section
    ADD CONSTRAINT ticketworkflowapp_workfl_workflowchecklist_id_for_33ea6c11_uniq UNIQUE (workflowchecklist_id, formsections_id);


--
-- Name: ticketworkflowapp_workflowchecklist_writer_roles ticketworkflowapp_workfl_workflowchecklist_id_rol_53f33b28_uniq; Type: CONSTRAINT; Schema: public; Owner: postgres
--

ALTER TABLE ONLY public.ticketworkflowapp_workflowchecklist_writer_roles
    ADD CONSTRAINT ticketworkflowapp_workfl_workflowchecklist_id_rol_53f33b28_uniq UNIQUE (workflowchecklist_id, role_id);


--
-- Name: ticketworkflowapp_workflowchecklist_reader_roles ticketworkflowapp_workfl_workflowchecklist_id_rol_b4b51749_uniq; Type: CONSTRAINT; Schema: public; Owner: postgres
--

ALTER TABLE ONLY public.ticketworkflowapp_workflowchecklist_reader_roles
    ADD CONSTRAINT ticketworkflowapp_workfl_workflowchecklist_id_rol_b4b51749_uniq UNIQUE (workflowchecklist_id, role_id);


--
-- Name: ticketworkflowapp_workflowsla_users ticketworkflowapp_workfl_workflowsla_id_employee__04619dc5_uniq; Type: CONSTRAINT; Schema: public; Owner: postgres
--

ALTER TABLE ONLY public.ticketworkflowapp_workflowsla_users
    ADD CONSTRAINT ticketworkflowapp_workfl_workflowsla_id_employee__04619dc5_uniq UNIQUE (workflowsla_id, employee_id);


--
-- Name: ticketworkflowapp_workflowsla_roles ticketworkflowapp_workfl_workflowsla_id_role_id_cdcb3638_uniq; Type: CONSTRAINT; Schema: public; Owner: postgres
--

ALTER TABLE ONLY public.ticketworkflowapp_workflowsla_roles
    ADD CONSTRAINT ticketworkflowapp_workfl_workflowsla_id_role_id_cdcb3638_uniq UNIQUE (workflowsla_id, role_id);


--
-- Name: ticketworkflowapp_workflowstageactions_allowed_users ticketworkflowapp_workfl_workflowstageactions_id__38f32961_uniq; Type: CONSTRAINT; Schema: public; Owner: postgres
--

ALTER TABLE ONLY public.ticketworkflowapp_workflowstageactions_allowed_users
    ADD CONSTRAINT ticketworkflowapp_workfl_workflowstageactions_id__38f32961_uniq UNIQUE (workflowstageactions_id, employee_id);


--
-- Name: ticketworkflowapp_workflowstageactions_allowed_roles ticketworkflowapp_workfl_workflowstageactions_id__faad2062_uniq; Type: CONSTRAINT; Schema: public; Owner: postgres
--

ALTER TABLE ONLY public.ticketworkflowapp_workflowstageactions_allowed_roles
    ADD CONSTRAINT ticketworkflowapp_workfl_workflowstageactions_id__faad2062_uniq UNIQUE (workflowstageactions_id, role_id);


--
-- Name: ticketworkflowapp_workflow ticketworkflowapp_workflow_pkey; Type: CONSTRAINT; Schema: public; Owner: postgres
--

ALTER TABLE ONLY public.ticketworkflowapp_workflow
    ADD CONSTRAINT ticketworkflowapp_workflow_pkey PRIMARY KEY (id);


--
-- Name: ticketworkflowapp_workflowchecklist ticketworkflowapp_workflowchecklist_pkey; Type: CONSTRAINT; Schema: public; Owner: postgres
--

ALTER TABLE ONLY public.ticketworkflowapp_workflowchecklist
    ADD CONSTRAINT ticketworkflowapp_workflowchecklist_pkey PRIMARY KEY (id);


--
-- Name: ticketworkflowapp_workflowchecklist_reader_roles ticketworkflowapp_workflowchecklist_reader_roles_pkey; Type: CONSTRAINT; Schema: public; Owner: postgres
--

ALTER TABLE ONLY public.ticketworkflowapp_workflowchecklist_reader_roles
    ADD CONSTRAINT ticketworkflowapp_workflowchecklist_reader_roles_pkey PRIMARY KEY (id);


--
-- Name: ticketworkflowapp_workflowchecklist_section ticketworkflowapp_workflowchecklist_section_pkey; Type: CONSTRAINT; Schema: public; Owner: postgres
--

ALTER TABLE ONLY public.ticketworkflowapp_workflowchecklist_section
    ADD CONSTRAINT ticketworkflowapp_workflowchecklist_section_pkey PRIMARY KEY (id);


--
-- Name: ticketworkflowapp_workflowchecklist_writer_roles ticketworkflowapp_workflowchecklist_writer_roles_pkey; Type: CONSTRAINT; Schema: public; Owner: postgres
--

ALTER TABLE ONLY public.ticketworkflowapp_workflowchecklist_writer_roles
    ADD CONSTRAINT ticketworkflowapp_workflowchecklist_writer_roles_pkey PRIMARY KEY (id);


--
-- Name: ticketworkflowapp_workflowchecklisttemp ticketworkflowapp_workflowchecklisttemp_pkey; Type: CONSTRAINT; Schema: public; Owner: postgres
--

ALTER TABLE ONLY public.ticketworkflowapp_workflowchecklisttemp
    ADD CONSTRAINT ticketworkflowapp_workflowchecklisttemp_pkey PRIMARY KEY (id);


--
-- Name: ticketworkflowapp_workflowdependency ticketworkflowapp_workflowdependency_pkey; Type: CONSTRAINT; Schema: public; Owner: postgres
--

ALTER TABLE ONLY public.ticketworkflowapp_workflowdependency
    ADD CONSTRAINT ticketworkflowapp_workflowdependency_pkey PRIMARY KEY (id);


--
-- Name: ticketworkflowapp_workflowsla ticketworkflowapp_workflowsla_pkey; Type: CONSTRAINT; Schema: public; Owner: postgres
--

ALTER TABLE ONLY public.ticketworkflowapp_workflowsla
    ADD CONSTRAINT ticketworkflowapp_workflowsla_pkey PRIMARY KEY (id);


--
-- Name: ticketworkflowapp_workflowsla_roles ticketworkflowapp_workflowsla_roles_pkey; Type: CONSTRAINT; Schema: public; Owner: postgres
--

ALTER TABLE ONLY public.ticketworkflowapp_workflowsla_roles
    ADD CONSTRAINT ticketworkflowapp_workflowsla_roles_pkey PRIMARY KEY (id);


--
-- Name: ticketworkflowapp_workflowsla_users ticketworkflowapp_workflowsla_users_pkey; Type: CONSTRAINT; Schema: public; Owner: postgres
--

ALTER TABLE ONLY public.ticketworkflowapp_workflowsla_users
    ADD CONSTRAINT ticketworkflowapp_workflowsla_users_pkey PRIMARY KEY (id);


--
-- Name: ticketworkflowapp_workflowstage ticketworkflowapp_workflowstage_pkey; Type: CONSTRAINT; Schema: public; Owner: postgres
--

ALTER TABLE ONLY public.ticketworkflowapp_workflowstage
    ADD CONSTRAINT ticketworkflowapp_workflowstage_pkey PRIMARY KEY (id);


--
-- Name: ticketworkflowapp_workflowstageactions_allowed_roles ticketworkflowapp_workflowstageactions_allowed_roles_pkey; Type: CONSTRAINT; Schema: public; Owner: postgres
--

ALTER TABLE ONLY public.ticketworkflowapp_workflowstageactions_allowed_roles
    ADD CONSTRAINT ticketworkflowapp_workflowstageactions_allowed_roles_pkey PRIMARY KEY (id);


--
-- Name: ticketworkflowapp_workflowstageactions_allowed_users ticketworkflowapp_workflowstageactions_allowed_users_pkey; Type: CONSTRAINT; Schema: public; Owner: postgres
--

ALTER TABLE ONLY public.ticketworkflowapp_workflowstageactions_allowed_users
    ADD CONSTRAINT ticketworkflowapp_workflowstageactions_allowed_users_pkey PRIMARY KEY (id);


--
-- Name: ticketworkflowapp_workflowstageactions ticketworkflowapp_workflowstageactions_pkey; Type: CONSTRAINT; Schema: public; Owner: postgres
--

ALTER TABLE ONLY public.ticketworkflowapp_workflowstageactions
    ADD CONSTRAINT ticketworkflowapp_workflowstageactions_pkey PRIMARY KEY (id);


--
-- Name: ticketworkflowapp_workflowstagesignature ticketworkflowapp_workflowstagesignature_pkey; Type: CONSTRAINT; Schema: public; Owner: postgres
--

ALTER TABLE ONLY public.ticketworkflowapp_workflowstagesignature
    ADD CONSTRAINT ticketworkflowapp_workflowstagesignature_pkey PRIMARY KEY (id);


--
-- Name: ticketworkflowapp_workflowstagestatus ticketworkflowapp_workflowstagestatus_pkey; Type: CONSTRAINT; Schema: public; Owner: postgres
--

ALTER TABLE ONLY public.ticketworkflowapp_workflowstagestatus
    ADD CONSTRAINT ticketworkflowapp_workflowstagestatus_pkey PRIMARY KEY (id);


--
-- Name: ticketworkflowapp_workflowticketapprovalrequest ticketworkflowapp_workflowticketapprovalrequest_pkey; Type: CONSTRAINT; Schema: public; Owner: postgres
--

ALTER TABLE ONLY public.ticketworkflowapp_workflowticketapprovalrequest
    ADD CONSTRAINT ticketworkflowapp_workflowticketapprovalrequest_pkey PRIMARY KEY (id);


--
-- Name: ticketworkflowapp_workflowtransition ticketworkflowapp_workflowtransition_pkey; Type: CONSTRAINT; Schema: public; Owner: postgres
--

ALTER TABLE ONLY public.ticketworkflowapp_workflowtransition
    ADD CONSTRAINT ticketworkflowapp_workflowtransition_pkey PRIMARY KEY (id);


--
-- Name: ticketworkflowapp_workflowtype ticketworkflowapp_workflowtype_pkey; Type: CONSTRAINT; Schema: public; Owner: postgres
--

ALTER TABLE ONLY public.ticketworkflowapp_workflowtype
    ADD CONSTRAINT ticketworkflowapp_workflowtype_pkey PRIMARY KEY (id);


--
-- Name: tms_option tms_option_pkey; Type: CONSTRAINT; Schema: public; Owner: postgres
--

ALTER TABLE ONLY public.tms_option
    ADD CONSTRAINT tms_option_pkey PRIMARY KEY (id);


--
-- Name: tms_question tms_question_pkey; Type: CONSTRAINT; Schema: public; Owner: postgres
--

ALTER TABLE ONLY public.tms_question
    ADD CONSTRAINT tms_question_pkey PRIMARY KEY (id);


--
-- Name: tms_quiz tms_quiz_pkey; Type: CONSTRAINT; Schema: public; Owner: postgres
--

ALTER TABLE ONLY public.tms_quiz
    ADD CONSTRAINT tms_quiz_pkey PRIMARY KEY (id);


--
-- Name: tms_submittedanswer tms_submittedanswer_pkey; Type: CONSTRAINT; Schema: public; Owner: postgres
--

ALTER TABLE ONLY public.tms_submittedanswer
    ADD CONSTRAINT tms_submittedanswer_pkey PRIMARY KEY (id);


--
-- Name: tms_tags tms_tags_pkey; Type: CONSTRAINT; Schema: public; Owner: postgres
--

ALTER TABLE ONLY public.tms_tags
    ADD CONSTRAINT tms_tags_pkey PRIMARY KEY (id);


--
-- Name: tms_trainingassign_course tms_trainingassign_cours_trainingassign_id_traini_a18f5863_uniq; Type: CONSTRAINT; Schema: public; Owner: postgres
--

ALTER TABLE ONLY public.tms_trainingassign_course
    ADD CONSTRAINT tms_trainingassign_cours_trainingassign_id_traini_a18f5863_uniq UNIQUE (trainingassign_id, trainingcourse_id);


--
-- Name: tms_trainingassign_course tms_trainingassign_course_pkey; Type: CONSTRAINT; Schema: public; Owner: postgres
--

ALTER TABLE ONLY public.tms_trainingassign_course
    ADD CONSTRAINT tms_trainingassign_course_pkey PRIMARY KEY (id);


--
-- Name: tms_trainingassign tms_trainingassign_pkey; Type: CONSTRAINT; Schema: public; Owner: postgres
--

ALTER TABLE ONLY public.tms_trainingassign
    ADD CONSTRAINT tms_trainingassign_pkey PRIMARY KEY (id);


--
-- Name: tms_trainingcategory tms_trainingcategory_pkey; Type: CONSTRAINT; Schema: public; Owner: postgres
--

ALTER TABLE ONLY public.tms_trainingcategory
    ADD CONSTRAINT tms_trainingcategory_pkey PRIMARY KEY (id);


--
-- Name: tms_trainingchapters tms_trainingchapters_pkey; Type: CONSTRAINT; Schema: public; Owner: postgres
--

ALTER TABLE ONLY public.tms_trainingchapters
    ADD CONSTRAINT tms_trainingchapters_pkey PRIMARY KEY (id);


--
-- Name: tms_trainingchapters_tag tms_trainingchapters_tag_pkey; Type: CONSTRAINT; Schema: public; Owner: postgres
--

ALTER TABLE ONLY public.tms_trainingchapters_tag
    ADD CONSTRAINT tms_trainingchapters_tag_pkey PRIMARY KEY (id);


--
-- Name: tms_trainingchapters_tag tms_trainingchapters_tag_trainingchapters_id_tags_7556425e_uniq; Type: CONSTRAINT; Schema: public; Owner: postgres
--

ALTER TABLE ONLY public.tms_trainingchapters_tag
    ADD CONSTRAINT tms_trainingchapters_tag_trainingchapters_id_tags_7556425e_uniq UNIQUE (trainingchapters_id, tags_id);


--
-- Name: tms_trainingcourse tms_trainingcourse_pkey; Type: CONSTRAINT; Schema: public; Owner: postgres
--

ALTER TABLE ONLY public.tms_trainingcourse
    ADD CONSTRAINT tms_trainingcourse_pkey PRIMARY KEY (id);


--
-- Name: tms_trainingcourse_tag tms_trainingcourse_tag_pkey; Type: CONSTRAINT; Schema: public; Owner: postgres
--

ALTER TABLE ONLY public.tms_trainingcourse_tag
    ADD CONSTRAINT tms_trainingcourse_tag_pkey PRIMARY KEY (id);


--
-- Name: tms_trainingcourse_tag tms_trainingcourse_tag_trainingcourse_id_tags_id_a8d9386e_uniq; Type: CONSTRAINT; Schema: public; Owner: postgres
--

ALTER TABLE ONLY public.tms_trainingcourse_tag
    ADD CONSTRAINT tms_trainingcourse_tag_trainingcourse_id_tags_id_a8d9386e_uniq UNIQUE (trainingcourse_id, tags_id);


--
-- Name: tms_trainingmodules tms_trainingmodules_pkey; Type: CONSTRAINT; Schema: public; Owner: postgres
--

ALTER TABLE ONLY public.tms_trainingmodules
    ADD CONSTRAINT tms_trainingmodules_pkey PRIMARY KEY (id);


--
-- Name: tms_trainingresources tms_trainingresources_pkey; Type: CONSTRAINT; Schema: public; Owner: postgres
--

ALTER TABLE ONLY public.tms_trainingresources
    ADD CONSTRAINT tms_trainingresources_pkey PRIMARY KEY (id);


--
-- Name: tms_trainingvideos tms_trainingvideos_pkey; Type: CONSTRAINT; Schema: public; Owner: postgres
--

ALTER TABLE ONLY public.tms_trainingvideos
    ADD CONSTRAINT tms_trainingvideos_pkey PRIMARY KEY (id);


--
-- Name: tms_videoprogress tms_videoprogress_pkey; Type: CONSTRAINT; Schema: public; Owner: postgres
--

ALTER TABLE ONLY public.tms_videoprogress
    ADD CONSTRAINT tms_videoprogress_pkey PRIMARY KEY (id);


--
-- Name: django_apscheduler_djangojobexecution unique_job_executions; Type: CONSTRAINT; Schema: public; Owner: postgres
--

ALTER TABLE ONLY public.django_apscheduler_djangojobexecution
    ADD CONSTRAINT unique_job_executions UNIQUE (job_id, run_time);


--
-- Name: assetapp_asset_category_id_94a0b2f5; Type: INDEX; Schema: public; Owner: postgres
--

CREATE INDEX assetapp_asset_category_id_94a0b2f5 ON public.assetapp_asset USING btree (category_id);


--
-- Name: assetapp_asset_location_id_735e6714; Type: INDEX; Schema: public; Owner: postgres
--

CREATE INDEX assetapp_asset_location_id_735e6714 ON public.assetapp_asset USING btree (location_id);


--
-- Name: assetapp_asset_maker_id_bee721dd; Type: INDEX; Schema: public; Owner: postgres
--

CREATE INDEX assetapp_asset_maker_id_bee721dd ON public.assetapp_asset USING btree (maker_id);


--
-- Name: assetapp_asset_name_a6cc0f33_like; Type: INDEX; Schema: public; Owner: postgres
--

CREATE INDEX assetapp_asset_name_a6cc0f33_like ON public.assetapp_asset USING btree (name varchar_pattern_ops);


--
-- Name: assetapp_asset_parent_asset_id_6bd00716; Type: INDEX; Schema: public; Owner: postgres
--

CREATE INDEX assetapp_asset_parent_asset_id_6bd00716 ON public.assetapp_asset USING btree (parent_asset_id);


--
-- Name: assetapp_asset_type_id_ffaaba7a; Type: INDEX; Schema: public; Owner: postgres
--

CREATE INDEX assetapp_asset_type_id_ffaaba7a ON public.assetapp_asset USING btree (type_id);


--
-- Name: assetapp_asset_unique_id_c0536192_like; Type: INDEX; Schema: public; Owner: postgres
--

CREATE INDEX assetapp_asset_unique_id_c0536192_like ON public.assetapp_asset USING btree (unique_id varchar_pattern_ops);


--
-- Name: assetapp_assetcategory_name_aa2797d1_like; Type: INDEX; Schema: public; Owner: postgres
--

CREATE INDEX assetapp_assetcategory_name_aa2797d1_like ON public.assetapp_assetcategory USING btree (name varchar_pattern_ops);


--
-- Name: assetapp_assetcategory_parent_category_id_620c3b66; Type: INDEX; Schema: public; Owner: postgres
--

CREATE INDEX assetapp_assetcategory_parent_category_id_620c3b66 ON public.assetapp_assetcategory USING btree (parent_category_id);


--
-- Name: assetapp_assetcost_asset_id_7eb4205d; Type: INDEX; Schema: public; Owner: postgres
--

CREATE INDEX assetapp_assetcost_asset_id_7eb4205d ON public.assetapp_assetcost USING btree (asset_id);


--
-- Name: assetapp_assetcost_unit_id_dc2dd934; Type: INDEX; Schema: public; Owner: postgres
--

CREATE INDEX assetapp_assetcost_unit_id_dc2dd934 ON public.assetapp_assetcost USING btree (unit_id);


--
-- Name: assetapp_assetlog_asset_id_54d9f323; Type: INDEX; Schema: public; Owner: postgres
--

CREATE INDEX assetapp_assetlog_asset_id_54d9f323 ON public.assetapp_assetlog USING btree (asset_id);


--
-- Name: assetapp_assetmaintenance_asset_id_3f09ecf9; Type: INDEX; Schema: public; Owner: postgres
--

CREATE INDEX assetapp_assetmaintenance_asset_id_3f09ecf9 ON public.assetapp_assetmaintenance USING btree (asset_id);


--
-- Name: assetapp_assetmaintenance_maintenance_type_id_9afd0c7b; Type: INDEX; Schema: public; Owner: postgres
--

CREATE INDEX assetapp_assetmaintenance_maintenance_type_id_9afd0c7b ON public.assetapp_assetmaintenance USING btree (maintenance_type_id);


--
-- Name: assetapp_assetmaker_name_0fbc6c60_like; Type: INDEX; Schema: public; Owner: postgres
--

CREATE INDEX assetapp_assetmaker_name_0fbc6c60_like ON public.assetapp_assetmaker USING btree (name varchar_pattern_ops);


--
-- Name: assetapp_assetmonitor_workflow_id_50df4a53; Type: INDEX; Schema: public; Owner: postgres
--

CREATE INDEX assetapp_assetmonitor_workflow_id_50df4a53 ON public.assetapp_assetmonitor USING btree (workflow_id);


--
-- Name: assetapp_assetsupervisor_asset_id_cb85d64e; Type: INDEX; Schema: public; Owner: postgres
--

CREATE INDEX assetapp_assetsupervisor_asset_id_cb85d64e ON public.assetapp_assetsupervisor USING btree (asset_id);


--
-- Name: assetapp_assetsupervisor_employee_id_69f5bb88; Type: INDEX; Schema: public; Owner: postgres
--

CREATE INDEX assetapp_assetsupervisor_employee_id_69f5bb88 ON public.assetapp_assetsupervisor USING btree (employee_id);


--
-- Name: assetapp_assettype_category_id_2f8e00ad; Type: INDEX; Schema: public; Owner: postgres
--

CREATE INDEX assetapp_assettype_category_id_2f8e00ad ON public.assetapp_assettype USING btree (category_id);


--
-- Name: assetapp_assettype_name_10304c76_like; Type: INDEX; Schema: public; Owner: postgres
--

CREATE INDEX assetapp_assettype_name_10304c76_like ON public.assetapp_assettype USING btree (name varchar_pattern_ops);


--
-- Name: assetapp_assettype_parent_type_id_e022bf40; Type: INDEX; Schema: public; Owner: postgres
--

CREATE INDEX assetapp_assettype_parent_type_id_e022bf40 ON public.assetapp_assettype USING btree (parent_type_id);


--
-- Name: assetapp_maintenanceforms_asset_id_1371cdb6; Type: INDEX; Schema: public; Owner: postgres
--

CREATE INDEX assetapp_maintenanceforms_asset_id_1371cdb6 ON public.assetapp_maintenanceforms USING btree (asset_id);


--
-- Name: assetapp_maintenanceforms_form_id_id_ba4733ec; Type: INDEX; Schema: public; Owner: postgres
--

CREATE INDEX assetapp_maintenanceforms_form_id_id_ba4733ec ON public.assetapp_maintenanceforms USING btree (form_id_id);


--
-- Name: assetapp_maintenanceforms_workflow_id_a34cd324; Type: INDEX; Schema: public; Owner: postgres
--

CREATE INDEX assetapp_maintenanceforms_workflow_id_a34cd324 ON public.assetapp_maintenanceforms USING btree (workflow_id);


--
-- Name: auth_group_name_a6ea08ec_like; Type: INDEX; Schema: public; Owner: postgres
--

CREATE INDEX auth_group_name_a6ea08ec_like ON public.auth_group USING btree (name varchar_pattern_ops);


--
-- Name: auth_group_permissions_group_id_b120cbf9; Type: INDEX; Schema: public; Owner: postgres
--

CREATE INDEX auth_group_permissions_group_id_b120cbf9 ON public.auth_group_permissions USING btree (group_id);


--
-- Name: auth_group_permissions_permission_id_84c5c92e; Type: INDEX; Schema: public; Owner: postgres
--

CREATE INDEX auth_group_permissions_permission_id_84c5c92e ON public.auth_group_permissions USING btree (permission_id);


--
-- Name: auth_permission_content_type_id_2f476e4b; Type: INDEX; Schema: public; Owner: postgres
--

CREATE INDEX auth_permission_content_type_id_2f476e4b ON public.auth_permission USING btree (content_type_id);


--
-- Name: auth_user_groups_group_id_97559544; Type: INDEX; Schema: public; Owner: postgres
--

CREATE INDEX auth_user_groups_group_id_97559544 ON public.auth_user_groups USING btree (group_id);


--
-- Name: auth_user_groups_user_id_6a12ed8b; Type: INDEX; Schema: public; Owner: postgres
--

CREATE INDEX auth_user_groups_user_id_6a12ed8b ON public.auth_user_groups USING btree (user_id);


--
-- Name: auth_user_user_permissions_permission_id_1fbb5f2c; Type: INDEX; Schema: public; Owner: postgres
--

CREATE INDEX auth_user_user_permissions_permission_id_1fbb5f2c ON public.auth_user_user_permissions USING btree (permission_id);


--
-- Name: auth_user_user_permissions_user_id_a95ead1b; Type: INDEX; Schema: public; Owner: postgres
--

CREATE INDEX auth_user_user_permissions_user_id_a95ead1b ON public.auth_user_user_permissions USING btree (user_id);


--
-- Name: auth_user_username_6821ab7c_like; Type: INDEX; Schema: public; Owner: postgres
--

CREATE INDEX auth_user_username_6821ab7c_like ON public.auth_user USING btree (username varchar_pattern_ops);


--
-- Name: authtoken_token_key_10f0b77e_like; Type: INDEX; Schema: public; Owner: postgres
--

CREATE INDEX authtoken_token_key_10f0b77e_like ON public.authtoken_token USING btree (key varchar_pattern_ops);


--
-- Name: compliance_bisstandard_standard_code_dfaf0f5a_like; Type: INDEX; Schema: public; Owner: postgres
--

CREATE INDEX compliance_bisstandard_standard_code_dfaf0f5a_like ON public.compliance_bisstandard USING btree (standard_code varchar_pattern_ops);


--
-- Name: compliance_bom_bis_standard_id_833d1e64; Type: INDEX; Schema: public; Owner: postgres
--

CREATE INDEX compliance_bom_bis_standard_id_833d1e64 ON public.compliance_bom USING btree (bis_standard_id);


--
-- Name: compliance_bom_function_id_edbadcba; Type: INDEX; Schema: public; Owner: postgres
--

CREATE INDEX compliance_bom_function_id_edbadcba ON public.compliance_bom USING btree (function_id);


--
-- Name: compliance_bom_product_id_cdee920e; Type: INDEX; Schema: public; Owner: postgres
--

CREATE INDEX compliance_bom_product_id_cdee920e ON public.compliance_bom USING btree (product_id);


--
-- Name: compliance_bom_raw_material_grade_id_ffdeaa7a; Type: INDEX; Schema: public; Owner: postgres
--

CREATE INDEX compliance_bom_raw_material_grade_id_ffdeaa7a ON public.compliance_bom USING btree (raw_material_grade_id);


--
-- Name: compliance_material_function_id_f5f04d31; Type: INDEX; Schema: public; Owner: postgres
--

CREATE INDEX compliance_material_function_id_f5f04d31 ON public.compliance_material USING btree (function_id);


--
-- Name: compliance_material_material_id_18ab9358; Type: INDEX; Schema: public; Owner: postgres
--

CREATE INDEX compliance_material_material_id_18ab9358 ON public.compliance_material USING btree (material_id);


--
-- Name: compliance_material_parameters_material_id_c8376370; Type: INDEX; Schema: public; Owner: postgres
--

CREATE INDEX compliance_material_parameters_material_id_c8376370 ON public.compliance_material_parameters USING btree (material_id);


--
-- Name: compliance_material_parameters_materialparameters_id_0899e4ff; Type: INDEX; Schema: public; Owner: postgres
--

CREATE INDEX compliance_material_parameters_materialparameters_id_0899e4ff ON public.compliance_material_parameters USING btree (materialparameters_id);


--
-- Name: compliance_material_product_id_a5ab84df; Type: INDEX; Schema: public; Owner: postgres
--

CREATE INDEX compliance_material_product_id_a5ab84df ON public.compliance_material USING btree (product_id);


--
-- Name: compliance_materialgrade_name_33201932_like; Type: INDEX; Schema: public; Owner: postgres
--

CREATE INDEX compliance_materialgrade_name_33201932_like ON public.compliance_materialgrade USING btree (name varchar_pattern_ops);


--
-- Name: compliance_materialparam_material_id_950ce9bd; Type: INDEX; Schema: public; Owner: postgres
--

CREATE INDEX compliance_materialparam_material_id_950ce9bd ON public.compliance_materialparam USING btree (material_id);


--
-- Name: compliance_materialparam_parameters_id_61e3abcc; Type: INDEX; Schema: public; Owner: postgres
--

CREATE INDEX compliance_materialparam_parameters_id_61e3abcc ON public.compliance_materialparam USING btree (parameters_id);


--
-- Name: compliance_materialparam_test_method_id_abe6aedc; Type: INDEX; Schema: public; Owner: postgres
--

CREATE INDEX compliance_materialparam_test_method_id_abe6aedc ON public.compliance_materialparam USING btree (test_method_id);


--
-- Name: compliance_processcontrolthreshold_process_control_id_dbcb16cb; Type: INDEX; Schema: public; Owner: postgres
--

CREATE INDEX compliance_processcontrolthreshold_process_control_id_dbcb16cb ON public.compliance_processcontrolthreshold USING btree (process_control_id);


--
-- Name: compliance_processcontrolthreshold_product_id_aa0f4601; Type: INDEX; Schema: public; Owner: postgres
--

CREATE INDEX compliance_processcontrolthreshold_product_id_aa0f4601 ON public.compliance_processcontrolthreshold USING btree (product_id);


--
-- Name: compliance_product_code_f8e017cb_like; Type: INDEX; Schema: public; Owner: postgres
--

CREATE INDEX compliance_product_code_f8e017cb_like ON public.compliance_product USING btree (code varchar_pattern_ops);


--
-- Name: compliance_product_dosage_dosageform_id_91d80f43; Type: INDEX; Schema: public; Owner: postgres
--

CREATE INDEX compliance_product_dosage_dosageform_id_91d80f43 ON public.compliance_product_dosage USING btree (dosageform_id);


--
-- Name: compliance_product_dosage_product_id_942707cb; Type: INDEX; Schema: public; Owner: postgres
--

CREATE INDEX compliance_product_dosage_product_id_942707cb ON public.compliance_product_dosage USING btree (product_id);


--
-- Name: compliance_sopsection_sop_document_id_bcbd515c; Type: INDEX; Schema: public; Owner: postgres
--

CREATE INDEX compliance_sopsection_sop_document_id_bcbd515c ON public.compliance_sopsection USING btree (sop_document_id);


--
-- Name: compliance_usercomplienceh_sopsection_id_2c1dc77a; Type: INDEX; Schema: public; Owner: postgres
--

CREATE INDEX compliance_usercomplienceh_sopsection_id_2c1dc77a ON public.compliance_usercompliencehistory_sections USING btree (sopsection_id);


--
-- Name: compliance_usercomplienceh_usercompliencehistory_id_7e15fb04; Type: INDEX; Schema: public; Owner: postgres
--

CREATE INDEX compliance_usercomplienceh_usercompliencehistory_id_7e15fb04 ON public.compliance_usercompliencehistory_sections USING btree (usercompliencehistory_id);


--
-- Name: compliance_usercompliencehistory_document_id_da866e42; Type: INDEX; Schema: public; Owner: postgres
--

CREATE INDEX compliance_usercompliencehistory_document_id_da866e42 ON public.compliance_usercompliencehistory USING btree (document_id);


--
-- Name: compliance_usercompliencehistory_user_id_ffe1bddc; Type: INDEX; Schema: public; Owner: postgres
--

CREATE INDEX compliance_usercompliencehistory_user_id_ffe1bddc ON public.compliance_usercompliencehistory USING btree (user_id);


--
-- Name: compliance_userfmeahistory_user_id_5ab3c77f; Type: INDEX; Schema: public; Owner: postgres
--

CREATE INDEX compliance_userfmeahistory_user_id_5ab3c77f ON public.compliance_userfmeahistory USING btree (user_id);


--
-- Name: configapp_addfieldlog_add_field_id_0959ab21; Type: INDEX; Schema: public; Owner: postgres
--

CREATE INDEX configapp_addfieldlog_add_field_id_0959ab21 ON public.configapp_addfieldlog USING btree (add_field_id);


--
-- Name: configapp_additionalfieldlog_additional_field_id_48ab4beb; Type: INDEX; Schema: public; Owner: postgres
--

CREATE INDEX configapp_additionalfieldlog_additional_field_id_48ab4beb ON public.configapp_additionalfieldlog USING btree (additional_field_id);


--
-- Name: configapp_department_head_of_department_id_05e4524d; Type: INDEX; Schema: public; Owner: postgres
--

CREATE INDEX configapp_department_head_of_department_id_05e4524d ON public.configapp_department USING btree (head_of_department_id);


--
-- Name: configapp_department_parent_department_id_cb0c1b76; Type: INDEX; Schema: public; Owner: postgres
--

CREATE INDEX configapp_department_parent_department_id_cb0c1b76 ON public.configapp_department USING btree (parent_department_id);


--
-- Name: configapp_designation_reporting_to_id_cacac4c9; Type: INDEX; Schema: public; Owner: postgres
--

CREATE INDEX configapp_designation_reporting_to_id_cacac4c9 ON public.configapp_designation USING btree (reporting_to_id);


--
-- Name: configapp_employee_department_id_0de1f8b0; Type: INDEX; Schema: public; Owner: postgres
--

CREATE INDEX configapp_employee_department_id_0de1f8b0 ON public.configapp_employee USING btree (department_id);


--
-- Name: configapp_employee_designation_id_30ca889c; Type: INDEX; Schema: public; Owner: postgres
--

CREATE INDEX configapp_employee_designation_id_30ca889c ON public.configapp_employee USING btree (designation_id);


--
-- Name: configapp_employee_location_id_4cc487dc; Type: INDEX; Schema: public; Owner: postgres
--

CREATE INDEX configapp_employee_location_id_4cc487dc ON public.configapp_employee USING btree (location_id);


--
-- Name: configapp_employee_manager_id_ad30cfcc; Type: INDEX; Schema: public; Owner: postgres
--

CREATE INDEX configapp_employee_manager_id_ad30cfcc ON public.configapp_employee USING btree (manager_id);


--
-- Name: configapp_employee_role_employee_id_b4d0f6fb; Type: INDEX; Schema: public; Owner: postgres
--

CREATE INDEX configapp_employee_role_employee_id_b4d0f6fb ON public.configapp_employee_role USING btree (employee_id);


--
-- Name: configapp_employee_role_role_id_b4252351; Type: INDEX; Schema: public; Owner: postgres
--

CREATE INDEX configapp_employee_role_role_id_b4252351 ON public.configapp_employee_role USING btree (role_id);


--
-- Name: configapp_formlist_key_fb66cba8_like; Type: INDEX; Schema: public; Owner: postgres
--

CREATE INDEX configapp_formlist_key_fb66cba8_like ON public.configapp_formlist USING btree (key varchar_pattern_ops);


--
-- Name: configapp_location_location_type_id_a279348b; Type: INDEX; Schema: public; Owner: postgres
--

CREATE INDEX configapp_location_location_type_id_a279348b ON public.configapp_location USING btree (location_type_id);


--
-- Name: configapp_location_parent_location_id_856ff687; Type: INDEX; Schema: public; Owner: postgres
--

CREATE INDEX configapp_location_parent_location_id_856ff687 ON public.configapp_location USING btree (parent_location_id);


--
-- Name: configapp_locationtype_location_type_c23316e2_like; Type: INDEX; Schema: public; Owner: postgres
--

CREATE INDEX configapp_locationtype_location_type_c23316e2_like ON public.configapp_locationtype USING btree (location_type varchar_pattern_ops);


--
-- Name: configapp_locationtype_parent_location_type_id_cb77d60f; Type: INDEX; Schema: public; Owner: postgres
--

CREATE INDEX configapp_locationtype_parent_location_type_id_cb77d60f ON public.configapp_locationtype USING btree (parent_location_type_id);


--
-- Name: configapp_organizationhier_parent_org_hierarchy_id_7ed1f091; Type: INDEX; Schema: public; Owner: postgres
--

CREATE INDEX configapp_organizationhier_parent_org_hierarchy_id_7ed1f091 ON public.configapp_organizationhierarchy USING btree (parent_org_hierarchy_id);


--
-- Name: configapp_organizationhierarchy_department_id_e3941b1f; Type: INDEX; Schema: public; Owner: postgres
--

CREATE INDEX configapp_organizationhierarchy_department_id_e3941b1f ON public.configapp_organizationhierarchy USING btree (department_id);


--
-- Name: configapp_organizationhierarchy_designation_id_8c955155; Type: INDEX; Schema: public; Owner: postgres
--

CREATE INDEX configapp_organizationhierarchy_designation_id_8c955155 ON public.configapp_organizationhierarchy USING btree (designation_id);


--
-- Name: configapp_role_parent_role_id_ba70c765; Type: INDEX; Schema: public; Owner: postgres
--

CREATE INDEX configapp_role_parent_role_id_ba70c765 ON public.configapp_role USING btree (parent_role_id);


--
-- Name: configapp_rolehierarchy_parent_role_hierarchy_id_d47def23; Type: INDEX; Schema: public; Owner: postgres
--

CREATE INDEX configapp_rolehierarchy_parent_role_hierarchy_id_d47def23 ON public.configapp_rolehierarchy USING btree (parent_role_hierarchy_id);


--
-- Name: configapp_rolehierarchy_role_id_23461e00; Type: INDEX; Schema: public; Owner: postgres
--

CREATE INDEX configapp_rolehierarchy_role_id_23461e00 ON public.configapp_rolehierarchy USING btree (role_id);


--
-- Name: configapp_userrole_role_id_16724fcc; Type: INDEX; Schema: public; Owner: postgres
--

CREATE INDEX configapp_userrole_role_id_16724fcc ON public.configapp_userrole USING btree (role_id);


--
-- Name: configapp_userrole_user_id_33aa197a; Type: INDEX; Schema: public; Owner: postgres
--

CREATE INDEX configapp_userrole_user_id_33aa197a ON public.configapp_userrole USING btree (user_id);


--
-- Name: django_admin_log_content_type_id_c4bce8eb; Type: INDEX; Schema: public; Owner: postgres
--

CREATE INDEX django_admin_log_content_type_id_c4bce8eb ON public.django_admin_log USING btree (content_type_id);


--
-- Name: django_admin_log_user_id_c564eba6; Type: INDEX; Schema: public; Owner: postgres
--

CREATE INDEX django_admin_log_user_id_c564eba6 ON public.django_admin_log USING btree (user_id);


--
-- Name: django_apscheduler_djangojob_next_run_time_2f022619; Type: INDEX; Schema: public; Owner: postgres
--

CREATE INDEX django_apscheduler_djangojob_next_run_time_2f022619 ON public.django_apscheduler_djangojob USING btree (next_run_time);


--
-- Name: django_apscheduler_djangojobexecution_job_id_daf5090a; Type: INDEX; Schema: public; Owner: postgres
--

CREATE INDEX django_apscheduler_djangojobexecution_job_id_daf5090a ON public.django_apscheduler_djangojobexecution USING btree (job_id);


--
-- Name: django_apscheduler_djangojobexecution_run_time_16edd96b; Type: INDEX; Schema: public; Owner: postgres
--

CREATE INDEX django_apscheduler_djangojobexecution_run_time_16edd96b ON public.django_apscheduler_djangojobexecution USING btree (run_time);


--
-- Name: django_session_expire_date_a5c62663; Type: INDEX; Schema: public; Owner: postgres
--

CREATE INDEX django_session_expire_date_a5c62663 ON public.django_session USING btree (expire_date);


--
-- Name: django_session_session_key_c0390e0f_like; Type: INDEX; Schema: public; Owner: postgres
--

CREATE INDEX django_session_session_key_c0390e0f_like ON public.django_session USING btree (session_key varchar_pattern_ops);


--
-- Name: djangoapp_access_module_config_module_name_id_0eff4a43; Type: INDEX; Schema: public; Owner: postgres
--

CREATE INDEX djangoapp_access_module_config_module_name_id_0eff4a43 ON public.djangoapp_access_module_config USING btree (module_name_id);


--
-- Name: djangoapp_access_module_config_role_id_826334d4; Type: INDEX; Schema: public; Owner: postgres
--

CREATE INDEX djangoapp_access_module_config_role_id_826334d4 ON public.djangoapp_access_module_config USING btree (role_id);


--
-- Name: djangoapp_api_list_module_name_id_8dca2c07; Type: INDEX; Schema: public; Owner: postgres
--

CREATE INDEX djangoapp_api_list_module_name_id_8dca2c07 ON public.djangoapp_api_list USING btree (module_name_id);


--
-- Name: djangoapp_apiresource_grou_api_url_id_a03913db; Type: INDEX; Schema: public; Owner: postgres
--

CREATE INDEX djangoapp_apiresource_grou_api_url_id_a03913db ON public.djangoapp_apiresource_grouppermission_config USING btree (api_url_id);


--
-- Name: djangoapp_apiresource_grou_designation_id_c9be2f23; Type: INDEX; Schema: public; Owner: postgres
--

CREATE INDEX djangoapp_apiresource_grou_designation_id_c9be2f23 ON public.djangoapp_apiresource_grouppermission_config USING btree (designation_id);


--
-- Name: djangoapp_dashboard_menu_g_designation_id_7c2f9359; Type: INDEX; Schema: public; Owner: postgres
--

CREATE INDEX djangoapp_dashboard_menu_g_designation_id_7c2f9359 ON public.djangoapp_dashboard_menu_grouppermission_config USING btree (designation_id);


--
-- Name: djangoapp_dashboard_menu_g_menu_grouppermission_id_84f20592; Type: INDEX; Schema: public; Owner: postgres
--

CREATE INDEX djangoapp_dashboard_menu_g_menu_grouppermission_id_84f20592 ON public.djangoapp_dashboard_menu_grouppermission_config USING btree (menu_grouppermission_id);


--
-- Name: djangoapp_duplicate_access_module_config_role_id_id_6bd542c4; Type: INDEX; Schema: public; Owner: postgres
--

CREATE INDEX djangoapp_duplicate_access_module_config_role_id_id_6bd542c4 ON public.djangoapp_duplicate_access_module_config USING btree (role_id_id);


--
-- Name: documentapp_document_created_by_id_6e829ee9; Type: INDEX; Schema: public; Owner: postgres
--

CREATE INDEX documentapp_document_created_by_id_6e829ee9 ON public.documentapp_document USING btree (created_by_id);


--
-- Name: documentapp_document_department_id_6779b519; Type: INDEX; Schema: public; Owner: postgres
--

CREATE INDEX documentapp_document_department_id_6779b519 ON public.documentapp_document USING btree (department_id);


--
-- Name: documentapp_document_download_permission_id_7d5929f9; Type: INDEX; Schema: public; Owner: postgres
--

CREATE INDEX documentapp_document_download_permission_id_7d5929f9 ON public.documentapp_document USING btree (download_permission_id);


--
-- Name: documentapp_document_folder_id_68f81aa7; Type: INDEX; Schema: public; Owner: postgres
--

CREATE INDEX documentapp_document_folder_id_68f81aa7 ON public.documentapp_document USING btree (folder_id);


--
-- Name: documentapp_document_raised_tickets_document_id_3b21480e; Type: INDEX; Schema: public; Owner: postgres
--

CREATE INDEX documentapp_document_raised_tickets_document_id_3b21480e ON public.documentapp_document_raised_tickets USING btree (document_id);


--
-- Name: documentapp_document_raised_tickets_ticketdetails_id_f60f6301; Type: INDEX; Schema: public; Owner: postgres
--

CREATE INDEX documentapp_document_raised_tickets_ticketdetails_id_f60f6301 ON public.documentapp_document_raised_tickets USING btree (ticketdetails_id);


--
-- Name: documentapp_document_uploaded_in_ticket_id_65cf1081; Type: INDEX; Schema: public; Owner: postgres
--

CREATE INDEX documentapp_document_uploaded_in_ticket_id_65cf1081 ON public.documentapp_document USING btree (uploaded_in_ticket_id);


--
-- Name: documentapp_documentannotation_created_by_id_229e8f78; Type: INDEX; Schema: public; Owner: postgres
--

CREATE INDEX documentapp_documentannotation_created_by_id_229e8f78 ON public.documentapp_documentannotation USING btree (created_by_id);


--
-- Name: documentapp_documentannotation_document_version_id_01796497; Type: INDEX; Schema: public; Owner: postgres
--

CREATE INDEX documentapp_documentannotation_document_version_id_01796497 ON public.documentapp_documentannotation USING btree (document_version_id);


--
-- Name: documentapp_documentexpiryhistory_changed_by_id_a92c44cf; Type: INDEX; Schema: public; Owner: postgres
--

CREATE INDEX documentapp_documentexpiryhistory_changed_by_id_a92c44cf ON public.documentapp_documentexpiryhistory USING btree (changed_by_id);


--
-- Name: documentapp_documentexpiryhistory_document_id_4c354ec5; Type: INDEX; Schema: public; Owner: postgres
--

CREATE INDEX documentapp_documentexpiryhistory_document_id_4c354ec5 ON public.documentapp_documentexpiryhistory USING btree (document_id);


--
-- Name: documentapp_documentretention_hold_applied_by_id_ab243970; Type: INDEX; Schema: public; Owner: postgres
--

CREATE INDEX documentapp_documentretention_hold_applied_by_id_ab243970 ON public.documentapp_documentretention USING btree (hold_applied_by_id);


--
-- Name: documentapp_documentversion_document_id_fa42e7df; Type: INDEX; Schema: public; Owner: postgres
--

CREATE INDEX documentapp_documentversion_document_id_fa42e7df ON public.documentapp_documentversion USING btree (document_id);


--
-- Name: documentapp_documentversion_file_id_25ae6012; Type: INDEX; Schema: public; Owner: postgres
--

CREATE INDEX documentapp_documentversion_file_id_25ae6012 ON public.documentapp_documentversion USING btree (file_id);


--
-- Name: documentapp_documentversion_pdf_file_id_098fc0f1; Type: INDEX; Schema: public; Owner: postgres
--

CREATE INDEX documentapp_documentversion_pdf_file_id_098fc0f1 ON public.documentapp_documentversion USING btree (pdf_file_id);


--
-- Name: documentapp_documentversion_ticket_id_0632e3f1; Type: INDEX; Schema: public; Owner: postgres
--

CREATE INDEX documentapp_documentversion_ticket_id_0632e3f1 ON public.documentapp_documentversion USING btree (ticket_id);


--
-- Name: documentapp_documentversion_uploaded_by_id_eab5d84b; Type: INDEX; Schema: public; Owner: postgres
--

CREATE INDEX documentapp_documentversion_uploaded_by_id_eab5d84b ON public.documentapp_documentversion USING btree (uploaded_by_id);


--
-- Name: documentapp_downloadpermission_name_92c5ee5e_like; Type: INDEX; Schema: public; Owner: postgres
--

CREATE INDEX documentapp_downloadpermission_name_92c5ee5e_like ON public.documentapp_downloadpermission USING btree (name varchar_pattern_ops);


--
-- Name: documentapp_periodicreview_created_by_id_79ef4ebd; Type: INDEX; Schema: public; Owner: postgres
--

CREATE INDEX documentapp_periodicreview_created_by_id_79ef4ebd ON public.documentapp_periodicreview USING btree (created_by_id);


--
-- Name: documentapp_periodicreview_document_id_0711a9a7; Type: INDEX; Schema: public; Owner: postgres
--

CREATE INDEX documentapp_periodicreview_document_id_0711a9a7 ON public.documentapp_periodicreview USING btree (document_id);


--
-- Name: formsapp_checklistform_checklist_id_7f1a42c5; Type: INDEX; Schema: public; Owner: postgres
--

CREATE INDEX formsapp_checklistform_checklist_id_7f1a42c5 ON public.formsapp_checklistform USING btree (checklist_id);


--
-- Name: formsapp_checklistform_section_id_1c2463c1; Type: INDEX; Schema: public; Owner: postgres
--

CREATE INDEX formsapp_checklistform_section_id_1c2463c1 ON public.formsapp_checklistform USING btree (section_id);


--
-- Name: formsapp_datatype_name_39e1aa30_like; Type: INDEX; Schema: public; Owner: postgres
--

CREATE INDEX formsapp_datatype_name_39e1aa30_like ON public.formsapp_datatype USING btree (name varchar_pattern_ops);


--
-- Name: formsapp_fieldtype_data_type_id_e68a9869; Type: INDEX; Schema: public; Owner: postgres
--

CREATE INDEX formsapp_fieldtype_data_type_id_e68a9869 ON public.formsapp_fieldtype USING btree (data_type_id);


--
-- Name: formsapp_fieldtype_name_f20ed537_like; Type: INDEX; Schema: public; Owner: postgres
--

CREATE INDEX formsapp_fieldtype_name_f20ed537_like ON public.formsapp_fieldtype USING btree (name varchar_pattern_ops);


--
-- Name: formsapp_form_form_type_id_7828a4cb; Type: INDEX; Schema: public; Owner: postgres
--

CREATE INDEX formsapp_form_form_type_id_7828a4cb ON public.formsapp_form USING btree (form_type_id);


--
-- Name: formsapp_form_parent_form_id_303fdede; Type: INDEX; Schema: public; Owner: postgres
--

CREATE INDEX formsapp_form_parent_form_id_303fdede ON public.formsapp_form USING btree (parent_form_id);


--
-- Name: formsapp_form_root_form_id_c48d56c8; Type: INDEX; Schema: public; Owner: postgres
--

CREATE INDEX formsapp_form_root_form_id_c48d56c8 ON public.formsapp_form USING btree (root_form_id);


--
-- Name: formsapp_formdesign_form_id_59b6ffef; Type: INDEX; Schema: public; Owner: postgres
--

CREATE INDEX formsapp_formdesign_form_id_59b6ffef ON public.formsapp_formdesign USING btree (form_id);


--
-- Name: formsapp_formdraft_form_id_d035a789; Type: INDEX; Schema: public; Owner: postgres
--

CREATE INDEX formsapp_formdraft_form_id_d035a789 ON public.formsapp_formdraft USING btree (form_id);


--
-- Name: formsapp_formfields_field_type_id_f8f7b9f8; Type: INDEX; Schema: public; Owner: postgres
--

CREATE INDEX formsapp_formfields_field_type_id_f8f7b9f8 ON public.formsapp_formfields USING btree (field_type_id);


--
-- Name: formsapp_formfields_parent_field_id_4bb27f25; Type: INDEX; Schema: public; Owner: postgres
--

CREATE INDEX formsapp_formfields_parent_field_id_4bb27f25 ON public.formsapp_formfields USING btree (parent_field_id);


--
-- Name: formsapp_formfields_section_id_910b3851; Type: INDEX; Schema: public; Owner: postgres
--

CREATE INDEX formsapp_formfields_section_id_910b3851 ON public.formsapp_formfields USING btree (section_id);


--
-- Name: formsapp_formsections_form_id_035c86c9; Type: INDEX; Schema: public; Owner: postgres
--

CREATE INDEX formsapp_formsections_form_id_035c86c9 ON public.formsapp_formsections USING btree (form_id);


--
-- Name: formsapp_formtype_name_5021771f_like; Type: INDEX; Schema: public; Owner: postgres
--

CREATE INDEX formsapp_formtype_name_5021771f_like ON public.formsapp_formtype USING btree (name varchar_pattern_ops);


--
-- Name: formsapp_formtype_parent_form_type_id_569431f9; Type: INDEX; Schema: public; Owner: postgres
--

CREATE INDEX formsapp_formtype_parent_form_type_id_569431f9 ON public.formsapp_formtype USING btree (parent_form_type_id);


--
-- Name: formsapp_parameterdata_form_list_id_c8025a92; Type: INDEX; Schema: public; Owner: postgres
--

CREATE INDEX formsapp_parameterdata_form_list_id_c8025a92 ON public.formsapp_parameterdata USING btree (form_list_id);


--
-- Name: formsapp_parameterdata_name_id_9fe802fc; Type: INDEX; Schema: public; Owner: postgres
--

CREATE INDEX formsapp_parameterdata_name_id_9fe802fc ON public.formsapp_parameterdata USING btree (name_id);


--
-- Name: formsapp_parameterdata_section_id_f19599c3; Type: INDEX; Schema: public; Owner: postgres
--

CREATE INDEX formsapp_parameterdata_section_id_f19599c3 ON public.formsapp_parameterdata USING btree (section_id);


--
-- Name: formsapp_parameterdata_unit_id_2ec4749f; Type: INDEX; Schema: public; Owner: postgres
--

CREATE INDEX formsapp_parameterdata_unit_id_2ec4749f ON public.formsapp_parameterdata USING btree (unit_id);


--
-- Name: formsapp_parameterdatatype_data_type_id_55fb87bd; Type: INDEX; Schema: public; Owner: postgres
--

CREATE INDEX formsapp_parameterdatatype_data_type_id_55fb87bd ON public.formsapp_parameterdatatype USING btree (data_type_id);


--
-- Name: formsapp_parameterdatatype_form_data_id_7cec2c1a; Type: INDEX; Schema: public; Owner: postgres
--

CREATE INDEX formsapp_parameterdatatype_form_data_id_7cec2c1a ON public.formsapp_parameterdatatype USING btree (form_data_id);


--
-- Name: formsapp_section_name_01b0cbe6_like; Type: INDEX; Schema: public; Owner: postgres
--

CREATE INDEX formsapp_section_name_01b0cbe6_like ON public.formsapp_section USING btree (name varchar_pattern_ops);


--
-- Name: inventoryapp_adddetailsfieldlog_additional_field_id_6aad4b9a; Type: INDEX; Schema: public; Owner: postgres
--

CREATE INDEX inventoryapp_adddetailsfieldlog_additional_field_id_6aad4b9a ON public.inventoryapp_adddetailsfieldlog USING btree (additional_field_id);


--
-- Name: inventoryapp_addinventoryfieldlog_additional_field_id_43069be3; Type: INDEX; Schema: public; Owner: postgres
--

CREATE INDEX inventoryapp_addinventoryfieldlog_additional_field_id_43069be3 ON public.inventoryapp_addinventoryfieldlog USING btree (additional_field_id);


--
-- Name: inventoryapp_addinventoryinwardlog_additional_field_id_5966de47; Type: INDEX; Schema: public; Owner: postgres
--

CREATE INDEX inventoryapp_addinventoryinwardlog_additional_field_id_5966de47 ON public.inventoryapp_addinventoryinwardlog USING btree (additional_field_id);


--
-- Name: inventoryapp_addinventoryo_additional_field_id_adb24ebf; Type: INDEX; Schema: public; Owner: postgres
--

CREATE INDEX inventoryapp_addinventoryo_additional_field_id_adb24ebf ON public.inventoryapp_addinventoryoutwardlog USING btree (additional_field_id);


--
-- Name: inventoryapp_criticality_criticality_name_a3411c64_like; Type: INDEX; Schema: public; Owner: postgres
--

CREATE INDEX inventoryapp_criticality_criticality_name_a3411c64_like ON public.inventoryapp_criticality USING btree (criticality_name varchar_pattern_ops);


--
-- Name: inventoryapp_inventorydetails_criticality_id_d5986398; Type: INDEX; Schema: public; Owner: postgres
--

CREATE INDEX inventoryapp_inventorydetails_criticality_id_d5986398 ON public.inventoryapp_inventorydetails USING btree (criticality_id);


--
-- Name: inventoryapp_inventorydetails_inventory_code_a3bdc776_like; Type: INDEX; Schema: public; Owner: postgres
--

CREATE INDEX inventoryapp_inventorydetails_inventory_code_a3bdc776_like ON public.inventoryapp_inventorydetails USING btree (inventory_code varchar_pattern_ops);


--
-- Name: inventoryapp_inventorydetails_inventory_name_2c0cd052_like; Type: INDEX; Schema: public; Owner: postgres
--

CREATE INDEX inventoryapp_inventorydetails_inventory_name_2c0cd052_like ON public.inventoryapp_inventorydetails USING btree (inventory_name varchar_pattern_ops);


--
-- Name: inventoryapp_inventorydetails_inventory_type_id_536bd20c; Type: INDEX; Schema: public; Owner: postgres
--

CREATE INDEX inventoryapp_inventorydetails_inventory_type_id_536bd20c ON public.inventoryapp_inventorydetails USING btree (inventory_type_id);


--
-- Name: inventoryapp_inventorydetails_parent_inventory_id_06499291; Type: INDEX; Schema: public; Owner: postgres
--

CREATE INDEX inventoryapp_inventorydetails_parent_inventory_id_06499291 ON public.inventoryapp_inventorydetails USING btree (parent_inventory_id);


--
-- Name: inventoryapp_inventorydetails_rol_id_7b97a01a; Type: INDEX; Schema: public; Owner: postgres
--

CREATE INDEX inventoryapp_inventorydetails_rol_id_7b97a01a ON public.inventoryapp_inventorydetails USING btree (rol_id);


--
-- Name: inventoryapp_inventorydetails_unit_id_7a207fa8; Type: INDEX; Schema: public; Owner: postgres
--

CREATE INDEX inventoryapp_inventorydetails_unit_id_7a207fa8 ON public.inventoryapp_inventorydetails USING btree (unit_id);


--
-- Name: inventoryapp_inventoryin_material_receive_note_nu_9993d6ca_like; Type: INDEX; Schema: public; Owner: postgres
--

CREATE INDEX inventoryapp_inventoryin_material_receive_note_nu_9993d6ca_like ON public.inventoryapp_inventoryinward USING btree (material_receive_note_number varchar_pattern_ops);


--
-- Name: inventoryapp_inventoryin_purchase_order_number_17a720e5_like; Type: INDEX; Schema: public; Owner: postgres
--

CREATE INDEX inventoryapp_inventoryin_purchase_order_number_17a720e5_like ON public.inventoryapp_inventoryinward USING btree (purchase_order_number varchar_pattern_ops);


--
-- Name: inventoryapp_inventoryinward_inventory_name_id_ca4fe054; Type: INDEX; Schema: public; Owner: postgres
--

CREATE INDEX inventoryapp_inventoryinward_inventory_name_id_ca4fe054 ON public.inventoryapp_inventoryinward USING btree (inventory_name_id);


--
-- Name: inventoryapp_inventoryinward_location_id_8402ce25; Type: INDEX; Schema: public; Owner: postgres
--

CREATE INDEX inventoryapp_inventoryinward_location_id_8402ce25 ON public.inventoryapp_inventoryinward USING btree (location_id);


--
-- Name: inventoryapp_inventoryoutward_department_id_00a30fa4; Type: INDEX; Schema: public; Owner: postgres
--

CREATE INDEX inventoryapp_inventoryoutward_department_id_00a30fa4 ON public.inventoryapp_inventoryoutward USING btree (department_id);


--
-- Name: inventoryapp_inventoryoutward_inventory_name_id_c60f2172; Type: INDEX; Schema: public; Owner: postgres
--

CREATE INDEX inventoryapp_inventoryoutward_inventory_name_id_c60f2172 ON public.inventoryapp_inventoryoutward USING btree (inventory_name_id);


--
-- Name: inventoryapp_inventoryoutward_outward_number_95f1de27_like; Type: INDEX; Schema: public; Owner: postgres
--

CREATE INDEX inventoryapp_inventoryoutward_outward_number_95f1de27_like ON public.inventoryapp_inventoryoutward USING btree (outward_number varchar_pattern_ops);


--
-- Name: inventoryapp_inventoryoutward_user_id_cccdfa98; Type: INDEX; Schema: public; Owner: postgres
--

CREATE INDEX inventoryapp_inventoryoutward_user_id_cccdfa98 ON public.inventoryapp_inventoryoutward USING btree (user_id);


--
-- Name: inventoryapp_inventorystockinfo_batch_lot_number_065ec227_like; Type: INDEX; Schema: public; Owner: postgres
--

CREATE INDEX inventoryapp_inventorystockinfo_batch_lot_number_065ec227_like ON public.inventoryapp_inventorystockinfo USING btree (batch_lot_number varchar_pattern_ops);


--
-- Name: inventoryapp_inventorystockinfo_inventory_name_id_c64aca1b; Type: INDEX; Schema: public; Owner: postgres
--

CREATE INDEX inventoryapp_inventorystockinfo_inventory_name_id_c64aca1b ON public.inventoryapp_inventorystockinfo USING btree (inventory_name_id);


--
-- Name: inventoryapp_inventorystockinfo_location_id_916c2246; Type: INDEX; Schema: public; Owner: postgres
--

CREATE INDEX inventoryapp_inventorystockinfo_location_id_916c2246 ON public.inventoryapp_inventorystockinfo USING btree (location_id);


--
-- Name: inventoryapp_inventorytype_name_3b02c9f6_like; Type: INDEX; Schema: public; Owner: postgres
--

CREATE INDEX inventoryapp_inventorytype_name_3b02c9f6_like ON public.inventoryapp_inventorytype USING btree (name varchar_pattern_ops);


--
-- Name: inventoryapp_inventorytype_parent_inventory_type_id_d8d8874d; Type: INDEX; Schema: public; Owner: postgres
--

CREATE INDEX inventoryapp_inventorytype_parent_inventory_type_id_d8d8874d ON public.inventoryapp_inventorytype USING btree (parent_inventory_type_id);


--
-- Name: inventoryapp_rol_location_id_5802d594; Type: INDEX; Schema: public; Owner: postgres
--

CREATE INDEX inventoryapp_rol_location_id_5802d594 ON public.inventoryapp_rol USING btree (location_id);


--
-- Name: inventoryapp_rol_rol_f596bfe7_like; Type: INDEX; Schema: public; Owner: postgres
--

CREATE INDEX inventoryapp_rol_rol_f596bfe7_like ON public.inventoryapp_rol USING btree (rol varchar_pattern_ops);


--
-- Name: inventoryapp_unit_name_5648c3ae_like; Type: INDEX; Schema: public; Owner: postgres
--

CREATE INDEX inventoryapp_unit_name_5648c3ae_like ON public.inventoryapp_unit USING btree (name varchar_pattern_ops);


--
-- Name: ticketworkflowapp_customac_customaccesstrack_id_08d9f486; Type: INDEX; Schema: public; Owner: postgres
--

CREATE INDEX ticketworkflowapp_customac_customaccesstrack_id_08d9f486 ON public.ticketworkflowapp_customaccesstrack_allowed_roles USING btree (customaccesstrack_id);


--
-- Name: ticketworkflowapp_customac_customaccesstrack_id_cc741725; Type: INDEX; Schema: public; Owner: postgres
--

CREATE INDEX ticketworkflowapp_customac_customaccesstrack_id_cc741725 ON public.ticketworkflowapp_customaccesstrack_allowed_users USING btree (customaccesstrack_id);


--
-- Name: ticketworkflowapp_customac_employee_id_de9ccc8b; Type: INDEX; Schema: public; Owner: postgres
--

CREATE INDEX ticketworkflowapp_customac_employee_id_de9ccc8b ON public.ticketworkflowapp_customaccesstrack_allowed_users USING btree (employee_id);


--
-- Name: ticketworkflowapp_customac_role_id_164ca0bf; Type: INDEX; Schema: public; Owner: postgres
--

CREATE INDEX ticketworkflowapp_customac_role_id_164ca0bf ON public.ticketworkflowapp_customaccesstrack_allowed_roles USING btree (role_id);


--
-- Name: ticketworkflowapp_customaccesstrack_checklist_id_f1e97e62; Type: INDEX; Schema: public; Owner: postgres
--

CREATE INDEX ticketworkflowapp_customaccesstrack_checklist_id_f1e97e62 ON public.ticketworkflowapp_customaccesstrack USING btree (checklist_id);


--
-- Name: ticketworkflowapp_customaccesstrack_section_id_3673270f; Type: INDEX; Schema: public; Owner: postgres
--

CREATE INDEX ticketworkflowapp_customaccesstrack_section_id_3673270f ON public.ticketworkflowapp_customaccesstrack USING btree (section_id);


--
-- Name: ticketworkflowapp_customaccesstrack_ticket_id_77076323; Type: INDEX; Schema: public; Owner: postgres
--

CREATE INDEX ticketworkflowapp_customaccesstrack_ticket_id_77076323 ON public.ticketworkflowapp_customaccesstrack USING btree (ticket_id);


--
-- Name: ticketworkflowapp_customaccesstrack_workflow_stage_id_b4597836; Type: INDEX; Schema: public; Owner: postgres
--

CREATE INDEX ticketworkflowapp_customaccesstrack_workflow_stage_id_b4597836 ON public.ticketworkflowapp_customaccesstrack USING btree (workflow_stage_id);


--
-- Name: ticketworkflowapp_customst_customstageaccess_id_7041ab73; Type: INDEX; Schema: public; Owner: postgres
--

CREATE INDEX ticketworkflowapp_customst_customstageaccess_id_7041ab73 ON public.ticketworkflowapp_customstageaccess_allowed_users USING btree (customstageaccess_id);


--
-- Name: ticketworkflowapp_customst_customstageaccess_id_e91b747f; Type: INDEX; Schema: public; Owner: postgres
--

CREATE INDEX ticketworkflowapp_customst_customstageaccess_id_e91b747f ON public.ticketworkflowapp_customstageaccess_allowed_roles USING btree (customstageaccess_id);


--
-- Name: ticketworkflowapp_customst_employee_id_fd19f75d; Type: INDEX; Schema: public; Owner: postgres
--

CREATE INDEX ticketworkflowapp_customst_employee_id_fd19f75d ON public.ticketworkflowapp_customstageaccess_allowed_users USING btree (employee_id);


--
-- Name: ticketworkflowapp_customst_role_id_81b8a055; Type: INDEX; Schema: public; Owner: postgres
--

CREATE INDEX ticketworkflowapp_customst_role_id_81b8a055 ON public.ticketworkflowapp_customstageaccess_allowed_roles USING btree (role_id);


--
-- Name: ticketworkflowapp_customstageaccess_checklist_id_a764918f; Type: INDEX; Schema: public; Owner: postgres
--

CREATE INDEX ticketworkflowapp_customstageaccess_checklist_id_a764918f ON public.ticketworkflowapp_customstageaccess USING btree (checklist_id);


--
-- Name: ticketworkflowapp_customstageaccess_criteria_id_45606ff7; Type: INDEX; Schema: public; Owner: postgres
--

CREATE INDEX ticketworkflowapp_customstageaccess_criteria_id_45606ff7 ON public.ticketworkflowapp_customstageaccess USING btree (criteria_id);


--
-- Name: ticketworkflowapp_customstageaccess_section_id_faaebfe4; Type: INDEX; Schema: public; Owner: postgres
--

CREATE INDEX ticketworkflowapp_customstageaccess_section_id_faaebfe4 ON public.ticketworkflowapp_customstageaccess USING btree (section_id);


--
-- Name: ticketworkflowapp_customstageaccess_ticket_id_ad5f7b87; Type: INDEX; Schema: public; Owner: postgres
--

CREATE INDEX ticketworkflowapp_customstageaccess_ticket_id_ad5f7b87 ON public.ticketworkflowapp_customstageaccess USING btree (ticket_id);


--
-- Name: ticketworkflowapp_customstageaccess_workflow_stage_id_a2864598; Type: INDEX; Schema: public; Owner: postgres
--

CREATE INDEX ticketworkflowapp_customstageaccess_workflow_stage_id_a2864598 ON public.ticketworkflowapp_customstageaccess USING btree (workflow_stage_id);


--
-- Name: ticketworkflowapp_evaluationroles_role_id_d141acef; Type: INDEX; Schema: public; Owner: postgres
--

CREATE INDEX ticketworkflowapp_evaluationroles_role_id_d141acef ON public.ticketworkflowapp_evaluationroles USING btree (role_id);


--
-- Name: ticketworkflowapp_evaluationroles_ticket_id_945d297d; Type: INDEX; Schema: public; Owner: postgres
--

CREATE INDEX ticketworkflowapp_evaluationroles_ticket_id_945d297d ON public.ticketworkflowapp_evaluationroles USING btree (ticket_id);


--
-- Name: ticketworkflowapp_evaluationroles_workflow_stage_id_01fc5c62; Type: INDEX; Schema: public; Owner: postgres
--

CREATE INDEX ticketworkflowapp_evaluationroles_workflow_stage_id_01fc5c62 ON public.ticketworkflowapp_evaluationroles USING btree (workflow_stage_id);


--
-- Name: ticketworkflowapp_formfieldresponse_field_id_2d956b0e; Type: INDEX; Schema: public; Owner: postgres
--

CREATE INDEX ticketworkflowapp_formfieldresponse_field_id_2d956b0e ON public.ticketworkflowapp_formfieldresponse USING btree (field_id);


--
-- Name: ticketworkflowapp_formfieldresponse_parent_field_id_46d469bb; Type: INDEX; Schema: public; Owner: postgres
--

CREATE INDEX ticketworkflowapp_formfieldresponse_parent_field_id_46d469bb ON public.ticketworkflowapp_formfieldresponse USING btree (parent_field_id);


--
-- Name: ticketworkflowapp_formfieldresponse_submission_id_5e7bd4a0; Type: INDEX; Schema: public; Owner: postgres
--

CREATE INDEX ticketworkflowapp_formfieldresponse_submission_id_5e7bd4a0 ON public.ticketworkflowapp_formfieldresponse USING btree (submission_id);


--
-- Name: ticketworkflowapp_formsubmission_form_id_e0b660a1; Type: INDEX; Schema: public; Owner: postgres
--

CREATE INDEX ticketworkflowapp_formsubmission_form_id_e0b660a1 ON public.ticketworkflowapp_formsubmission USING btree (form_id);


--
-- Name: ticketworkflowapp_formsubmission_invalidated_by_id_e8dbe7ef; Type: INDEX; Schema: public; Owner: postgres
--

CREATE INDEX ticketworkflowapp_formsubmission_invalidated_by_id_e8dbe7ef ON public.ticketworkflowapp_formsubmission USING btree (invalidated_by_id);


--
-- Name: ticketworkflowapp_formsubmission_section_id_b0372832; Type: INDEX; Schema: public; Owner: postgres
--

CREATE INDEX ticketworkflowapp_formsubmission_section_id_b0372832 ON public.ticketworkflowapp_formsubmission USING btree (section_id);


--
-- Name: ticketworkflowapp_formsubmission_stage_id_e73ba695; Type: INDEX; Schema: public; Owner: postgres
--

CREATE INDEX ticketworkflowapp_formsubmission_stage_id_e73ba695 ON public.ticketworkflowapp_formsubmission USING btree (stage_id);


--
-- Name: ticketworkflowapp_formsubmission_submitted_by_id_3ba27f17; Type: INDEX; Schema: public; Owner: postgres
--

CREATE INDEX ticketworkflowapp_formsubmission_submitted_by_id_3ba27f17 ON public.ticketworkflowapp_formsubmission USING btree (submitted_by_id);


--
-- Name: ticketworkflowapp_formsubmission_ticket_id_d89c4a60; Type: INDEX; Schema: public; Owner: postgres
--

CREATE INDEX ticketworkflowapp_formsubmission_ticket_id_d89c4a60 ON public.ticketworkflowapp_formsubmission USING btree (ticket_id);


--
-- Name: ticketworkflowapp_savedtickets_employee_id_4630c0d1; Type: INDEX; Schema: public; Owner: postgres
--

CREATE INDEX ticketworkflowapp_savedtickets_employee_id_4630c0d1 ON public.ticketworkflowapp_savedtickets USING btree (employee_id);


--
-- Name: ticketworkflowapp_savedtickets_ticket_id_f0139fbc; Type: INDEX; Schema: public; Owner: postgres
--

CREATE INDEX ticketworkflowapp_savedtickets_ticket_id_f0139fbc ON public.ticketworkflowapp_savedtickets USING btree (ticket_id);


--
-- Name: ticketworkflowapp_slaexten_extension_request_id_fd0fb1fd; Type: INDEX; Schema: public; Owner: postgres
--

CREATE INDEX ticketworkflowapp_slaexten_extension_request_id_fd0fb1fd ON public.ticketworkflowapp_slaextensionsignature USING btree (extension_request_id);


--
-- Name: ticketworkflowapp_slaexten_invalidated_by_id_e87adc05; Type: INDEX; Schema: public; Owner: postgres
--

CREATE INDEX ticketworkflowapp_slaexten_invalidated_by_id_e87adc05 ON public.ticketworkflowapp_slaextensionsignature USING btree (invalidated_by_id);


--
-- Name: ticketworkflowapp_slaextensionrequest_manager_id_65db9ff5; Type: INDEX; Schema: public; Owner: postgres
--

CREATE INDEX ticketworkflowapp_slaextensionrequest_manager_id_65db9ff5 ON public.ticketworkflowapp_slaextensionrequest USING btree (manager_id);


--
-- Name: ticketworkflowapp_slaextensionrequest_requested_by_id_9a7aa88f; Type: INDEX; Schema: public; Owner: postgres
--

CREATE INDEX ticketworkflowapp_slaextensionrequest_requested_by_id_9a7aa88f ON public.ticketworkflowapp_slaextensionrequest USING btree (requested_by_id);


--
-- Name: ticketworkflowapp_slaextensionrequest_stage_id_31c448f0; Type: INDEX; Schema: public; Owner: postgres
--

CREATE INDEX ticketworkflowapp_slaextensionrequest_stage_id_31c448f0 ON public.ticketworkflowapp_slaextensionrequest USING btree (stage_id);


--
-- Name: ticketworkflowapp_slaextensionrequest_ticket_id_9339b6de; Type: INDEX; Schema: public; Owner: postgres
--

CREATE INDEX ticketworkflowapp_slaextensionrequest_ticket_id_9339b6de ON public.ticketworkflowapp_slaextensionrequest USING btree (ticket_id);


--
-- Name: ticketworkflowapp_slaextensionseen_employee_id_9e403d6d; Type: INDEX; Schema: public; Owner: postgres
--

CREATE INDEX ticketworkflowapp_slaextensionseen_employee_id_9e403d6d ON public.ticketworkflowapp_slaextensionseen USING btree (employee_id);


--
-- Name: ticketworkflowapp_slaextensionseen_request_id_35076ba2; Type: INDEX; Schema: public; Owner: postgres
--

CREATE INDEX ticketworkflowapp_slaextensionseen_request_id_35076ba2 ON public.ticketworkflowapp_slaextensionseen USING btree (request_id);


--
-- Name: ticketworkflowapp_slaextensionsignature_signed_by_id_63da2fc0; Type: INDEX; Schema: public; Owner: postgres
--

CREATE INDEX ticketworkflowapp_slaextensionsignature_signed_by_id_63da2fc0 ON public.ticketworkflowapp_slaextensionsignature USING btree (signed_by_id);


--
-- Name: ticketworkflowapp_slaextensionsignature_stage_id_32e652c3; Type: INDEX; Schema: public; Owner: postgres
--

CREATE INDEX ticketworkflowapp_slaextensionsignature_stage_id_32e652c3 ON public.ticketworkflowapp_slaextensionsignature USING btree (stage_id);


--
-- Name: ticketworkflowapp_slaextensionsignature_ticket_id_4afdb2b3; Type: INDEX; Schema: public; Owner: postgres
--

CREATE INDEX ticketworkflowapp_slaextensionsignature_ticket_id_4afdb2b3 ON public.ticketworkflowapp_slaextensionsignature USING btree (ticket_id);


--
-- Name: ticketworkflowapp_stageflowremark_created_by_id_b7870b2b; Type: INDEX; Schema: public; Owner: postgres
--

CREATE INDEX ticketworkflowapp_stageflowremark_created_by_id_b7870b2b ON public.ticketworkflowapp_stageflowremark USING btree (created_by_id);


--
-- Name: ticketworkflowapp_stageflowremark_track_id_9f409e93; Type: INDEX; Schema: public; Owner: postgres
--

CREATE INDEX ticketworkflowapp_stageflowremark_track_id_9f409e93 ON public.ticketworkflowapp_stageflowremark USING btree (track_id);


--
-- Name: ticketworkflowapp_temperoryworkflow_workflow_id_a477d197; Type: INDEX; Schema: public; Owner: postgres
--

CREATE INDEX ticketworkflowapp_temperoryworkflow_workflow_id_a477d197 ON public.ticketworkflowapp_temperoryworkflow USING btree (workflow_id);


--
-- Name: ticketworkflowapp_ticketchecklistvalue_checklist_id_fdae9b19; Type: INDEX; Schema: public; Owner: postgres
--

CREATE INDEX ticketworkflowapp_ticketchecklistvalue_checklist_id_fdae9b19 ON public.ticketworkflowapp_ticketchecklistvalue USING btree (checklist_id);


--
-- Name: ticketworkflowapp_ticketchecklistvalue_section_id_3c3f820f; Type: INDEX; Schema: public; Owner: postgres
--

CREATE INDEX ticketworkflowapp_ticketchecklistvalue_section_id_3c3f820f ON public.ticketworkflowapp_ticketchecklistvalue USING btree (section_id);


--
-- Name: ticketworkflowapp_ticketchecklistvalue_stage_id_87fff754; Type: INDEX; Schema: public; Owner: postgres
--

CREATE INDEX ticketworkflowapp_ticketchecklistvalue_stage_id_87fff754 ON public.ticketworkflowapp_ticketchecklistvalue USING btree (stage_id);


--
-- Name: ticketworkflowapp_ticketchecklistvalue_ticket_id_84b98e17; Type: INDEX; Schema: public; Owner: postgres
--

CREATE INDEX ticketworkflowapp_ticketchecklistvalue_ticket_id_84b98e17 ON public.ticketworkflowapp_ticketchecklistvalue USING btree (ticket_id);


--
-- Name: ticketworkflowapp_ticketcomment_commented_by_id_6885034a; Type: INDEX; Schema: public; Owner: postgres
--

CREATE INDEX ticketworkflowapp_ticketcomment_commented_by_id_6885034a ON public.ticketworkflowapp_ticketcomment USING btree (commented_by_id);


--
-- Name: ticketworkflowapp_ticketcomment_ticket_id_f2b185ec; Type: INDEX; Schema: public; Owner: postgres
--

CREATE INDEX ticketworkflowapp_ticketcomment_ticket_id_f2b185ec ON public.ticketworkflowapp_ticketcomment USING btree (ticket_id);


--
-- Name: ticketworkflowapp_ticketdetails_created_by_id_04552351; Type: INDEX; Schema: public; Owner: postgres
--

CREATE INDEX ticketworkflowapp_ticketdetails_created_by_id_04552351 ON public.ticketworkflowapp_ticketdetails USING btree (created_by_id);


--
-- Name: ticketworkflowapp_ticketdetails_department_id_ff00fe78; Type: INDEX; Schema: public; Owner: postgres
--

CREATE INDEX ticketworkflowapp_ticketdetails_department_id_ff00fe78 ON public.ticketworkflowapp_ticketdetails USING btree (department_id);


--
-- Name: ticketworkflowapp_ticketdetails_location_id_150a3308; Type: INDEX; Schema: public; Owner: postgres
--

CREATE INDEX ticketworkflowapp_ticketdetails_location_id_150a3308 ON public.ticketworkflowapp_ticketdetails USING btree (location_id);


--
-- Name: ticketworkflowapp_ticketdetails_parent_ticket_id_f487f7c5; Type: INDEX; Schema: public; Owner: postgres
--

CREATE INDEX ticketworkflowapp_ticketdetails_parent_ticket_id_f487f7c5 ON public.ticketworkflowapp_ticketdetails USING btree (parent_ticket_id);


--
-- Name: ticketworkflowapp_ticketdetails_priority_id_274401d2; Type: INDEX; Schema: public; Owner: postgres
--

CREATE INDEX ticketworkflowapp_ticketdetails_priority_id_274401d2 ON public.ticketworkflowapp_ticketdetails USING btree (priority_id);


--
-- Name: ticketworkflowapp_ticketdetails_unique_id_54adc733_like; Type: INDEX; Schema: public; Owner: postgres
--

CREATE INDEX ticketworkflowapp_ticketdetails_unique_id_54adc733_like ON public.ticketworkflowapp_ticketdetails USING btree (unique_id varchar_pattern_ops);


--
-- Name: ticketworkflowapp_ticketdocs_ticket_id_a7ef7ab6; Type: INDEX; Schema: public; Owner: postgres
--

CREATE INDEX ticketworkflowapp_ticketdocs_ticket_id_a7ef7ab6 ON public.ticketworkflowapp_ticketdocs USING btree (ticket_id);


--
-- Name: ticketworkflowapp_ticketfl_ticketflow_id_8d93cfc8; Type: INDEX; Schema: public; Owner: postgres
--

CREATE INDEX ticketworkflowapp_ticketfl_ticketflow_id_8d93cfc8 ON public.ticketworkflowapp_ticketflow_current_stage USING btree (ticketflow_id);


--
-- Name: ticketworkflowapp_ticketfl_workflowstage_id_cd4045fa; Type: INDEX; Schema: public; Owner: postgres
--

CREATE INDEX ticketworkflowapp_ticketfl_workflowstage_id_cd4045fa ON public.ticketworkflowapp_ticketflow_current_stage USING btree (workflowstage_id);


--
-- Name: ticketworkflowapp_ticketflow_ticket_id_cb49a6d2; Type: INDEX; Schema: public; Owner: postgres
--

CREATE INDEX ticketworkflowapp_ticketflow_ticket_id_cb49a6d2 ON public.ticketworkflowapp_ticketflow USING btree (ticket_id);


--
-- Name: ticketworkflowapp_ticketflow_workflow_id_bbdae225; Type: INDEX; Schema: public; Owner: postgres
--

CREATE INDEX ticketworkflowapp_ticketflow_workflow_id_bbdae225 ON public.ticketworkflowapp_ticketflow USING btree (workflow_id);


--
-- Name: ticketworkflowapp_ticketparameter_parameter_data_id_33ec5d99; Type: INDEX; Schema: public; Owner: postgres
--

CREATE INDEX ticketworkflowapp_ticketparameter_parameter_data_id_33ec5d99 ON public.ticketworkflowapp_ticketparameter USING btree (parameter_data_id);


--
-- Name: ticketworkflowapp_ticketparameter_stage_id_cadd7f22; Type: INDEX; Schema: public; Owner: postgres
--

CREATE INDEX ticketworkflowapp_ticketparameter_stage_id_cadd7f22 ON public.ticketworkflowapp_ticketparameter USING btree (stage_id);


--
-- Name: ticketworkflowapp_ticketparameter_ticket_details_id_3d5eddde; Type: INDEX; Schema: public; Owner: postgres
--

CREATE INDEX ticketworkflowapp_ticketparameter_ticket_details_id_3d5eddde ON public.ticketworkflowapp_ticketparameter USING btree (ticket_details_id);


--
-- Name: ticketworkflowapp_ticketst_employee_id_e9cd6010; Type: INDEX; Schema: public; Owner: postgres
--

CREATE INDEX ticketworkflowapp_ticketst_employee_id_e9cd6010 ON public.ticketworkflowapp_ticketstageaccess_allowed_users USING btree (employee_id);


--
-- Name: ticketworkflowapp_ticketst_invalidated_by_id_a10a93b1; Type: INDEX; Schema: public; Owner: postgres
--

CREATE INDEX ticketworkflowapp_ticketst_invalidated_by_id_a10a93b1 ON public.ticketworkflowapp_ticketstagetracking USING btree (invalidated_by_id);


--
-- Name: ticketworkflowapp_ticketst_role_id_063c2413; Type: INDEX; Schema: public; Owner: postgres
--

CREATE INDEX ticketworkflowapp_ticketst_role_id_063c2413 ON public.ticketworkflowapp_ticketstageaccess_allowed_roles USING btree (role_id);


--
-- Name: ticketworkflowapp_ticketst_ticketstageaccess_id_0cda57a1; Type: INDEX; Schema: public; Owner: postgres
--

CREATE INDEX ticketworkflowapp_ticketst_ticketstageaccess_id_0cda57a1 ON public.ticketworkflowapp_ticketstageaccess_allowed_roles USING btree (ticketstageaccess_id);


--
-- Name: ticketworkflowapp_ticketst_ticketstageaccess_id_b100270a; Type: INDEX; Schema: public; Owner: postgres
--

CREATE INDEX ticketworkflowapp_ticketst_ticketstageaccess_id_b100270a ON public.ticketworkflowapp_ticketstageaccess_allowed_users USING btree (ticketstageaccess_id);


--
-- Name: ticketworkflowapp_ticketstageaccess_stage_id_fa2e38b6; Type: INDEX; Schema: public; Owner: postgres
--

CREATE INDEX ticketworkflowapp_ticketstageaccess_stage_id_fa2e38b6 ON public.ticketworkflowapp_ticketstageaccess USING btree (stage_id);


--
-- Name: ticketworkflowapp_ticketstageaccess_ticket_id_8850ae4f; Type: INDEX; Schema: public; Owner: postgres
--

CREATE INDEX ticketworkflowapp_ticketstageaccess_ticket_id_8850ae4f ON public.ticketworkflowapp_ticketstageaccess USING btree (ticket_id);


--
-- Name: ticketworkflowapp_ticketstagetracking_actions_id_90948bba; Type: INDEX; Schema: public; Owner: postgres
--

CREATE INDEX ticketworkflowapp_ticketstagetracking_actions_id_90948bba ON public.ticketworkflowapp_ticketstagetracking USING btree (actions_id);


--
-- Name: ticketworkflowapp_ticketstagetracking_performed_by_id_8cce3549; Type: INDEX; Schema: public; Owner: postgres
--

CREATE INDEX ticketworkflowapp_ticketstagetracking_performed_by_id_8cce3549 ON public.ticketworkflowapp_ticketstagetracking USING btree (performed_by_id);


--
-- Name: ticketworkflowapp_ticketstagetracking_post_actions_id_4de13bbd; Type: INDEX; Schema: public; Owner: postgres
--

CREATE INDEX ticketworkflowapp_ticketstagetracking_post_actions_id_4de13bbd ON public.ticketworkflowapp_ticketstagetracking USING btree (post_actions_id);


--
-- Name: ticketworkflowapp_ticketstagetracking_pre_actions_id_4eaed34b; Type: INDEX; Schema: public; Owner: postgres
--

CREATE INDEX ticketworkflowapp_ticketstagetracking_pre_actions_id_4eaed34b ON public.ticketworkflowapp_ticketstagetracking USING btree (pre_actions_id);


--
-- Name: ticketworkflowapp_ticketstagetracking_returned_from_id_db59fb04; Type: INDEX; Schema: public; Owner: postgres
--

CREATE INDEX ticketworkflowapp_ticketstagetracking_returned_from_id_db59fb04 ON public.ticketworkflowapp_ticketstagetracking USING btree (returned_from_id);


--
-- Name: ticketworkflowapp_ticketstagetracking_stage_id_724c1104; Type: INDEX; Schema: public; Owner: postgres
--

CREATE INDEX ticketworkflowapp_ticketstagetracking_stage_id_724c1104 ON public.ticketworkflowapp_ticketstagetracking USING btree (stage_id);


--
-- Name: ticketworkflowapp_ticketstagetracking_ticket_id_4b124c6f; Type: INDEX; Schema: public; Owner: postgres
--

CREATE INDEX ticketworkflowapp_ticketstagetracking_ticket_id_4b124c6f ON public.ticketworkflowapp_ticketstagetracking USING btree (ticket_id);


--
-- Name: ticketworkflowapp_workflow_assign_access_from_id_1a4f6101; Type: INDEX; Schema: public; Owner: postgres
--

CREATE INDEX ticketworkflowapp_workflow_assign_access_from_id_1a4f6101 ON public.ticketworkflowapp_workflowchecklist USING btree (assign_access_from_id);


--
-- Name: ticketworkflowapp_workflow_dependent_stage_id_17bcc51f; Type: INDEX; Schema: public; Owner: postgres
--

CREATE INDEX ticketworkflowapp_workflow_dependent_stage_id_17bcc51f ON public.ticketworkflowapp_workflowdependency USING btree (dependent_stage_id);


--
-- Name: ticketworkflowapp_workflow_employee_id_11593ab0; Type: INDEX; Schema: public; Owner: postgres
--

CREATE INDEX ticketworkflowapp_workflow_employee_id_11593ab0 ON public.ticketworkflowapp_workflowstageactions_allowed_users USING btree (employee_id);


--
-- Name: ticketworkflowapp_workflow_formsections_id_a6d8137a; Type: INDEX; Schema: public; Owner: postgres
--

CREATE INDEX ticketworkflowapp_workflow_formsections_id_a6d8137a ON public.ticketworkflowapp_workflowchecklist_section USING btree (formsections_id);


--
-- Name: ticketworkflowapp_workflow_invalidated_by_id_9d62a2a9; Type: INDEX; Schema: public; Owner: postgres
--

CREATE INDEX ticketworkflowapp_workflow_invalidated_by_id_9d62a2a9 ON public.ticketworkflowapp_workflowstagesignature USING btree (invalidated_by_id);


--
-- Name: ticketworkflowapp_workflow_prerequisite_action_id_d7f19eab; Type: INDEX; Schema: public; Owner: postgres
--

CREATE INDEX ticketworkflowapp_workflow_prerequisite_action_id_d7f19eab ON public.ticketworkflowapp_workflowdependency USING btree (prerequisite_action_id);


--
-- Name: ticketworkflowapp_workflow_required_previous_stage_id_ef7c56a3; Type: INDEX; Schema: public; Owner: postgres
--

CREATE INDEX ticketworkflowapp_workflow_required_previous_stage_id_ef7c56a3 ON public.ticketworkflowapp_workflowstage USING btree (required_previous_stage_id);


--
-- Name: ticketworkflowapp_workflow_role_id_0eb3fd9c; Type: INDEX; Schema: public; Owner: postgres
--

CREATE INDEX ticketworkflowapp_workflow_role_id_0eb3fd9c ON public.ticketworkflowapp_workflowchecklist_reader_roles USING btree (role_id);


--
-- Name: ticketworkflowapp_workflow_role_id_c776abf6; Type: INDEX; Schema: public; Owner: postgres
--

CREATE INDEX ticketworkflowapp_workflow_role_id_c776abf6 ON public.ticketworkflowapp_workflowstageactions_allowed_roles USING btree (role_id);


--
-- Name: ticketworkflowapp_workflow_role_id_ce5f61a1; Type: INDEX; Schema: public; Owner: postgres
--

CREATE INDEX ticketworkflowapp_workflow_role_id_ce5f61a1 ON public.ticketworkflowapp_workflowchecklist_writer_roles USING btree (role_id);


--
-- Name: ticketworkflowapp_workflow_ticket_id_6c6d1bca; Type: INDEX; Schema: public; Owner: postgres
--

CREATE INDEX ticketworkflowapp_workflow_ticket_id_6c6d1bca ON public.ticketworkflowapp_workflowticketapprovalrequest USING btree (ticket_id);


--
-- Name: ticketworkflowapp_workflow_type_id_d3d13711; Type: INDEX; Schema: public; Owner: postgres
--

CREATE INDEX ticketworkflowapp_workflow_type_id_d3d13711 ON public.ticketworkflowapp_workflow USING btree (type_id);


--
-- Name: ticketworkflowapp_workflow_workflow_action_id_7d646509; Type: INDEX; Schema: public; Owner: postgres
--

CREATE INDEX ticketworkflowapp_workflow_workflow_action_id_7d646509 ON public.ticketworkflowapp_workflowstageactions USING btree (workflow_action_id);


--
-- Name: ticketworkflowapp_workflow_workflow_id_e728272c; Type: INDEX; Schema: public; Owner: postgres
--

CREATE INDEX ticketworkflowapp_workflow_workflow_id_e728272c ON public.ticketworkflowapp_workflowticketapprovalrequest USING btree (workflow_id);


--
-- Name: ticketworkflowapp_workflow_workflow_stage_id_229bc5c5; Type: INDEX; Schema: public; Owner: postgres
--

CREATE INDEX ticketworkflowapp_workflow_workflow_stage_id_229bc5c5 ON public.ticketworkflowapp_workflowstageactions USING btree (workflow_stage_id);


--
-- Name: ticketworkflowapp_workflow_workflowchecklist_id_1c42bb5e; Type: INDEX; Schema: public; Owner: postgres
--

CREATE INDEX ticketworkflowapp_workflow_workflowchecklist_id_1c42bb5e ON public.ticketworkflowapp_workflowchecklist_writer_roles USING btree (workflowchecklist_id);


--
-- Name: ticketworkflowapp_workflow_workflowchecklist_id_b9827449; Type: INDEX; Schema: public; Owner: postgres
--

CREATE INDEX ticketworkflowapp_workflow_workflowchecklist_id_b9827449 ON public.ticketworkflowapp_workflowchecklist_reader_roles USING btree (workflowchecklist_id);


--
-- Name: ticketworkflowapp_workflow_workflowchecklist_id_e2b71ab0; Type: INDEX; Schema: public; Owner: postgres
--

CREATE INDEX ticketworkflowapp_workflow_workflowchecklist_id_e2b71ab0 ON public.ticketworkflowapp_workflowchecklist_section USING btree (workflowchecklist_id);


--
-- Name: ticketworkflowapp_workflow_workflowstageactions_id_34452f64; Type: INDEX; Schema: public; Owner: postgres
--

CREATE INDEX ticketworkflowapp_workflow_workflowstageactions_id_34452f64 ON public.ticketworkflowapp_workflowstageactions_allowed_roles USING btree (workflowstageactions_id);


--
-- Name: ticketworkflowapp_workflow_workflowstageactions_id_5b6f20a2; Type: INDEX; Schema: public; Owner: postgres
--

CREATE INDEX ticketworkflowapp_workflow_workflowstageactions_id_5b6f20a2 ON public.ticketworkflowapp_workflowstageactions_allowed_users USING btree (workflowstageactions_id);


--
-- Name: ticketworkflowapp_workflowchecklist_checklist_id_492767ed; Type: INDEX; Schema: public; Owner: postgres
--

CREATE INDEX ticketworkflowapp_workflowchecklist_checklist_id_492767ed ON public.ticketworkflowapp_workflowchecklist USING btree (checklist_id);


--
-- Name: ticketworkflowapp_workflowchecklist_criteria_id_101f3689; Type: INDEX; Schema: public; Owner: postgres
--

CREATE INDEX ticketworkflowapp_workflowchecklist_criteria_id_101f3689 ON public.ticketworkflowapp_workflowchecklist USING btree (criteria_id);


--
-- Name: ticketworkflowapp_workflowchecklist_workflow_stage_id_aebb4639; Type: INDEX; Schema: public; Owner: postgres
--

CREATE INDEX ticketworkflowapp_workflowchecklist_workflow_stage_id_aebb4639 ON public.ticketworkflowapp_workflowchecklist USING btree (workflow_stage_id);


--
-- Name: ticketworkflowapp_workflowchecklisttemp_workflow_id_81a3e495; Type: INDEX; Schema: public; Owner: postgres
--

CREATE INDEX ticketworkflowapp_workflowchecklisttemp_workflow_id_81a3e495 ON public.ticketworkflowapp_workflowchecklisttemp USING btree (workflow_id);


--
-- Name: ticketworkflowapp_workflowsla_roles_role_id_e57fef54; Type: INDEX; Schema: public; Owner: postgres
--

CREATE INDEX ticketworkflowapp_workflowsla_roles_role_id_e57fef54 ON public.ticketworkflowapp_workflowsla_roles USING btree (role_id);


--
-- Name: ticketworkflowapp_workflowsla_roles_workflowsla_id_21a8826d; Type: INDEX; Schema: public; Owner: postgres
--

CREATE INDEX ticketworkflowapp_workflowsla_roles_workflowsla_id_21a8826d ON public.ticketworkflowapp_workflowsla_roles USING btree (workflowsla_id);


--
-- Name: ticketworkflowapp_workflowsla_users_employee_id_65c8a52e; Type: INDEX; Schema: public; Owner: postgres
--

CREATE INDEX ticketworkflowapp_workflowsla_users_employee_id_65c8a52e ON public.ticketworkflowapp_workflowsla_users USING btree (employee_id);


--
-- Name: ticketworkflowapp_workflowsla_users_workflowsla_id_3dab031b; Type: INDEX; Schema: public; Owner: postgres
--

CREATE INDEX ticketworkflowapp_workflowsla_users_workflowsla_id_3dab031b ON public.ticketworkflowapp_workflowsla_users USING btree (workflowsla_id);


--
-- Name: ticketworkflowapp_workflowsla_workflowstage_id_45c18c0d; Type: INDEX; Schema: public; Owner: postgres
--

CREATE INDEX ticketworkflowapp_workflowsla_workflowstage_id_45c18c0d ON public.ticketworkflowapp_workflowsla USING btree (workflowstage_id);


--
-- Name: ticketworkflowapp_workflowstage_workflow_id_298583d2; Type: INDEX; Schema: public; Owner: postgres
--

CREATE INDEX ticketworkflowapp_workflowstage_workflow_id_298583d2 ON public.ticketworkflowapp_workflowstage USING btree (workflow_id);


--
-- Name: ticketworkflowapp_workflowstageactions_criteria_id_5173ba95; Type: INDEX; Schema: public; Owner: postgres
--

CREATE INDEX ticketworkflowapp_workflowstageactions_criteria_id_5173ba95 ON public.ticketworkflowapp_workflowstageactions USING btree (criteria_id);


--
-- Name: ticketworkflowapp_workflowstagesignature_action_id_27649c76; Type: INDEX; Schema: public; Owner: postgres
--

CREATE INDEX ticketworkflowapp_workflowstagesignature_action_id_27649c76 ON public.ticketworkflowapp_workflowstagesignature USING btree (action_id);


--
-- Name: ticketworkflowapp_workflowstagesignature_signed_by_id_7eae1337; Type: INDEX; Schema: public; Owner: postgres
--

CREATE INDEX ticketworkflowapp_workflowstagesignature_signed_by_id_7eae1337 ON public.ticketworkflowapp_workflowstagesignature USING btree (signed_by_id);


--
-- Name: ticketworkflowapp_workflowstagesignature_stage_id_b8b32cdb; Type: INDEX; Schema: public; Owner: postgres
--

CREATE INDEX ticketworkflowapp_workflowstagesignature_stage_id_b8b32cdb ON public.ticketworkflowapp_workflowstagesignature USING btree (stage_id);


--
-- Name: ticketworkflowapp_workflowstagesignature_ticket_id_0e50e5d3; Type: INDEX; Schema: public; Owner: postgres
--

CREATE INDEX ticketworkflowapp_workflowstagesignature_ticket_id_0e50e5d3 ON public.ticketworkflowapp_workflowstagesignature USING btree (ticket_id);


--
-- Name: ticketworkflowapp_workflowtransition_from_stage_id_55af58c8; Type: INDEX; Schema: public; Owner: postgres
--

CREATE INDEX ticketworkflowapp_workflowtransition_from_stage_id_55af58c8 ON public.ticketworkflowapp_workflowtransition USING btree (from_stage_id);


--
-- Name: ticketworkflowapp_workflowtransition_to_stage_id_16937cbd; Type: INDEX; Schema: public; Owner: postgres
--

CREATE INDEX ticketworkflowapp_workflowtransition_to_stage_id_16937cbd ON public.ticketworkflowapp_workflowtransition USING btree (to_stage_id);


--
-- Name: ticketworkflowapp_workflowtransition_workflow_id_95f7b222; Type: INDEX; Schema: public; Owner: postgres
--

CREATE INDEX ticketworkflowapp_workflowtransition_workflow_id_95f7b222 ON public.ticketworkflowapp_workflowtransition USING btree (workflow_id);


--
-- Name: tms_option_question_id_49b6b29a; Type: INDEX; Schema: public; Owner: postgres
--

CREATE INDEX tms_option_question_id_49b6b29a ON public.tms_option USING btree (question_id);


--
-- Name: tms_question_quiz_id_652c6adf; Type: INDEX; Schema: public; Owner: postgres
--

CREATE INDEX tms_question_quiz_id_652c6adf ON public.tms_question USING btree (quiz_id);


--
-- Name: tms_submittedanswer_option_id_4c4994f3; Type: INDEX; Schema: public; Owner: postgres
--

CREATE INDEX tms_submittedanswer_option_id_4c4994f3 ON public.tms_submittedanswer USING btree (option_id);


--
-- Name: tms_submittedanswer_question_id_d8370817; Type: INDEX; Schema: public; Owner: postgres
--

CREATE INDEX tms_submittedanswer_question_id_d8370817 ON public.tms_submittedanswer USING btree (question_id);


--
-- Name: tms_submittedanswer_ticket_id_77ab88a7; Type: INDEX; Schema: public; Owner: postgres
--

CREATE INDEX tms_submittedanswer_ticket_id_77ab88a7 ON public.tms_submittedanswer USING btree (ticket_id);


--
-- Name: tms_submittedanswer_user_id_c9911c31; Type: INDEX; Schema: public; Owner: postgres
--

CREATE INDEX tms_submittedanswer_user_id_c9911c31 ON public.tms_submittedanswer USING btree (user_id);


--
-- Name: tms_trainingassign_assigned_by_id_dc4dce95; Type: INDEX; Schema: public; Owner: postgres
--

CREATE INDEX tms_trainingassign_assigned_by_id_dc4dce95 ON public.tms_trainingassign USING btree (assigned_by_id);


--
-- Name: tms_trainingassign_assigned_to_id_e319a137; Type: INDEX; Schema: public; Owner: postgres
--

CREATE INDEX tms_trainingassign_assigned_to_id_e319a137 ON public.tms_trainingassign USING btree (assigned_to_id);


--
-- Name: tms_trainingassign_course_trainingassign_id_ce8bff98; Type: INDEX; Schema: public; Owner: postgres
--

CREATE INDEX tms_trainingassign_course_trainingassign_id_ce8bff98 ON public.tms_trainingassign_course USING btree (trainingassign_id);


--
-- Name: tms_trainingassign_course_trainingcourse_id_ca5afb8e; Type: INDEX; Schema: public; Owner: postgres
--

CREATE INDEX tms_trainingassign_course_trainingcourse_id_ca5afb8e ON public.tms_trainingassign_course USING btree (trainingcourse_id);


--
-- Name: tms_trainingassign_module_id_d16c45d3; Type: INDEX; Schema: public; Owner: postgres
--

CREATE INDEX tms_trainingassign_module_id_d16c45d3 ON public.tms_trainingassign USING btree (module_id);


--
-- Name: tms_trainingassign_ticket_id_c1dee0f2; Type: INDEX; Schema: public; Owner: postgres
--

CREATE INDEX tms_trainingassign_ticket_id_c1dee0f2 ON public.tms_trainingassign USING btree (ticket_id);


--
-- Name: tms_trainingchapters_course_id_4a877f73; Type: INDEX; Schema: public; Owner: postgres
--

CREATE INDEX tms_trainingchapters_course_id_4a877f73 ON public.tms_trainingchapters USING btree (course_id);


--
-- Name: tms_trainingchapters_tag_tags_id_0e12ea31; Type: INDEX; Schema: public; Owner: postgres
--

CREATE INDEX tms_trainingchapters_tag_tags_id_0e12ea31 ON public.tms_trainingchapters_tag USING btree (tags_id);


--
-- Name: tms_trainingchapters_tag_trainingchapters_id_01ae0019; Type: INDEX; Schema: public; Owner: postgres
--

CREATE INDEX tms_trainingchapters_tag_trainingchapters_id_01ae0019 ON public.tms_trainingchapters_tag USING btree (trainingchapters_id);


--
-- Name: tms_trainingcourse_module_id_aab464dc; Type: INDEX; Schema: public; Owner: postgres
--

CREATE INDEX tms_trainingcourse_module_id_aab464dc ON public.tms_trainingcourse USING btree (module_id);


--
-- Name: tms_trainingcourse_quiz_id_bd0b78ad; Type: INDEX; Schema: public; Owner: postgres
--

CREATE INDEX tms_trainingcourse_quiz_id_bd0b78ad ON public.tms_trainingcourse USING btree (quiz_id);


--
-- Name: tms_trainingcourse_tag_tags_id_dfcd2259; Type: INDEX; Schema: public; Owner: postgres
--

CREATE INDEX tms_trainingcourse_tag_tags_id_dfcd2259 ON public.tms_trainingcourse_tag USING btree (tags_id);


--
-- Name: tms_trainingcourse_tag_trainingcourse_id_4d439b8e; Type: INDEX; Schema: public; Owner: postgres
--

CREATE INDEX tms_trainingcourse_tag_trainingcourse_id_4d439b8e ON public.tms_trainingcourse_tag USING btree (trainingcourse_id);


--
-- Name: tms_trainingmodules_category_id_14888541; Type: INDEX; Schema: public; Owner: postgres
--

CREATE INDEX tms_trainingmodules_category_id_14888541 ON public.tms_trainingmodules USING btree (category_id);


--
-- Name: tms_trainingresources_chapter_id_230ffb62; Type: INDEX; Schema: public; Owner: postgres
--

CREATE INDEX tms_trainingresources_chapter_id_230ffb62 ON public.tms_trainingresources USING btree (chapter_id);


--
-- Name: tms_trainingvideos_chapter_id_18ec5584; Type: INDEX; Schema: public; Owner: postgres
--

CREATE INDEX tms_trainingvideos_chapter_id_18ec5584 ON public.tms_trainingvideos USING btree (chapter_id);


--
-- Name: tms_videoprogress_ticket_id_536a37c8; Type: INDEX; Schema: public; Owner: postgres
--

CREATE INDEX tms_videoprogress_ticket_id_536a37c8 ON public.tms_videoprogress USING btree (ticket_id);


--
-- Name: tms_videoprogress_user_id_f735907a; Type: INDEX; Schema: public; Owner: postgres
--

CREATE INDEX tms_videoprogress_user_id_f735907a ON public.tms_videoprogress USING btree (user_id);


--
-- Name: tms_videoprogress_video_id_e5df2984; Type: INDEX; Schema: public; Owner: postgres
--

CREATE INDEX tms_videoprogress_video_id_e5df2984 ON public.tms_videoprogress USING btree (video_id);


--
-- Name: assetapp_asset assetapp_asset_category_id_94a0b2f5_fk_assetapp_; Type: FK CONSTRAINT; Schema: public; Owner: postgres
--

ALTER TABLE ONLY public.assetapp_asset
    ADD CONSTRAINT assetapp_asset_category_id_94a0b2f5_fk_assetapp_ FOREIGN KEY (category_id) REFERENCES public.assetapp_assetcategory(id) DEFERRABLE INITIALLY DEFERRED;


--
-- Name: assetapp_asset assetapp_asset_location_id_735e6714_fk_configapp_location_id; Type: FK CONSTRAINT; Schema: public; Owner: postgres
--

ALTER TABLE ONLY public.assetapp_asset
    ADD CONSTRAINT assetapp_asset_location_id_735e6714_fk_configapp_location_id FOREIGN KEY (location_id) REFERENCES public.configapp_location(id) DEFERRABLE INITIALLY DEFERRED;


--
-- Name: assetapp_asset assetapp_asset_maker_id_bee721dd_fk_assetapp_assetmaker_id; Type: FK CONSTRAINT; Schema: public; Owner: postgres
--

ALTER TABLE ONLY public.assetapp_asset
    ADD CONSTRAINT assetapp_asset_maker_id_bee721dd_fk_assetapp_assetmaker_id FOREIGN KEY (maker_id) REFERENCES public.assetapp_assetmaker(id) DEFERRABLE INITIALLY DEFERRED;


--
-- Name: assetapp_asset assetapp_asset_parent_asset_id_6bd00716_fk_assetapp_asset_id; Type: FK CONSTRAINT; Schema: public; Owner: postgres
--

ALTER TABLE ONLY public.assetapp_asset
    ADD CONSTRAINT assetapp_asset_parent_asset_id_6bd00716_fk_assetapp_asset_id FOREIGN KEY (parent_asset_id) REFERENCES public.assetapp_asset(id) DEFERRABLE INITIALLY DEFERRED;


--
-- Name: assetapp_asset assetapp_asset_type_id_ffaaba7a_fk_assetapp_assettype_id; Type: FK CONSTRAINT; Schema: public; Owner: postgres
--

ALTER TABLE ONLY public.assetapp_asset
    ADD CONSTRAINT assetapp_asset_type_id_ffaaba7a_fk_assetapp_assettype_id FOREIGN KEY (type_id) REFERENCES public.assetapp_assettype(id) DEFERRABLE INITIALLY DEFERRED;


--
-- Name: assetapp_assetcategory assetapp_assetcatego_parent_category_id_620c3b66_fk_assetapp_; Type: FK CONSTRAINT; Schema: public; Owner: postgres
--

ALTER TABLE ONLY public.assetapp_assetcategory
    ADD CONSTRAINT assetapp_assetcatego_parent_category_id_620c3b66_fk_assetapp_ FOREIGN KEY (parent_category_id) REFERENCES public.assetapp_assetcategory(id) DEFERRABLE INITIALLY DEFERRED;


--
-- Name: assetapp_assetcost assetapp_assetcost_asset_id_7eb4205d_fk_assetapp_asset_id; Type: FK CONSTRAINT; Schema: public; Owner: postgres
--

ALTER TABLE ONLY public.assetapp_assetcost
    ADD CONSTRAINT assetapp_assetcost_asset_id_7eb4205d_fk_assetapp_asset_id FOREIGN KEY (asset_id) REFERENCES public.assetapp_asset(id) DEFERRABLE INITIALLY DEFERRED;


--
-- Name: assetapp_assetcost assetapp_assetcost_unit_id_dc2dd934_fk_inventoryapp_unit_id; Type: FK CONSTRAINT; Schema: public; Owner: postgres
--

ALTER TABLE ONLY public.assetapp_assetcost
    ADD CONSTRAINT assetapp_assetcost_unit_id_dc2dd934_fk_inventoryapp_unit_id FOREIGN KEY (unit_id) REFERENCES public.inventoryapp_unit(id) DEFERRABLE INITIALLY DEFERRED;


--
-- Name: assetapp_assetlog assetapp_assetlog_asset_id_54d9f323_fk_assetapp_asset_id; Type: FK CONSTRAINT; Schema: public; Owner: postgres
--

ALTER TABLE ONLY public.assetapp_assetlog
    ADD CONSTRAINT assetapp_assetlog_asset_id_54d9f323_fk_assetapp_asset_id FOREIGN KEY (asset_id) REFERENCES public.assetapp_asset(id) DEFERRABLE INITIALLY DEFERRED;


--
-- Name: assetapp_assetmaintenance assetapp_assetmainte_asset_id_3f09ecf9_fk_assetapp_; Type: FK CONSTRAINT; Schema: public; Owner: postgres
--

ALTER TABLE ONLY public.assetapp_assetmaintenance
    ADD CONSTRAINT assetapp_assetmainte_asset_id_3f09ecf9_fk_assetapp_ FOREIGN KEY (asset_id) REFERENCES public.assetapp_asset(id) DEFERRABLE INITIALLY DEFERRED;


--
-- Name: assetapp_assetmaintenance assetapp_assetmainte_maintenance_type_id_9afd0c7b_fk_assetapp_; Type: FK CONSTRAINT; Schema: public; Owner: postgres
--

ALTER TABLE ONLY public.assetapp_assetmaintenance
    ADD CONSTRAINT assetapp_assetmainte_maintenance_type_id_9afd0c7b_fk_assetapp_ FOREIGN KEY (maintenance_type_id) REFERENCES public.assetapp_assetmaintenancetype(id) DEFERRABLE INITIALLY DEFERRED;


--
-- Name: assetapp_assetmonitor assetapp_assetmonito_workflow_id_50df4a53_fk_ticketwor; Type: FK CONSTRAINT; Schema: public; Owner: postgres
--

ALTER TABLE ONLY public.assetapp_assetmonitor
    ADD CONSTRAINT assetapp_assetmonito_workflow_id_50df4a53_fk_ticketwor FOREIGN KEY (workflow_id) REFERENCES public.ticketworkflowapp_ticketflow(id) DEFERRABLE INITIALLY DEFERRED;


--
-- Name: assetapp_assetsupervisor assetapp_assetsuperv_employee_id_69f5bb88_fk_configapp; Type: FK CONSTRAINT; Schema: public; Owner: postgres
--

ALTER TABLE ONLY public.assetapp_assetsupervisor
    ADD CONSTRAINT assetapp_assetsuperv_employee_id_69f5bb88_fk_configapp FOREIGN KEY (employee_id) REFERENCES public.configapp_employee(user_id) DEFERRABLE INITIALLY DEFERRED;


--
-- Name: assetapp_assetsupervisor assetapp_assetsupervisor_asset_id_cb85d64e_fk_assetapp_asset_id; Type: FK CONSTRAINT; Schema: public; Owner: postgres
--

ALTER TABLE ONLY public.assetapp_assetsupervisor
    ADD CONSTRAINT assetapp_assetsupervisor_asset_id_cb85d64e_fk_assetapp_asset_id FOREIGN KEY (asset_id) REFERENCES public.assetapp_asset(id) DEFERRABLE INITIALLY DEFERRED;


--
-- Name: assetapp_assettype assetapp_assettype_category_id_2f8e00ad_fk_assetapp_; Type: FK CONSTRAINT; Schema: public; Owner: postgres
--

ALTER TABLE ONLY public.assetapp_assettype
    ADD CONSTRAINT assetapp_assettype_category_id_2f8e00ad_fk_assetapp_ FOREIGN KEY (category_id) REFERENCES public.assetapp_assetcategory(id) DEFERRABLE INITIALLY DEFERRED;


--
-- Name: assetapp_assettype assetapp_assettype_parent_type_id_e022bf40_fk_assetapp_; Type: FK CONSTRAINT; Schema: public; Owner: postgres
--

ALTER TABLE ONLY public.assetapp_assettype
    ADD CONSTRAINT assetapp_assettype_parent_type_id_e022bf40_fk_assetapp_ FOREIGN KEY (parent_type_id) REFERENCES public.assetapp_assettype(id) DEFERRABLE INITIALLY DEFERRED;


--
-- Name: assetapp_maintenanceforms assetapp_maintenance_asset_id_1371cdb6_fk_assetapp_; Type: FK CONSTRAINT; Schema: public; Owner: postgres
--

ALTER TABLE ONLY public.assetapp_maintenanceforms
    ADD CONSTRAINT assetapp_maintenance_asset_id_1371cdb6_fk_assetapp_ FOREIGN KEY (asset_id) REFERENCES public.assetapp_asset(id) DEFERRABLE INITIALLY DEFERRED;


--
-- Name: assetapp_maintenanceforms assetapp_maintenance_form_id_id_ba4733ec_fk_formsapp_; Type: FK CONSTRAINT; Schema: public; Owner: postgres
--

ALTER TABLE ONLY public.assetapp_maintenanceforms
    ADD CONSTRAINT assetapp_maintenance_form_id_id_ba4733ec_fk_formsapp_ FOREIGN KEY (form_id_id) REFERENCES public.formsapp_form(id) DEFERRABLE INITIALLY DEFERRED;


--
-- Name: assetapp_maintenanceforms assetapp_maintenance_workflow_id_a34cd324_fk_ticketwor; Type: FK CONSTRAINT; Schema: public; Owner: postgres
--

ALTER TABLE ONLY public.assetapp_maintenanceforms
    ADD CONSTRAINT assetapp_maintenance_workflow_id_a34cd324_fk_ticketwor FOREIGN KEY (workflow_id) REFERENCES public.ticketworkflowapp_ticketflow(id) DEFERRABLE INITIALLY DEFERRED;


--
-- Name: auth_group_permissions auth_group_permissio_permission_id_84c5c92e_fk_auth_perm; Type: FK CONSTRAINT; Schema: public; Owner: postgres
--

ALTER TABLE ONLY public.auth_group_permissions
    ADD CONSTRAINT auth_group_permissio_permission_id_84c5c92e_fk_auth_perm FOREIGN KEY (permission_id) REFERENCES public.auth_permission(id) DEFERRABLE INITIALLY DEFERRED;


--
-- Name: auth_group_permissions auth_group_permissions_group_id_b120cbf9_fk_auth_group_id; Type: FK CONSTRAINT; Schema: public; Owner: postgres
--

ALTER TABLE ONLY public.auth_group_permissions
    ADD CONSTRAINT auth_group_permissions_group_id_b120cbf9_fk_auth_group_id FOREIGN KEY (group_id) REFERENCES public.auth_group(id) DEFERRABLE INITIALLY DEFERRED;


--
-- Name: auth_permission auth_permission_content_type_id_2f476e4b_fk_django_co; Type: FK CONSTRAINT; Schema: public; Owner: postgres
--

ALTER TABLE ONLY public.auth_permission
    ADD CONSTRAINT auth_permission_content_type_id_2f476e4b_fk_django_co FOREIGN KEY (content_type_id) REFERENCES public.django_content_type(id) DEFERRABLE INITIALLY DEFERRED;


--
-- Name: auth_user_groups auth_user_groups_group_id_97559544_fk_auth_group_id; Type: FK CONSTRAINT; Schema: public; Owner: postgres
--

ALTER TABLE ONLY public.auth_user_groups
    ADD CONSTRAINT auth_user_groups_group_id_97559544_fk_auth_group_id FOREIGN KEY (group_id) REFERENCES public.auth_group(id) DEFERRABLE INITIALLY DEFERRED;


--
-- Name: auth_user_groups auth_user_groups_user_id_6a12ed8b_fk_auth_user_id; Type: FK CONSTRAINT; Schema: public; Owner: postgres
--

ALTER TABLE ONLY public.auth_user_groups
    ADD CONSTRAINT auth_user_groups_user_id_6a12ed8b_fk_auth_user_id FOREIGN KEY (user_id) REFERENCES public.auth_user(id) DEFERRABLE INITIALLY DEFERRED;


--
-- Name: auth_user_user_permissions auth_user_user_permi_permission_id_1fbb5f2c_fk_auth_perm; Type: FK CONSTRAINT; Schema: public; Owner: postgres
--

ALTER TABLE ONLY public.auth_user_user_permissions
    ADD CONSTRAINT auth_user_user_permi_permission_id_1fbb5f2c_fk_auth_perm FOREIGN KEY (permission_id) REFERENCES public.auth_permission(id) DEFERRABLE INITIALLY DEFERRED;


--
-- Name: auth_user_user_permissions auth_user_user_permissions_user_id_a95ead1b_fk_auth_user_id; Type: FK CONSTRAINT; Schema: public; Owner: postgres
--

ALTER TABLE ONLY public.auth_user_user_permissions
    ADD CONSTRAINT auth_user_user_permissions_user_id_a95ead1b_fk_auth_user_id FOREIGN KEY (user_id) REFERENCES public.auth_user(id) DEFERRABLE INITIALLY DEFERRED;


--
-- Name: authtoken_token authtoken_token_user_id_35299eff_fk_auth_user_id; Type: FK CONSTRAINT; Schema: public; Owner: postgres
--

ALTER TABLE ONLY public.authtoken_token
    ADD CONSTRAINT authtoken_token_user_id_35299eff_fk_auth_user_id FOREIGN KEY (user_id) REFERENCES public.auth_user(id) DEFERRABLE INITIALLY DEFERRED;


--
-- Name: compliance_bom compliance_bom_bis_standard_id_833d1e64_fk_complianc; Type: FK CONSTRAINT; Schema: public; Owner: postgres
--

ALTER TABLE ONLY public.compliance_bom
    ADD CONSTRAINT compliance_bom_bis_standard_id_833d1e64_fk_complianc FOREIGN KEY (bis_standard_id) REFERENCES public.compliance_bisstandard(id) DEFERRABLE INITIALLY DEFERRED;


--
-- Name: compliance_bom compliance_bom_function_id_edbadcba_fk_complianc; Type: FK CONSTRAINT; Schema: public; Owner: postgres
--

ALTER TABLE ONLY public.compliance_bom
    ADD CONSTRAINT compliance_bom_function_id_edbadcba_fk_complianc FOREIGN KEY (function_id) REFERENCES public.compliance_materialfunction(id) DEFERRABLE INITIALLY DEFERRED;


--
-- Name: compliance_bom compliance_bom_product_id_cdee920e_fk_compliance_product_id; Type: FK CONSTRAINT; Schema: public; Owner: postgres
--

ALTER TABLE ONLY public.compliance_bom
    ADD CONSTRAINT compliance_bom_product_id_cdee920e_fk_compliance_product_id FOREIGN KEY (product_id) REFERENCES public.compliance_product(id) DEFERRABLE INITIALLY DEFERRED;


--
-- Name: compliance_bom compliance_bom_raw_material_grade_i_ffdeaa7a_fk_complianc; Type: FK CONSTRAINT; Schema: public; Owner: postgres
--

ALTER TABLE ONLY public.compliance_bom
    ADD CONSTRAINT compliance_bom_raw_material_grade_i_ffdeaa7a_fk_complianc FOREIGN KEY (raw_material_grade_id) REFERENCES public.compliance_materialgrade(id) DEFERRABLE INITIALLY DEFERRED;


--
-- Name: compliance_material_parameters compliance_material__material_id_c8376370_fk_complianc; Type: FK CONSTRAINT; Schema: public; Owner: postgres
--

ALTER TABLE ONLY public.compliance_material_parameters
    ADD CONSTRAINT compliance_material__material_id_c8376370_fk_complianc FOREIGN KEY (material_id) REFERENCES public.compliance_material(id) DEFERRABLE INITIALLY DEFERRED;


--
-- Name: compliance_material_parameters compliance_material__materialparameters_i_0899e4ff_fk_complianc; Type: FK CONSTRAINT; Schema: public; Owner: postgres
--

ALTER TABLE ONLY public.compliance_material_parameters
    ADD CONSTRAINT compliance_material__materialparameters_i_0899e4ff_fk_complianc FOREIGN KEY (materialparameters_id) REFERENCES public.compliance_materialparameters(id) DEFERRABLE INITIALLY DEFERRED;


--
-- Name: compliance_material compliance_material_function_id_f5f04d31_fk_complianc; Type: FK CONSTRAINT; Schema: public; Owner: postgres
--

ALTER TABLE ONLY public.compliance_material
    ADD CONSTRAINT compliance_material_function_id_f5f04d31_fk_complianc FOREIGN KEY (function_id) REFERENCES public.compliance_materialfunction(id) DEFERRABLE INITIALLY DEFERRED;


--
-- Name: compliance_material compliance_material_material_id_18ab9358_fk_complianc; Type: FK CONSTRAINT; Schema: public; Owner: postgres
--

ALTER TABLE ONLY public.compliance_material
    ADD CONSTRAINT compliance_material_material_id_18ab9358_fk_complianc FOREIGN KEY (material_id) REFERENCES public.compliance_materialname(id) DEFERRABLE INITIALLY DEFERRED;


--
-- Name: compliance_material compliance_material_product_id_a5ab84df_fk_complianc; Type: FK CONSTRAINT; Schema: public; Owner: postgres
--

ALTER TABLE ONLY public.compliance_material
    ADD CONSTRAINT compliance_material_product_id_a5ab84df_fk_complianc FOREIGN KEY (product_id) REFERENCES public.compliance_product(id) DEFERRABLE INITIALLY DEFERRED;


--
-- Name: compliance_materialparam compliance_materialp_material_id_950ce9bd_fk_complianc; Type: FK CONSTRAINT; Schema: public; Owner: postgres
--

ALTER TABLE ONLY public.compliance_materialparam
    ADD CONSTRAINT compliance_materialp_material_id_950ce9bd_fk_complianc FOREIGN KEY (material_id) REFERENCES public.compliance_bom(id) DEFERRABLE INITIALLY DEFERRED;


--
-- Name: compliance_materialparam compliance_materialp_parameters_id_61e3abcc_fk_complianc; Type: FK CONSTRAINT; Schema: public; Owner: postgres
--

ALTER TABLE ONLY public.compliance_materialparam
    ADD CONSTRAINT compliance_materialp_parameters_id_61e3abcc_fk_complianc FOREIGN KEY (parameters_id) REFERENCES public.compliance_materialparameters(id) DEFERRABLE INITIALLY DEFERRED;


--
-- Name: compliance_materialparam compliance_materialp_test_method_id_abe6aedc_fk_complianc; Type: FK CONSTRAINT; Schema: public; Owner: postgres
--

ALTER TABLE ONLY public.compliance_materialparam
    ADD CONSTRAINT compliance_materialp_test_method_id_abe6aedc_fk_complianc FOREIGN KEY (test_method_id) REFERENCES public.compliance_testmethod(id) DEFERRABLE INITIALLY DEFERRED;


--
-- Name: compliance_processcontrolthreshold compliance_processco_process_control_id_dbcb16cb_fk_complianc; Type: FK CONSTRAINT; Schema: public; Owner: postgres
--

ALTER TABLE ONLY public.compliance_processcontrolthreshold
    ADD CONSTRAINT compliance_processco_process_control_id_dbcb16cb_fk_complianc FOREIGN KEY (process_control_id) REFERENCES public.compliance_processcontrol(id) DEFERRABLE INITIALLY DEFERRED;


--
-- Name: compliance_processcontrolthreshold compliance_processco_product_id_aa0f4601_fk_complianc; Type: FK CONSTRAINT; Schema: public; Owner: postgres
--

ALTER TABLE ONLY public.compliance_processcontrolthreshold
    ADD CONSTRAINT compliance_processco_product_id_aa0f4601_fk_complianc FOREIGN KEY (product_id) REFERENCES public.compliance_product(id) DEFERRABLE INITIALLY DEFERRED;


--
-- Name: compliance_product_dosage compliance_product_d_dosageform_id_91d80f43_fk_complianc; Type: FK CONSTRAINT; Schema: public; Owner: postgres
--

ALTER TABLE ONLY public.compliance_product_dosage
    ADD CONSTRAINT compliance_product_d_dosageform_id_91d80f43_fk_complianc FOREIGN KEY (dosageform_id) REFERENCES public.compliance_dosageform(id) DEFERRABLE INITIALLY DEFERRED;


--
-- Name: compliance_product_dosage compliance_product_d_product_id_942707cb_fk_complianc; Type: FK CONSTRAINT; Schema: public; Owner: postgres
--

ALTER TABLE ONLY public.compliance_product_dosage
    ADD CONSTRAINT compliance_product_d_product_id_942707cb_fk_complianc FOREIGN KEY (product_id) REFERENCES public.compliance_product(id) DEFERRABLE INITIALLY DEFERRED;


--
-- Name: compliance_sopsection compliance_sopsectio_sop_document_id_bcbd515c_fk_complianc; Type: FK CONSTRAINT; Schema: public; Owner: postgres
--

ALTER TABLE ONLY public.compliance_sopsection
    ADD CONSTRAINT compliance_sopsectio_sop_document_id_bcbd515c_fk_complianc FOREIGN KEY (sop_document_id) REFERENCES public.compliance_sopdocument(id) DEFERRABLE INITIALLY DEFERRED;


--
-- Name: compliance_usercompliencehistory compliance_usercompl_document_id_da866e42_fk_complianc; Type: FK CONSTRAINT; Schema: public; Owner: postgres
--

ALTER TABLE ONLY public.compliance_usercompliencehistory
    ADD CONSTRAINT compliance_usercompl_document_id_da866e42_fk_complianc FOREIGN KEY (document_id) REFERENCES public.compliance_sopdocument(id) DEFERRABLE INITIALLY DEFERRED;


--
-- Name: compliance_usercompliencehistory_sections compliance_usercompl_sopsection_id_2c1dc77a_fk_complianc; Type: FK CONSTRAINT; Schema: public; Owner: postgres
--

ALTER TABLE ONLY public.compliance_usercompliencehistory_sections
    ADD CONSTRAINT compliance_usercompl_sopsection_id_2c1dc77a_fk_complianc FOREIGN KEY (sopsection_id) REFERENCES public.compliance_sopsection(id) DEFERRABLE INITIALLY DEFERRED;


--
-- Name: compliance_usercompliencehistory compliance_usercompl_user_id_ffe1bddc_fk_auth_user; Type: FK CONSTRAINT; Schema: public; Owner: postgres
--

ALTER TABLE ONLY public.compliance_usercompliencehistory
    ADD CONSTRAINT compliance_usercompl_user_id_ffe1bddc_fk_auth_user FOREIGN KEY (user_id) REFERENCES public.auth_user(id) DEFERRABLE INITIALLY DEFERRED;


--
-- Name: compliance_usercompliencehistory_sections compliance_usercompl_usercompliencehistor_7e15fb04_fk_complianc; Type: FK CONSTRAINT; Schema: public; Owner: postgres
--

ALTER TABLE ONLY public.compliance_usercompliencehistory_sections
    ADD CONSTRAINT compliance_usercompl_usercompliencehistor_7e15fb04_fk_complianc FOREIGN KEY (usercompliencehistory_id) REFERENCES public.compliance_usercompliencehistory(id) DEFERRABLE INITIALLY DEFERRED;


--
-- Name: compliance_userfmeahistory compliance_userfmeahistory_user_id_5ab3c77f_fk_auth_user_id; Type: FK CONSTRAINT; Schema: public; Owner: postgres
--

ALTER TABLE ONLY public.compliance_userfmeahistory
    ADD CONSTRAINT compliance_userfmeahistory_user_id_5ab3c77f_fk_auth_user_id FOREIGN KEY (user_id) REFERENCES public.auth_user(id) DEFERRABLE INITIALLY DEFERRED;


--
-- Name: configapp_addfieldlog configapp_addfieldlo_add_field_id_0959ab21_fk_configapp; Type: FK CONSTRAINT; Schema: public; Owner: postgres
--

ALTER TABLE ONLY public.configapp_addfieldlog
    ADD CONSTRAINT configapp_addfieldlo_add_field_id_0959ab21_fk_configapp FOREIGN KEY (add_field_id) REFERENCES public.configapp_addfield(id) DEFERRABLE INITIALLY DEFERRED;


--
-- Name: configapp_additionalfieldlog configapp_additional_additional_field_id_48ab4beb_fk_configapp; Type: FK CONSTRAINT; Schema: public; Owner: postgres
--

ALTER TABLE ONLY public.configapp_additionalfieldlog
    ADD CONSTRAINT configapp_additional_additional_field_id_48ab4beb_fk_configapp FOREIGN KEY (additional_field_id) REFERENCES public.configapp_additionalfield(id) DEFERRABLE INITIALLY DEFERRED;


--
-- Name: configapp_department configapp_department_head_of_department_i_05e4524d_fk_configapp; Type: FK CONSTRAINT; Schema: public; Owner: postgres
--

ALTER TABLE ONLY public.configapp_department
    ADD CONSTRAINT configapp_department_head_of_department_i_05e4524d_fk_configapp FOREIGN KEY (head_of_department_id) REFERENCES public.configapp_employee(user_id) DEFERRABLE INITIALLY DEFERRED;


--
-- Name: configapp_department configapp_department_parent_department_id_cb0c1b76_fk_configapp; Type: FK CONSTRAINT; Schema: public; Owner: postgres
--

ALTER TABLE ONLY public.configapp_department
    ADD CONSTRAINT configapp_department_parent_department_id_cb0c1b76_fk_configapp FOREIGN KEY (parent_department_id) REFERENCES public.configapp_department(id) DEFERRABLE INITIALLY DEFERRED;


--
-- Name: configapp_designation configapp_designatio_reporting_to_id_cacac4c9_fk_configapp; Type: FK CONSTRAINT; Schema: public; Owner: postgres
--

ALTER TABLE ONLY public.configapp_designation
    ADD CONSTRAINT configapp_designatio_reporting_to_id_cacac4c9_fk_configapp FOREIGN KEY (reporting_to_id) REFERENCES public.configapp_designation(id) DEFERRABLE INITIALLY DEFERRED;


--
-- Name: configapp_employee configapp_employee_department_id_0de1f8b0_fk_configapp; Type: FK CONSTRAINT; Schema: public; Owner: postgres
--

ALTER TABLE ONLY public.configapp_employee
    ADD CONSTRAINT configapp_employee_department_id_0de1f8b0_fk_configapp FOREIGN KEY (department_id) REFERENCES public.configapp_department(id) DEFERRABLE INITIALLY DEFERRED;


--
-- Name: configapp_employee configapp_employee_designation_id_30ca889c_fk_configapp; Type: FK CONSTRAINT; Schema: public; Owner: postgres
--

ALTER TABLE ONLY public.configapp_employee
    ADD CONSTRAINT configapp_employee_designation_id_30ca889c_fk_configapp FOREIGN KEY (designation_id) REFERENCES public.configapp_designation(id) DEFERRABLE INITIALLY DEFERRED;


--
-- Name: configapp_employee configapp_employee_location_id_4cc487dc_fk_configapp; Type: FK CONSTRAINT; Schema: public; Owner: postgres
--

ALTER TABLE ONLY public.configapp_employee
    ADD CONSTRAINT configapp_employee_location_id_4cc487dc_fk_configapp FOREIGN KEY (location_id) REFERENCES public.configapp_location(id) DEFERRABLE INITIALLY DEFERRED;


--
-- Name: configapp_employee configapp_employee_manager_id_ad30cfcc_fk_configapp; Type: FK CONSTRAINT; Schema: public; Owner: postgres
--

ALTER TABLE ONLY public.configapp_employee
    ADD CONSTRAINT configapp_employee_manager_id_ad30cfcc_fk_configapp FOREIGN KEY (manager_id) REFERENCES public.configapp_employee(user_id) DEFERRABLE INITIALLY DEFERRED;


--
-- Name: configapp_employee_role configapp_employee_r_employee_id_b4d0f6fb_fk_configapp; Type: FK CONSTRAINT; Schema: public; Owner: postgres
--

ALTER TABLE ONLY public.configapp_employee_role
    ADD CONSTRAINT configapp_employee_r_employee_id_b4d0f6fb_fk_configapp FOREIGN KEY (employee_id) REFERENCES public.configapp_employee(user_id) DEFERRABLE INITIALLY DEFERRED;


--
-- Name: configapp_employee_role configapp_employee_role_role_id_b4252351_fk_configapp_role_id; Type: FK CONSTRAINT; Schema: public; Owner: postgres
--

ALTER TABLE ONLY public.configapp_employee_role
    ADD CONSTRAINT configapp_employee_role_role_id_b4252351_fk_configapp_role_id FOREIGN KEY (role_id) REFERENCES public.configapp_role(id) DEFERRABLE INITIALLY DEFERRED;


--
-- Name: configapp_employee configapp_employee_user_id_c33f00c5_fk_auth_user_id; Type: FK CONSTRAINT; Schema: public; Owner: postgres
--

ALTER TABLE ONLY public.configapp_employee
    ADD CONSTRAINT configapp_employee_user_id_c33f00c5_fk_auth_user_id FOREIGN KEY (user_id) REFERENCES public.auth_user(id) DEFERRABLE INITIALLY DEFERRED;


--
-- Name: configapp_location configapp_location_location_type_id_a279348b_fk_configapp; Type: FK CONSTRAINT; Schema: public; Owner: postgres
--

ALTER TABLE ONLY public.configapp_location
    ADD CONSTRAINT configapp_location_location_type_id_a279348b_fk_configapp FOREIGN KEY (location_type_id) REFERENCES public.configapp_locationtype(id) DEFERRABLE INITIALLY DEFERRED;


--
-- Name: configapp_location configapp_location_parent_location_id_856ff687_fk_configapp; Type: FK CONSTRAINT; Schema: public; Owner: postgres
--

ALTER TABLE ONLY public.configapp_location
    ADD CONSTRAINT configapp_location_parent_location_id_856ff687_fk_configapp FOREIGN KEY (parent_location_id) REFERENCES public.configapp_location(id) DEFERRABLE INITIALLY DEFERRED;


--
-- Name: configapp_locationtype configapp_locationty_parent_location_type_cb77d60f_fk_configapp; Type: FK CONSTRAINT; Schema: public; Owner: postgres
--

ALTER TABLE ONLY public.configapp_locationtype
    ADD CONSTRAINT configapp_locationty_parent_location_type_cb77d60f_fk_configapp FOREIGN KEY (parent_location_type_id) REFERENCES public.configapp_locationtype(id) DEFERRABLE INITIALLY DEFERRED;


--
-- Name: configapp_organizationhierarchy configapp_organizati_department_id_e3941b1f_fk_configapp; Type: FK CONSTRAINT; Schema: public; Owner: postgres
--

ALTER TABLE ONLY public.configapp_organizationhierarchy
    ADD CONSTRAINT configapp_organizati_department_id_e3941b1f_fk_configapp FOREIGN KEY (department_id) REFERENCES public.configapp_department(id) DEFERRABLE INITIALLY DEFERRED;


--
-- Name: configapp_organizationhierarchy configapp_organizati_designation_id_8c955155_fk_configapp; Type: FK CONSTRAINT; Schema: public; Owner: postgres
--

ALTER TABLE ONLY public.configapp_organizationhierarchy
    ADD CONSTRAINT configapp_organizati_designation_id_8c955155_fk_configapp FOREIGN KEY (designation_id) REFERENCES public.configapp_designation(id) DEFERRABLE INITIALLY DEFERRED;


--
-- Name: configapp_organizationhierarchy configapp_organizati_parent_org_hierarchy_7ed1f091_fk_configapp; Type: FK CONSTRAINT; Schema: public; Owner: postgres
--

ALTER TABLE ONLY public.configapp_organizationhierarchy
    ADD CONSTRAINT configapp_organizati_parent_org_hierarchy_7ed1f091_fk_configapp FOREIGN KEY (parent_org_hierarchy_id) REFERENCES public.configapp_organizationhierarchy(id) DEFERRABLE INITIALLY DEFERRED;


--
-- Name: configapp_role configapp_role_parent_role_id_ba70c765_fk_configapp_role_id; Type: FK CONSTRAINT; Schema: public; Owner: postgres
--

ALTER TABLE ONLY public.configapp_role
    ADD CONSTRAINT configapp_role_parent_role_id_ba70c765_fk_configapp_role_id FOREIGN KEY (parent_role_id) REFERENCES public.configapp_role(id) DEFERRABLE INITIALLY DEFERRED;


--
-- Name: configapp_rolehierarchy configapp_rolehierar_parent_role_hierarch_d47def23_fk_configapp; Type: FK CONSTRAINT; Schema: public; Owner: postgres
--

ALTER TABLE ONLY public.configapp_rolehierarchy
    ADD CONSTRAINT configapp_rolehierar_parent_role_hierarch_d47def23_fk_configapp FOREIGN KEY (parent_role_hierarchy_id) REFERENCES public.configapp_rolehierarchy(id) DEFERRABLE INITIALLY DEFERRED;


--
-- Name: configapp_rolehierarchy configapp_rolehierarchy_role_id_23461e00_fk_configapp_role_id; Type: FK CONSTRAINT; Schema: public; Owner: postgres
--

ALTER TABLE ONLY public.configapp_rolehierarchy
    ADD CONSTRAINT configapp_rolehierarchy_role_id_23461e00_fk_configapp_role_id FOREIGN KEY (role_id) REFERENCES public.configapp_role(id) DEFERRABLE INITIALLY DEFERRED;


--
-- Name: configapp_userrole configapp_userrole_role_id_16724fcc_fk_configapp_role_id; Type: FK CONSTRAINT; Schema: public; Owner: postgres
--

ALTER TABLE ONLY public.configapp_userrole
    ADD CONSTRAINT configapp_userrole_role_id_16724fcc_fk_configapp_role_id FOREIGN KEY (role_id) REFERENCES public.configapp_role(id) DEFERRABLE INITIALLY DEFERRED;


--
-- Name: configapp_userrole configapp_userrole_user_id_33aa197a_fk_configapp; Type: FK CONSTRAINT; Schema: public; Owner: postgres
--

ALTER TABLE ONLY public.configapp_userrole
    ADD CONSTRAINT configapp_userrole_user_id_33aa197a_fk_configapp FOREIGN KEY (user_id) REFERENCES public.configapp_employee(user_id) DEFERRABLE INITIALLY DEFERRED;


--
-- Name: django_admin_log django_admin_log_content_type_id_c4bce8eb_fk_django_co; Type: FK CONSTRAINT; Schema: public; Owner: postgres
--

ALTER TABLE ONLY public.django_admin_log
    ADD CONSTRAINT django_admin_log_content_type_id_c4bce8eb_fk_django_co FOREIGN KEY (content_type_id) REFERENCES public.django_content_type(id) DEFERRABLE INITIALLY DEFERRED;


--
-- Name: django_admin_log django_admin_log_user_id_c564eba6_fk_auth_user_id; Type: FK CONSTRAINT; Schema: public; Owner: postgres
--

ALTER TABLE ONLY public.django_admin_log
    ADD CONSTRAINT django_admin_log_user_id_c564eba6_fk_auth_user_id FOREIGN KEY (user_id) REFERENCES public.auth_user(id) DEFERRABLE INITIALLY DEFERRED;


--
-- Name: django_apscheduler_djangojobexecution django_apscheduler_djangojobexecution_job_id_daf5090a_fk; Type: FK CONSTRAINT; Schema: public; Owner: postgres
--

ALTER TABLE ONLY public.django_apscheduler_djangojobexecution
    ADD CONSTRAINT django_apscheduler_djangojobexecution_job_id_daf5090a_fk FOREIGN KEY (job_id) REFERENCES public.django_apscheduler_djangojob(id) DEFERRABLE INITIALLY DEFERRED;


--
-- Name: djangoapp_access_module_config djangoapp_access_mod_module_name_id_0eff4a43_fk_djangoapp; Type: FK CONSTRAINT; Schema: public; Owner: postgres
--

ALTER TABLE ONLY public.djangoapp_access_module_config
    ADD CONSTRAINT djangoapp_access_mod_module_name_id_0eff4a43_fk_djangoapp FOREIGN KEY (module_name_id) REFERENCES public.djangoapp_access_module(id) DEFERRABLE INITIALLY DEFERRED;


--
-- Name: djangoapp_access_module_config djangoapp_access_mod_role_id_826334d4_fk_configapp; Type: FK CONSTRAINT; Schema: public; Owner: postgres
--

ALTER TABLE ONLY public.djangoapp_access_module_config
    ADD CONSTRAINT djangoapp_access_mod_role_id_826334d4_fk_configapp FOREIGN KEY (role_id) REFERENCES public.configapp_role(id) DEFERRABLE INITIALLY DEFERRED;


--
-- Name: djangoapp_api_list djangoapp_api_list_module_name_id_8dca2c07_fk_djangoapp; Type: FK CONSTRAINT; Schema: public; Owner: postgres
--

ALTER TABLE ONLY public.djangoapp_api_list
    ADD CONSTRAINT djangoapp_api_list_module_name_id_8dca2c07_fk_djangoapp FOREIGN KEY (module_name_id) REFERENCES public.djangoapp_access_module(id) DEFERRABLE INITIALLY DEFERRED;


--
-- Name: djangoapp_apiresource_grouppermission_config djangoapp_apiresourc_api_url_id_a03913db_fk_djangoapp; Type: FK CONSTRAINT; Schema: public; Owner: postgres
--

ALTER TABLE ONLY public.djangoapp_apiresource_grouppermission_config
    ADD CONSTRAINT djangoapp_apiresourc_api_url_id_a03913db_fk_djangoapp FOREIGN KEY (api_url_id) REFERENCES public.djangoapp_apiresource_config(id) DEFERRABLE INITIALLY DEFERRED;


--
-- Name: djangoapp_apiresource_grouppermission_config djangoapp_apiresourc_designation_id_c9be2f23_fk_configapp; Type: FK CONSTRAINT; Schema: public; Owner: postgres
--

ALTER TABLE ONLY public.djangoapp_apiresource_grouppermission_config
    ADD CONSTRAINT djangoapp_apiresourc_designation_id_c9be2f23_fk_configapp FOREIGN KEY (designation_id) REFERENCES public.configapp_designation(id) DEFERRABLE INITIALLY DEFERRED;


--
-- Name: djangoapp_dashboard_menu_grouppermission_config djangoapp_dashboard__designation_id_7c2f9359_fk_configapp; Type: FK CONSTRAINT; Schema: public; Owner: postgres
--

ALTER TABLE ONLY public.djangoapp_dashboard_menu_grouppermission_config
    ADD CONSTRAINT djangoapp_dashboard__designation_id_7c2f9359_fk_configapp FOREIGN KEY (designation_id) REFERENCES public.configapp_designation(id) DEFERRABLE INITIALLY DEFERRED;


--
-- Name: djangoapp_dashboard_menu_grouppermission_config djangoapp_dashboard__menu_grouppermission_84f20592_fk_djangoapp; Type: FK CONSTRAINT; Schema: public; Owner: postgres
--

ALTER TABLE ONLY public.djangoapp_dashboard_menu_grouppermission_config
    ADD CONSTRAINT djangoapp_dashboard__menu_grouppermission_84f20592_fk_djangoapp FOREIGN KEY (menu_grouppermission_id) REFERENCES public.djangoapp_dashboard_menu_config(id) DEFERRABLE INITIALLY DEFERRED;


--
-- Name: djangoapp_duplicate_access_module_config djangoapp_duplicate__role_id_id_6bd542c4_fk_configapp; Type: FK CONSTRAINT; Schema: public; Owner: postgres
--

ALTER TABLE ONLY public.djangoapp_duplicate_access_module_config
    ADD CONSTRAINT djangoapp_duplicate__role_id_id_6bd542c4_fk_configapp FOREIGN KEY (role_id_id) REFERENCES public.configapp_role(id) DEFERRABLE INITIALLY DEFERRED;


--
-- Name: documentapp_documentexpiryhistory documentapp_document_changed_by_id_a92c44cf_fk_configapp; Type: FK CONSTRAINT; Schema: public; Owner: postgres
--

ALTER TABLE ONLY public.documentapp_documentexpiryhistory
    ADD CONSTRAINT documentapp_document_changed_by_id_a92c44cf_fk_configapp FOREIGN KEY (changed_by_id) REFERENCES public.configapp_employee(user_id) DEFERRABLE INITIALLY DEFERRED;


--
-- Name: documentapp_documentannotation documentapp_document_created_by_id_229e8f78_fk_configapp; Type: FK CONSTRAINT; Schema: public; Owner: postgres
--

ALTER TABLE ONLY public.documentapp_documentannotation
    ADD CONSTRAINT documentapp_document_created_by_id_229e8f78_fk_configapp FOREIGN KEY (created_by_id) REFERENCES public.configapp_employee(user_id) DEFERRABLE INITIALLY DEFERRED;


--
-- Name: documentapp_document documentapp_document_created_by_id_6e829ee9_fk_configapp; Type: FK CONSTRAINT; Schema: public; Owner: postgres
--

ALTER TABLE ONLY public.documentapp_document
    ADD CONSTRAINT documentapp_document_created_by_id_6e829ee9_fk_configapp FOREIGN KEY (created_by_id) REFERENCES public.configapp_employee(user_id) DEFERRABLE INITIALLY DEFERRED;


--
-- Name: documentapp_document documentapp_document_department_id_6779b519_fk_configapp; Type: FK CONSTRAINT; Schema: public; Owner: postgres
--

ALTER TABLE ONLY public.documentapp_document
    ADD CONSTRAINT documentapp_document_department_id_6779b519_fk_configapp FOREIGN KEY (department_id) REFERENCES public.configapp_department(id) DEFERRABLE INITIALLY DEFERRED;


--
-- Name: documentapp_document_raised_tickets documentapp_document_document_id_3b21480e_fk_documenta; Type: FK CONSTRAINT; Schema: public; Owner: postgres
--

ALTER TABLE ONLY public.documentapp_document_raised_tickets
    ADD CONSTRAINT documentapp_document_document_id_3b21480e_fk_documenta FOREIGN KEY (document_id) REFERENCES public.documentapp_document(id) DEFERRABLE INITIALLY DEFERRED;


--
-- Name: documentapp_documentexpiryhistory documentapp_document_document_id_4c354ec5_fk_documenta; Type: FK CONSTRAINT; Schema: public; Owner: postgres
--

ALTER TABLE ONLY public.documentapp_documentexpiryhistory
    ADD CONSTRAINT documentapp_document_document_id_4c354ec5_fk_documenta FOREIGN KEY (document_id) REFERENCES public.documentapp_document(id) DEFERRABLE INITIALLY DEFERRED;


--
-- Name: documentapp_documentretention documentapp_document_document_id_509bd4bb_fk_documenta; Type: FK CONSTRAINT; Schema: public; Owner: postgres
--

ALTER TABLE ONLY public.documentapp_documentretention
    ADD CONSTRAINT documentapp_document_document_id_509bd4bb_fk_documenta FOREIGN KEY (document_id) REFERENCES public.documentapp_document(id) DEFERRABLE INITIALLY DEFERRED;


--
-- Name: documentapp_documentversion documentapp_document_document_id_fa42e7df_fk_documenta; Type: FK CONSTRAINT; Schema: public; Owner: postgres
--

ALTER TABLE ONLY public.documentapp_documentversion
    ADD CONSTRAINT documentapp_document_document_id_fa42e7df_fk_documenta FOREIGN KEY (document_id) REFERENCES public.documentapp_document(id) DEFERRABLE INITIALLY DEFERRED;


--
-- Name: documentapp_documentannotation documentapp_document_document_version_id_01796497_fk_documenta; Type: FK CONSTRAINT; Schema: public; Owner: postgres
--

ALTER TABLE ONLY public.documentapp_documentannotation
    ADD CONSTRAINT documentapp_document_document_version_id_01796497_fk_documenta FOREIGN KEY (document_version_id) REFERENCES public.documentapp_documentversion(id) DEFERRABLE INITIALLY DEFERRED;


--
-- Name: documentapp_documentsecurity documentapp_document_document_version_id_aef7490a_fk_documenta; Type: FK CONSTRAINT; Schema: public; Owner: postgres
--

ALTER TABLE ONLY public.documentapp_documentsecurity
    ADD CONSTRAINT documentapp_document_document_version_id_aef7490a_fk_documenta FOREIGN KEY (document_version_id) REFERENCES public.documentapp_documentversion(id) DEFERRABLE INITIALLY DEFERRED;


--
-- Name: documentapp_document documentapp_document_download_permission__7d5929f9_fk_documenta; Type: FK CONSTRAINT; Schema: public; Owner: postgres
--

ALTER TABLE ONLY public.documentapp_document
    ADD CONSTRAINT documentapp_document_download_permission__7d5929f9_fk_documenta FOREIGN KEY (download_permission_id) REFERENCES public.documentapp_downloadpermission(id) DEFERRABLE INITIALLY DEFERRED;


--
-- Name: documentapp_documentversion documentapp_document_file_id_25ae6012_fk_filemanag; Type: FK CONSTRAINT; Schema: public; Owner: postgres
--

ALTER TABLE ONLY public.documentapp_documentversion
    ADD CONSTRAINT documentapp_document_file_id_25ae6012_fk_filemanag FOREIGN KEY (file_id) REFERENCES public.filemanagement_filemanagement(id) DEFERRABLE INITIALLY DEFERRED;


--
-- Name: documentapp_document documentapp_document_folder_id_68f81aa7_fk_documenta; Type: FK CONSTRAINT; Schema: public; Owner: postgres
--

ALTER TABLE ONLY public.documentapp_document
    ADD CONSTRAINT documentapp_document_folder_id_68f81aa7_fk_documenta FOREIGN KEY (folder_id) REFERENCES public.documentapp_documentfolder(id) DEFERRABLE INITIALLY DEFERRED;


--
-- Name: documentapp_documentretention documentapp_document_hold_applied_by_id_ab243970_fk_configapp; Type: FK CONSTRAINT; Schema: public; Owner: postgres
--

ALTER TABLE ONLY public.documentapp_documentretention
    ADD CONSTRAINT documentapp_document_hold_applied_by_id_ab243970_fk_configapp FOREIGN KEY (hold_applied_by_id) REFERENCES public.configapp_employee(user_id) DEFERRABLE INITIALLY DEFERRED;


--
-- Name: documentapp_documentversion documentapp_document_pdf_file_id_098fc0f1_fk_filemanag; Type: FK CONSTRAINT; Schema: public; Owner: postgres
--

ALTER TABLE ONLY public.documentapp_documentversion
    ADD CONSTRAINT documentapp_document_pdf_file_id_098fc0f1_fk_filemanag FOREIGN KEY (pdf_file_id) REFERENCES public.filemanagement_filemanagement(id) DEFERRABLE INITIALLY DEFERRED;


--
-- Name: documentapp_documentversion documentapp_document_ticket_id_0632e3f1_fk_ticketwor; Type: FK CONSTRAINT; Schema: public; Owner: postgres
--

ALTER TABLE ONLY public.documentapp_documentversion
    ADD CONSTRAINT documentapp_document_ticket_id_0632e3f1_fk_ticketwor FOREIGN KEY (ticket_id) REFERENCES public.ticketworkflowapp_ticketdetails(id) DEFERRABLE INITIALLY DEFERRED;


--
-- Name: documentapp_document_raised_tickets documentapp_document_ticketdetails_id_f60f6301_fk_ticketwor; Type: FK CONSTRAINT; Schema: public; Owner: postgres
--

ALTER TABLE ONLY public.documentapp_document_raised_tickets
    ADD CONSTRAINT documentapp_document_ticketdetails_id_f60f6301_fk_ticketwor FOREIGN KEY (ticketdetails_id) REFERENCES public.ticketworkflowapp_ticketdetails(id) DEFERRABLE INITIALLY DEFERRED;


--
-- Name: documentapp_documentversion documentapp_document_uploaded_by_id_eab5d84b_fk_configapp; Type: FK CONSTRAINT; Schema: public; Owner: postgres
--

ALTER TABLE ONLY public.documentapp_documentversion
    ADD CONSTRAINT documentapp_document_uploaded_by_id_eab5d84b_fk_configapp FOREIGN KEY (uploaded_by_id) REFERENCES public.configapp_employee(user_id) DEFERRABLE INITIALLY DEFERRED;


--
-- Name: documentapp_document documentapp_document_uploaded_in_ticket_i_65cf1081_fk_ticketwor; Type: FK CONSTRAINT; Schema: public; Owner: postgres
--

ALTER TABLE ONLY public.documentapp_document
    ADD CONSTRAINT documentapp_document_uploaded_in_ticket_i_65cf1081_fk_ticketwor FOREIGN KEY (uploaded_in_ticket_id) REFERENCES public.ticketworkflowapp_ticketdetails(id) DEFERRABLE INITIALLY DEFERRED;


--
-- Name: documentapp_periodicreview documentapp_periodic_created_by_id_79ef4ebd_fk_configapp; Type: FK CONSTRAINT; Schema: public; Owner: postgres
--

ALTER TABLE ONLY public.documentapp_periodicreview
    ADD CONSTRAINT documentapp_periodic_created_by_id_79ef4ebd_fk_configapp FOREIGN KEY (created_by_id) REFERENCES public.configapp_employee(user_id) DEFERRABLE INITIALLY DEFERRED;


--
-- Name: documentapp_periodicreview documentapp_periodic_document_id_0711a9a7_fk_documenta; Type: FK CONSTRAINT; Schema: public; Owner: postgres
--

ALTER TABLE ONLY public.documentapp_periodicreview
    ADD CONSTRAINT documentapp_periodic_document_id_0711a9a7_fk_documenta FOREIGN KEY (document_id) REFERENCES public.documentapp_document(id) DEFERRABLE INITIALLY DEFERRED;


--
-- Name: formsapp_checklistform formsapp_checklistfo_checklist_id_7f1a42c5_fk_formsapp_; Type: FK CONSTRAINT; Schema: public; Owner: postgres
--

ALTER TABLE ONLY public.formsapp_checklistform
    ADD CONSTRAINT formsapp_checklistfo_checklist_id_7f1a42c5_fk_formsapp_ FOREIGN KEY (checklist_id) REFERENCES public.formsapp_form(id) DEFERRABLE INITIALLY DEFERRED;


--
-- Name: formsapp_checklistform formsapp_checklistfo_section_id_1c2463c1_fk_formsapp_; Type: FK CONSTRAINT; Schema: public; Owner: postgres
--

ALTER TABLE ONLY public.formsapp_checklistform
    ADD CONSTRAINT formsapp_checklistfo_section_id_1c2463c1_fk_formsapp_ FOREIGN KEY (section_id) REFERENCES public.formsapp_formsections(id) DEFERRABLE INITIALLY DEFERRED;


--
-- Name: formsapp_fieldtype formsapp_fieldtype_data_type_id_e68a9869_fk_formsapp_; Type: FK CONSTRAINT; Schema: public; Owner: postgres
--

ALTER TABLE ONLY public.formsapp_fieldtype
    ADD CONSTRAINT formsapp_fieldtype_data_type_id_e68a9869_fk_formsapp_ FOREIGN KEY (data_type_id) REFERENCES public.formsapp_datatype(id) DEFERRABLE INITIALLY DEFERRED;


--
-- Name: formsapp_form formsapp_form_form_type_id_7828a4cb_fk_formsapp_formtype_id; Type: FK CONSTRAINT; Schema: public; Owner: postgres
--

ALTER TABLE ONLY public.formsapp_form
    ADD CONSTRAINT formsapp_form_form_type_id_7828a4cb_fk_formsapp_formtype_id FOREIGN KEY (form_type_id) REFERENCES public.formsapp_formtype(id) DEFERRABLE INITIALLY DEFERRED;


--
-- Name: formsapp_form formsapp_form_parent_form_id_303fdede_fk_formsapp_form_id; Type: FK CONSTRAINT; Schema: public; Owner: postgres
--

ALTER TABLE ONLY public.formsapp_form
    ADD CONSTRAINT formsapp_form_parent_form_id_303fdede_fk_formsapp_form_id FOREIGN KEY (parent_form_id) REFERENCES public.formsapp_form(id) DEFERRABLE INITIALLY DEFERRED;


--
-- Name: formsapp_form formsapp_form_root_form_id_c48d56c8_fk_formsapp_form_id; Type: FK CONSTRAINT; Schema: public; Owner: postgres
--

ALTER TABLE ONLY public.formsapp_form
    ADD CONSTRAINT formsapp_form_root_form_id_c48d56c8_fk_formsapp_form_id FOREIGN KEY (root_form_id) REFERENCES public.formsapp_form(id) DEFERRABLE INITIALLY DEFERRED;


--
-- Name: formsapp_formdesign formsapp_formdesign_form_id_59b6ffef_fk_formsapp_form_id; Type: FK CONSTRAINT; Schema: public; Owner: postgres
--

ALTER TABLE ONLY public.formsapp_formdesign
    ADD CONSTRAINT formsapp_formdesign_form_id_59b6ffef_fk_formsapp_form_id FOREIGN KEY (form_id) REFERENCES public.formsapp_form(id) DEFERRABLE INITIALLY DEFERRED;


--
-- Name: formsapp_formdraft formsapp_formdraft_form_id_d035a789_fk_formsapp_form_id; Type: FK CONSTRAINT; Schema: public; Owner: postgres
--

ALTER TABLE ONLY public.formsapp_formdraft
    ADD CONSTRAINT formsapp_formdraft_form_id_d035a789_fk_formsapp_form_id FOREIGN KEY (form_id) REFERENCES public.formsapp_form(id) DEFERRABLE INITIALLY DEFERRED;


--
-- Name: formsapp_formfields formsapp_formfields_field_type_id_f8f7b9f8_fk_formsapp_; Type: FK CONSTRAINT; Schema: public; Owner: postgres
--

ALTER TABLE ONLY public.formsapp_formfields
    ADD CONSTRAINT formsapp_formfields_field_type_id_f8f7b9f8_fk_formsapp_ FOREIGN KEY (field_type_id) REFERENCES public.formsapp_fieldtype(id) DEFERRABLE INITIALLY DEFERRED;


--
-- Name: formsapp_formfields formsapp_formfields_parent_field_id_4bb27f25_fk_formsapp_; Type: FK CONSTRAINT; Schema: public; Owner: postgres
--

ALTER TABLE ONLY public.formsapp_formfields
    ADD CONSTRAINT formsapp_formfields_parent_field_id_4bb27f25_fk_formsapp_ FOREIGN KEY (parent_field_id) REFERENCES public.formsapp_formfields(id) DEFERRABLE INITIALLY DEFERRED;


--
-- Name: formsapp_formfields formsapp_formfields_section_id_910b3851_fk_formsapp_; Type: FK CONSTRAINT; Schema: public; Owner: postgres
--

ALTER TABLE ONLY public.formsapp_formfields
    ADD CONSTRAINT formsapp_formfields_section_id_910b3851_fk_formsapp_ FOREIGN KEY (section_id) REFERENCES public.formsapp_formsections(id) DEFERRABLE INITIALLY DEFERRED;


--
-- Name: formsapp_formsections formsapp_formsections_form_id_035c86c9_fk_formsapp_form_id; Type: FK CONSTRAINT; Schema: public; Owner: postgres
--

ALTER TABLE ONLY public.formsapp_formsections
    ADD CONSTRAINT formsapp_formsections_form_id_035c86c9_fk_formsapp_form_id FOREIGN KEY (form_id) REFERENCES public.formsapp_form(id) DEFERRABLE INITIALLY DEFERRED;


--
-- Name: formsapp_formtype formsapp_formtype_parent_form_type_id_569431f9_fk_formsapp_; Type: FK CONSTRAINT; Schema: public; Owner: postgres
--

ALTER TABLE ONLY public.formsapp_formtype
    ADD CONSTRAINT formsapp_formtype_parent_form_type_id_569431f9_fk_formsapp_ FOREIGN KEY (parent_form_type_id) REFERENCES public.formsapp_formtype(id) DEFERRABLE INITIALLY DEFERRED;


--
-- Name: formsapp_parameterdatatype formsapp_parameterda_data_type_id_55fb87bd_fk_formsapp_; Type: FK CONSTRAINT; Schema: public; Owner: postgres
--

ALTER TABLE ONLY public.formsapp_parameterdatatype
    ADD CONSTRAINT formsapp_parameterda_data_type_id_55fb87bd_fk_formsapp_ FOREIGN KEY (data_type_id) REFERENCES public.formsapp_datatype(id) DEFERRABLE INITIALLY DEFERRED;


--
-- Name: formsapp_parameterdatatype formsapp_parameterda_form_data_id_7cec2c1a_fk_formsapp_; Type: FK CONSTRAINT; Schema: public; Owner: postgres
--

ALTER TABLE ONLY public.formsapp_parameterdatatype
    ADD CONSTRAINT formsapp_parameterda_form_data_id_7cec2c1a_fk_formsapp_ FOREIGN KEY (form_data_id) REFERENCES public.formsapp_parameterdata(id) DEFERRABLE INITIALLY DEFERRED;


--
-- Name: formsapp_parameterdata formsapp_parameterda_form_list_id_c8025a92_fk_formsapp_; Type: FK CONSTRAINT; Schema: public; Owner: postgres
--

ALTER TABLE ONLY public.formsapp_parameterdata
    ADD CONSTRAINT formsapp_parameterda_form_list_id_c8025a92_fk_formsapp_ FOREIGN KEY (form_list_id) REFERENCES public.formsapp_form(id) DEFERRABLE INITIALLY DEFERRED;


--
-- Name: formsapp_parameterdata formsapp_parameterda_name_id_9fe802fc_fk_formsapp_; Type: FK CONSTRAINT; Schema: public; Owner: postgres
--

ALTER TABLE ONLY public.formsapp_parameterdata
    ADD CONSTRAINT formsapp_parameterda_name_id_9fe802fc_fk_formsapp_ FOREIGN KEY (name_id) REFERENCES public.formsapp_parameter(id) DEFERRABLE INITIALLY DEFERRED;


--
-- Name: formsapp_parameterdata formsapp_parameterda_section_id_f19599c3_fk_formsapp_; Type: FK CONSTRAINT; Schema: public; Owner: postgres
--

ALTER TABLE ONLY public.formsapp_parameterdata
    ADD CONSTRAINT formsapp_parameterda_section_id_f19599c3_fk_formsapp_ FOREIGN KEY (section_id) REFERENCES public.formsapp_section(id) DEFERRABLE INITIALLY DEFERRED;


--
-- Name: formsapp_parameterdata formsapp_parameterdata_unit_id_2ec4749f_fk_inventoryapp_unit_id; Type: FK CONSTRAINT; Schema: public; Owner: postgres
--

ALTER TABLE ONLY public.formsapp_parameterdata
    ADD CONSTRAINT formsapp_parameterdata_unit_id_2ec4749f_fk_inventoryapp_unit_id FOREIGN KEY (unit_id) REFERENCES public.inventoryapp_unit(id) DEFERRABLE INITIALLY DEFERRED;


--
-- Name: inventoryapp_adddetailsfieldlog inventoryapp_adddeta_additional_field_id_6aad4b9a_fk_inventory; Type: FK CONSTRAINT; Schema: public; Owner: postgres
--

ALTER TABLE ONLY public.inventoryapp_adddetailsfieldlog
    ADD CONSTRAINT inventoryapp_adddeta_additional_field_id_6aad4b9a_fk_inventory FOREIGN KEY (additional_field_id) REFERENCES public.inventoryapp_adddetailsfield(id) DEFERRABLE INITIALLY DEFERRED;


--
-- Name: inventoryapp_addinventoryfieldlog inventoryapp_addinve_additional_field_id_43069be3_fk_inventory; Type: FK CONSTRAINT; Schema: public; Owner: postgres
--

ALTER TABLE ONLY public.inventoryapp_addinventoryfieldlog
    ADD CONSTRAINT inventoryapp_addinve_additional_field_id_43069be3_fk_inventory FOREIGN KEY (additional_field_id) REFERENCES public.inventoryapp_addinventoryfield(id) DEFERRABLE INITIALLY DEFERRED;


--
-- Name: inventoryapp_addinventoryinwardlog inventoryapp_addinve_additional_field_id_5966de47_fk_inventory; Type: FK CONSTRAINT; Schema: public; Owner: postgres
--

ALTER TABLE ONLY public.inventoryapp_addinventoryinwardlog
    ADD CONSTRAINT inventoryapp_addinve_additional_field_id_5966de47_fk_inventory FOREIGN KEY (additional_field_id) REFERENCES public.inventoryapp_addinventoryinward(id) DEFERRABLE INITIALLY DEFERRED;


--
-- Name: inventoryapp_addinventoryoutwardlog inventoryapp_addinve_additional_field_id_adb24ebf_fk_inventory; Type: FK CONSTRAINT; Schema: public; Owner: postgres
--

ALTER TABLE ONLY public.inventoryapp_addinventoryoutwardlog
    ADD CONSTRAINT inventoryapp_addinve_additional_field_id_adb24ebf_fk_inventory FOREIGN KEY (additional_field_id) REFERENCES public.inventoryapp_addinventoryoutward(id) DEFERRABLE INITIALLY DEFERRED;


--
-- Name: inventoryapp_inventorydetails inventoryapp_invento_criticality_id_d5986398_fk_inventory; Type: FK CONSTRAINT; Schema: public; Owner: postgres
--

ALTER TABLE ONLY public.inventoryapp_inventorydetails
    ADD CONSTRAINT inventoryapp_invento_criticality_id_d5986398_fk_inventory FOREIGN KEY (criticality_id) REFERENCES public.inventoryapp_criticality(id) DEFERRABLE INITIALLY DEFERRED;


--
-- Name: inventoryapp_inventoryoutward inventoryapp_invento_department_id_00a30fa4_fk_configapp; Type: FK CONSTRAINT; Schema: public; Owner: postgres
--

ALTER TABLE ONLY public.inventoryapp_inventoryoutward
    ADD CONSTRAINT inventoryapp_invento_department_id_00a30fa4_fk_configapp FOREIGN KEY (department_id) REFERENCES public.configapp_department(id) DEFERRABLE INITIALLY DEFERRED;


--
-- Name: inventoryapp_inventoryoutward inventoryapp_invento_inventory_name_id_c60f2172_fk_inventory; Type: FK CONSTRAINT; Schema: public; Owner: postgres
--

ALTER TABLE ONLY public.inventoryapp_inventoryoutward
    ADD CONSTRAINT inventoryapp_invento_inventory_name_id_c60f2172_fk_inventory FOREIGN KEY (inventory_name_id) REFERENCES public.inventoryapp_inventorydetails(id) DEFERRABLE INITIALLY DEFERRED;


--
-- Name: inventoryapp_inventorystockinfo inventoryapp_invento_inventory_name_id_c64aca1b_fk_inventory; Type: FK CONSTRAINT; Schema: public; Owner: postgres
--

ALTER TABLE ONLY public.inventoryapp_inventorystockinfo
    ADD CONSTRAINT inventoryapp_invento_inventory_name_id_c64aca1b_fk_inventory FOREIGN KEY (inventory_name_id) REFERENCES public.inventoryapp_inventorydetails(id) DEFERRABLE INITIALLY DEFERRED;


--
-- Name: inventoryapp_inventoryinward inventoryapp_invento_inventory_name_id_ca4fe054_fk_inventory; Type: FK CONSTRAINT; Schema: public; Owner: postgres
--

ALTER TABLE ONLY public.inventoryapp_inventoryinward
    ADD CONSTRAINT inventoryapp_invento_inventory_name_id_ca4fe054_fk_inventory FOREIGN KEY (inventory_name_id) REFERENCES public.inventoryapp_inventorydetails(id) DEFERRABLE INITIALLY DEFERRED;


--
-- Name: inventoryapp_inventorydetails inventoryapp_invento_inventory_type_id_536bd20c_fk_inventory; Type: FK CONSTRAINT; Schema: public; Owner: postgres
--

ALTER TABLE ONLY public.inventoryapp_inventorydetails
    ADD CONSTRAINT inventoryapp_invento_inventory_type_id_536bd20c_fk_inventory FOREIGN KEY (inventory_type_id) REFERENCES public.inventoryapp_inventorytype(id) DEFERRABLE INITIALLY DEFERRED;


--
-- Name: inventoryapp_inventoryinward inventoryapp_invento_location_id_8402ce25_fk_configapp; Type: FK CONSTRAINT; Schema: public; Owner: postgres
--

ALTER TABLE ONLY public.inventoryapp_inventoryinward
    ADD CONSTRAINT inventoryapp_invento_location_id_8402ce25_fk_configapp FOREIGN KEY (location_id) REFERENCES public.configapp_location(id) DEFERRABLE INITIALLY DEFERRED;


--
-- Name: inventoryapp_inventorystockinfo inventoryapp_invento_location_id_916c2246_fk_configapp; Type: FK CONSTRAINT; Schema: public; Owner: postgres
--

ALTER TABLE ONLY public.inventoryapp_inventorystockinfo
    ADD CONSTRAINT inventoryapp_invento_location_id_916c2246_fk_configapp FOREIGN KEY (location_id) REFERENCES public.configapp_location(id) DEFERRABLE INITIALLY DEFERRED;


--
-- Name: inventoryapp_inventorydetails inventoryapp_invento_parent_inventory_id_06499291_fk_inventory; Type: FK CONSTRAINT; Schema: public; Owner: postgres
--

ALTER TABLE ONLY public.inventoryapp_inventorydetails
    ADD CONSTRAINT inventoryapp_invento_parent_inventory_id_06499291_fk_inventory FOREIGN KEY (parent_inventory_id) REFERENCES public.inventoryapp_inventorydetails(id) DEFERRABLE INITIALLY DEFERRED;


--
-- Name: inventoryapp_inventorytype inventoryapp_invento_parent_inventory_typ_d8d8874d_fk_inventory; Type: FK CONSTRAINT; Schema: public; Owner: postgres
--

ALTER TABLE ONLY public.inventoryapp_inventorytype
    ADD CONSTRAINT inventoryapp_invento_parent_inventory_typ_d8d8874d_fk_inventory FOREIGN KEY (parent_inventory_type_id) REFERENCES public.inventoryapp_inventorytype(id) DEFERRABLE INITIALLY DEFERRED;


--
-- Name: inventoryapp_inventorydetails inventoryapp_invento_rol_id_7b97a01a_fk_inventory; Type: FK CONSTRAINT; Schema: public; Owner: postgres
--

ALTER TABLE ONLY public.inventoryapp_inventorydetails
    ADD CONSTRAINT inventoryapp_invento_rol_id_7b97a01a_fk_inventory FOREIGN KEY (rol_id) REFERENCES public.inventoryapp_rol(id) DEFERRABLE INITIALLY DEFERRED;


--
-- Name: inventoryapp_inventorydetails inventoryapp_invento_unit_id_7a207fa8_fk_inventory; Type: FK CONSTRAINT; Schema: public; Owner: postgres
--

ALTER TABLE ONLY public.inventoryapp_inventorydetails
    ADD CONSTRAINT inventoryapp_invento_unit_id_7a207fa8_fk_inventory FOREIGN KEY (unit_id) REFERENCES public.inventoryapp_unit(id) DEFERRABLE INITIALLY DEFERRED;


--
-- Name: inventoryapp_inventoryoutward inventoryapp_invento_user_id_cccdfa98_fk_configapp; Type: FK CONSTRAINT; Schema: public; Owner: postgres
--

ALTER TABLE ONLY public.inventoryapp_inventoryoutward
    ADD CONSTRAINT inventoryapp_invento_user_id_cccdfa98_fk_configapp FOREIGN KEY (user_id) REFERENCES public.configapp_employee(user_id) DEFERRABLE INITIALLY DEFERRED;


--
-- Name: inventoryapp_rol inventoryapp_rol_location_id_5802d594_fk_configapp_location_id; Type: FK CONSTRAINT; Schema: public; Owner: postgres
--

ALTER TABLE ONLY public.inventoryapp_rol
    ADD CONSTRAINT inventoryapp_rol_location_id_5802d594_fk_configapp_location_id FOREIGN KEY (location_id) REFERENCES public.configapp_location(id) DEFERRABLE INITIALLY DEFERRED;


--
-- Name: ticketworkflowapp_customstageaccess ticketworkflowapp_cu_checklist_id_a764918f_fk_formsapp_; Type: FK CONSTRAINT; Schema: public; Owner: postgres
--

ALTER TABLE ONLY public.ticketworkflowapp_customstageaccess
    ADD CONSTRAINT ticketworkflowapp_cu_checklist_id_a764918f_fk_formsapp_ FOREIGN KEY (checklist_id) REFERENCES public.formsapp_form(id) DEFERRABLE INITIALLY DEFERRED;


--
-- Name: ticketworkflowapp_customaccesstrack ticketworkflowapp_cu_checklist_id_f1e97e62_fk_formsapp_; Type: FK CONSTRAINT; Schema: public; Owner: postgres
--

ALTER TABLE ONLY public.ticketworkflowapp_customaccesstrack
    ADD CONSTRAINT ticketworkflowapp_cu_checklist_id_f1e97e62_fk_formsapp_ FOREIGN KEY (checklist_id) REFERENCES public.formsapp_form(id) DEFERRABLE INITIALLY DEFERRED;


--
-- Name: ticketworkflowapp_customstageaccess ticketworkflowapp_cu_criteria_id_45606ff7_fk_ticketwor; Type: FK CONSTRAINT; Schema: public; Owner: postgres
--

ALTER TABLE ONLY public.ticketworkflowapp_customstageaccess
    ADD CONSTRAINT ticketworkflowapp_cu_criteria_id_45606ff7_fk_ticketwor FOREIGN KEY (criteria_id) REFERENCES public.ticketworkflowapp_actioncriteria(id) DEFERRABLE INITIALLY DEFERRED;


--
-- Name: ticketworkflowapp_customaccesstrack_allowed_roles ticketworkflowapp_cu_customaccesstrack_id_08d9f486_fk_ticketwor; Type: FK CONSTRAINT; Schema: public; Owner: postgres
--

ALTER TABLE ONLY public.ticketworkflowapp_customaccesstrack_allowed_roles
    ADD CONSTRAINT ticketworkflowapp_cu_customaccesstrack_id_08d9f486_fk_ticketwor FOREIGN KEY (customaccesstrack_id) REFERENCES public.ticketworkflowapp_customaccesstrack(id) DEFERRABLE INITIALLY DEFERRED;


--
-- Name: ticketworkflowapp_customaccesstrack_allowed_users ticketworkflowapp_cu_customaccesstrack_id_cc741725_fk_ticketwor; Type: FK CONSTRAINT; Schema: public; Owner: postgres
--

ALTER TABLE ONLY public.ticketworkflowapp_customaccesstrack_allowed_users
    ADD CONSTRAINT ticketworkflowapp_cu_customaccesstrack_id_cc741725_fk_ticketwor FOREIGN KEY (customaccesstrack_id) REFERENCES public.ticketworkflowapp_customaccesstrack(id) DEFERRABLE INITIALLY DEFERRED;


--
-- Name: ticketworkflowapp_customstageaccess_allowed_users ticketworkflowapp_cu_customstageaccess_id_7041ab73_fk_ticketwor; Type: FK CONSTRAINT; Schema: public; Owner: postgres
--

ALTER TABLE ONLY public.ticketworkflowapp_customstageaccess_allowed_users
    ADD CONSTRAINT ticketworkflowapp_cu_customstageaccess_id_7041ab73_fk_ticketwor FOREIGN KEY (customstageaccess_id) REFERENCES public.ticketworkflowapp_customstageaccess(id) DEFERRABLE INITIALLY DEFERRED;


--
-- Name: ticketworkflowapp_customstageaccess_allowed_roles ticketworkflowapp_cu_customstageaccess_id_e91b747f_fk_ticketwor; Type: FK CONSTRAINT; Schema: public; Owner: postgres
--

ALTER TABLE ONLY public.ticketworkflowapp_customstageaccess_allowed_roles
    ADD CONSTRAINT ticketworkflowapp_cu_customstageaccess_id_e91b747f_fk_ticketwor FOREIGN KEY (customstageaccess_id) REFERENCES public.ticketworkflowapp_customstageaccess(id) DEFERRABLE INITIALLY DEFERRED;


--
-- Name: ticketworkflowapp_customaccesstrack_allowed_users ticketworkflowapp_cu_employee_id_de9ccc8b_fk_configapp; Type: FK CONSTRAINT; Schema: public; Owner: postgres
--

ALTER TABLE ONLY public.ticketworkflowapp_customaccesstrack_allowed_users
    ADD CONSTRAINT ticketworkflowapp_cu_employee_id_de9ccc8b_fk_configapp FOREIGN KEY (employee_id) REFERENCES public.configapp_employee(user_id) DEFERRABLE INITIALLY DEFERRED;


--
-- Name: ticketworkflowapp_customstageaccess_allowed_users ticketworkflowapp_cu_employee_id_fd19f75d_fk_configapp; Type: FK CONSTRAINT; Schema: public; Owner: postgres
--

ALTER TABLE ONLY public.ticketworkflowapp_customstageaccess_allowed_users
    ADD CONSTRAINT ticketworkflowapp_cu_employee_id_fd19f75d_fk_configapp FOREIGN KEY (employee_id) REFERENCES public.configapp_employee(user_id) DEFERRABLE INITIALLY DEFERRED;


--
-- Name: ticketworkflowapp_customaccesstrack_allowed_roles ticketworkflowapp_cu_role_id_164ca0bf_fk_configapp; Type: FK CONSTRAINT; Schema: public; Owner: postgres
--

ALTER TABLE ONLY public.ticketworkflowapp_customaccesstrack_allowed_roles
    ADD CONSTRAINT ticketworkflowapp_cu_role_id_164ca0bf_fk_configapp FOREIGN KEY (role_id) REFERENCES public.configapp_role(id) DEFERRABLE INITIALLY DEFERRED;


--
-- Name: ticketworkflowapp_customstageaccess_allowed_roles ticketworkflowapp_cu_role_id_81b8a055_fk_configapp; Type: FK CONSTRAINT; Schema: public; Owner: postgres
--

ALTER TABLE ONLY public.ticketworkflowapp_customstageaccess_allowed_roles
    ADD CONSTRAINT ticketworkflowapp_cu_role_id_81b8a055_fk_configapp FOREIGN KEY (role_id) REFERENCES public.configapp_role(id) DEFERRABLE INITIALLY DEFERRED;


--
-- Name: ticketworkflowapp_customaccesstrack ticketworkflowapp_cu_section_id_3673270f_fk_formsapp_; Type: FK CONSTRAINT; Schema: public; Owner: postgres
--

ALTER TABLE ONLY public.ticketworkflowapp_customaccesstrack
    ADD CONSTRAINT ticketworkflowapp_cu_section_id_3673270f_fk_formsapp_ FOREIGN KEY (section_id) REFERENCES public.formsapp_formsections(id) DEFERRABLE INITIALLY DEFERRED;


--
-- Name: ticketworkflowapp_customstageaccess ticketworkflowapp_cu_section_id_faaebfe4_fk_formsapp_; Type: FK CONSTRAINT; Schema: public; Owner: postgres
--

ALTER TABLE ONLY public.ticketworkflowapp_customstageaccess
    ADD CONSTRAINT ticketworkflowapp_cu_section_id_faaebfe4_fk_formsapp_ FOREIGN KEY (section_id) REFERENCES public.formsapp_formsections(id) DEFERRABLE INITIALLY DEFERRED;


--
-- Name: ticketworkflowapp_customaccesstrack ticketworkflowapp_cu_ticket_id_77076323_fk_ticketwor; Type: FK CONSTRAINT; Schema: public; Owner: postgres
--

ALTER TABLE ONLY public.ticketworkflowapp_customaccesstrack
    ADD CONSTRAINT ticketworkflowapp_cu_ticket_id_77076323_fk_ticketwor FOREIGN KEY (ticket_id) REFERENCES public.ticketworkflowapp_ticketdetails(id) DEFERRABLE INITIALLY DEFERRED;


--
-- Name: ticketworkflowapp_customstageaccess ticketworkflowapp_cu_ticket_id_ad5f7b87_fk_ticketwor; Type: FK CONSTRAINT; Schema: public; Owner: postgres
--

ALTER TABLE ONLY public.ticketworkflowapp_customstageaccess
    ADD CONSTRAINT ticketworkflowapp_cu_ticket_id_ad5f7b87_fk_ticketwor FOREIGN KEY (ticket_id) REFERENCES public.ticketworkflowapp_ticketdetails(id) DEFERRABLE INITIALLY DEFERRED;


--
-- Name: ticketworkflowapp_customstageaccess ticketworkflowapp_cu_workflow_stage_id_a2864598_fk_ticketwor; Type: FK CONSTRAINT; Schema: public; Owner: postgres
--

ALTER TABLE ONLY public.ticketworkflowapp_customstageaccess
    ADD CONSTRAINT ticketworkflowapp_cu_workflow_stage_id_a2864598_fk_ticketwor FOREIGN KEY (workflow_stage_id) REFERENCES public.ticketworkflowapp_workflowstage(id) DEFERRABLE INITIALLY DEFERRED;


--
-- Name: ticketworkflowapp_customaccesstrack ticketworkflowapp_cu_workflow_stage_id_b4597836_fk_ticketwor; Type: FK CONSTRAINT; Schema: public; Owner: postgres
--

ALTER TABLE ONLY public.ticketworkflowapp_customaccesstrack
    ADD CONSTRAINT ticketworkflowapp_cu_workflow_stage_id_b4597836_fk_ticketwor FOREIGN KEY (workflow_stage_id) REFERENCES public.ticketworkflowapp_workflowstage(id) DEFERRABLE INITIALLY DEFERRED;


--
-- Name: ticketworkflowapp_evaluationroles ticketworkflowapp_ev_role_id_d141acef_fk_configapp; Type: FK CONSTRAINT; Schema: public; Owner: postgres
--

ALTER TABLE ONLY public.ticketworkflowapp_evaluationroles
    ADD CONSTRAINT ticketworkflowapp_ev_role_id_d141acef_fk_configapp FOREIGN KEY (role_id) REFERENCES public.configapp_role(id) DEFERRABLE INITIALLY DEFERRED;


--
-- Name: ticketworkflowapp_evaluationroles ticketworkflowapp_ev_ticket_id_945d297d_fk_ticketwor; Type: FK CONSTRAINT; Schema: public; Owner: postgres
--

ALTER TABLE ONLY public.ticketworkflowapp_evaluationroles
    ADD CONSTRAINT ticketworkflowapp_ev_ticket_id_945d297d_fk_ticketwor FOREIGN KEY (ticket_id) REFERENCES public.ticketworkflowapp_ticketdetails(id) DEFERRABLE INITIALLY DEFERRED;


--
-- Name: ticketworkflowapp_evaluationroles ticketworkflowapp_ev_workflow_stage_id_01fc5c62_fk_ticketwor; Type: FK CONSTRAINT; Schema: public; Owner: postgres
--

ALTER TABLE ONLY public.ticketworkflowapp_evaluationroles
    ADD CONSTRAINT ticketworkflowapp_ev_workflow_stage_id_01fc5c62_fk_ticketwor FOREIGN KEY (workflow_stage_id) REFERENCES public.ticketworkflowapp_workflowstage(id) DEFERRABLE INITIALLY DEFERRED;


--
-- Name: ticketworkflowapp_formfieldresponse ticketworkflowapp_fo_field_id_2d956b0e_fk_formsapp_; Type: FK CONSTRAINT; Schema: public; Owner: postgres
--

ALTER TABLE ONLY public.ticketworkflowapp_formfieldresponse
    ADD CONSTRAINT ticketworkflowapp_fo_field_id_2d956b0e_fk_formsapp_ FOREIGN KEY (field_id) REFERENCES public.formsapp_formfields(id) DEFERRABLE INITIALLY DEFERRED;


--
-- Name: ticketworkflowapp_formsubmission ticketworkflowapp_fo_form_id_e0b660a1_fk_formsapp_; Type: FK CONSTRAINT; Schema: public; Owner: postgres
--

ALTER TABLE ONLY public.ticketworkflowapp_formsubmission
    ADD CONSTRAINT ticketworkflowapp_fo_form_id_e0b660a1_fk_formsapp_ FOREIGN KEY (form_id) REFERENCES public.formsapp_form(id) DEFERRABLE INITIALLY DEFERRED;


--
-- Name: ticketworkflowapp_formsubmission ticketworkflowapp_fo_invalidated_by_id_e8dbe7ef_fk_configapp; Type: FK CONSTRAINT; Schema: public; Owner: postgres
--

ALTER TABLE ONLY public.ticketworkflowapp_formsubmission
    ADD CONSTRAINT ticketworkflowapp_fo_invalidated_by_id_e8dbe7ef_fk_configapp FOREIGN KEY (invalidated_by_id) REFERENCES public.configapp_employee(user_id) DEFERRABLE INITIALLY DEFERRED;


--
-- Name: ticketworkflowapp_formfieldresponse ticketworkflowapp_fo_parent_field_id_46d469bb_fk_ticketwor; Type: FK CONSTRAINT; Schema: public; Owner: postgres
--

ALTER TABLE ONLY public.ticketworkflowapp_formfieldresponse
    ADD CONSTRAINT ticketworkflowapp_fo_parent_field_id_46d469bb_fk_ticketwor FOREIGN KEY (parent_field_id) REFERENCES public.ticketworkflowapp_formfieldresponse(id) DEFERRABLE INITIALLY DEFERRED;


--
-- Name: ticketworkflowapp_formsubmission ticketworkflowapp_fo_section_id_b0372832_fk_formsapp_; Type: FK CONSTRAINT; Schema: public; Owner: postgres
--

ALTER TABLE ONLY public.ticketworkflowapp_formsubmission
    ADD CONSTRAINT ticketworkflowapp_fo_section_id_b0372832_fk_formsapp_ FOREIGN KEY (section_id) REFERENCES public.formsapp_formsections(id) DEFERRABLE INITIALLY DEFERRED;


--
-- Name: ticketworkflowapp_formsubmission ticketworkflowapp_fo_stage_id_e73ba695_fk_ticketwor; Type: FK CONSTRAINT; Schema: public; Owner: postgres
--

ALTER TABLE ONLY public.ticketworkflowapp_formsubmission
    ADD CONSTRAINT ticketworkflowapp_fo_stage_id_e73ba695_fk_ticketwor FOREIGN KEY (stage_id) REFERENCES public.ticketworkflowapp_workflowstage(id) DEFERRABLE INITIALLY DEFERRED;


--
-- Name: ticketworkflowapp_formfieldresponse ticketworkflowapp_fo_submission_id_5e7bd4a0_fk_ticketwor; Type: FK CONSTRAINT; Schema: public; Owner: postgres
--

ALTER TABLE ONLY public.ticketworkflowapp_formfieldresponse
    ADD CONSTRAINT ticketworkflowapp_fo_submission_id_5e7bd4a0_fk_ticketwor FOREIGN KEY (submission_id) REFERENCES public.ticketworkflowapp_formsubmission(id) DEFERRABLE INITIALLY DEFERRED;


--
-- Name: ticketworkflowapp_formsubmission ticketworkflowapp_fo_submitted_by_id_3ba27f17_fk_configapp; Type: FK CONSTRAINT; Schema: public; Owner: postgres
--

ALTER TABLE ONLY public.ticketworkflowapp_formsubmission
    ADD CONSTRAINT ticketworkflowapp_fo_submitted_by_id_3ba27f17_fk_configapp FOREIGN KEY (submitted_by_id) REFERENCES public.configapp_employee(user_id) DEFERRABLE INITIALLY DEFERRED;


--
-- Name: ticketworkflowapp_formsubmission ticketworkflowapp_fo_ticket_id_d89c4a60_fk_ticketwor; Type: FK CONSTRAINT; Schema: public; Owner: postgres
--

ALTER TABLE ONLY public.ticketworkflowapp_formsubmission
    ADD CONSTRAINT ticketworkflowapp_fo_ticket_id_d89c4a60_fk_ticketwor FOREIGN KEY (ticket_id) REFERENCES public.ticketworkflowapp_ticketdetails(id) DEFERRABLE INITIALLY DEFERRED;


--
-- Name: ticketworkflowapp_savedtickets ticketworkflowapp_sa_employee_id_4630c0d1_fk_configapp; Type: FK CONSTRAINT; Schema: public; Owner: postgres
--

ALTER TABLE ONLY public.ticketworkflowapp_savedtickets
    ADD CONSTRAINT ticketworkflowapp_sa_employee_id_4630c0d1_fk_configapp FOREIGN KEY (employee_id) REFERENCES public.configapp_employee(user_id) DEFERRABLE INITIALLY DEFERRED;


--
-- Name: ticketworkflowapp_savedtickets ticketworkflowapp_sa_ticket_id_f0139fbc_fk_ticketwor; Type: FK CONSTRAINT; Schema: public; Owner: postgres
--

ALTER TABLE ONLY public.ticketworkflowapp_savedtickets
    ADD CONSTRAINT ticketworkflowapp_sa_ticket_id_f0139fbc_fk_ticketwor FOREIGN KEY (ticket_id) REFERENCES public.ticketworkflowapp_ticketdetails(id) DEFERRABLE INITIALLY DEFERRED;


--
-- Name: ticketworkflowapp_slaextensionseen ticketworkflowapp_sl_employee_id_9e403d6d_fk_configapp; Type: FK CONSTRAINT; Schema: public; Owner: postgres
--

ALTER TABLE ONLY public.ticketworkflowapp_slaextensionseen
    ADD CONSTRAINT ticketworkflowapp_sl_employee_id_9e403d6d_fk_configapp FOREIGN KEY (employee_id) REFERENCES public.configapp_employee(user_id) DEFERRABLE INITIALLY DEFERRED;


--
-- Name: ticketworkflowapp_slaextensionsignature ticketworkflowapp_sl_extension_request_id_fd0fb1fd_fk_ticketwor; Type: FK CONSTRAINT; Schema: public; Owner: postgres
--

ALTER TABLE ONLY public.ticketworkflowapp_slaextensionsignature
    ADD CONSTRAINT ticketworkflowapp_sl_extension_request_id_fd0fb1fd_fk_ticketwor FOREIGN KEY (extension_request_id) REFERENCES public.ticketworkflowapp_slaextensionrequest(id) DEFERRABLE INITIALLY DEFERRED;


--
-- Name: ticketworkflowapp_slaextensionsignature ticketworkflowapp_sl_invalidated_by_id_e87adc05_fk_configapp; Type: FK CONSTRAINT; Schema: public; Owner: postgres
--

ALTER TABLE ONLY public.ticketworkflowapp_slaextensionsignature
    ADD CONSTRAINT ticketworkflowapp_sl_invalidated_by_id_e87adc05_fk_configapp FOREIGN KEY (invalidated_by_id) REFERENCES public.configapp_employee(user_id) DEFERRABLE INITIALLY DEFERRED;


--
-- Name: ticketworkflowapp_slaextensionrequest ticketworkflowapp_sl_manager_id_65db9ff5_fk_configapp; Type: FK CONSTRAINT; Schema: public; Owner: postgres
--

ALTER TABLE ONLY public.ticketworkflowapp_slaextensionrequest
    ADD CONSTRAINT ticketworkflowapp_sl_manager_id_65db9ff5_fk_configapp FOREIGN KEY (manager_id) REFERENCES public.configapp_employee(user_id) DEFERRABLE INITIALLY DEFERRED;


--
-- Name: ticketworkflowapp_slaextensionseen ticketworkflowapp_sl_request_id_35076ba2_fk_ticketwor; Type: FK CONSTRAINT; Schema: public; Owner: postgres
--

ALTER TABLE ONLY public.ticketworkflowapp_slaextensionseen
    ADD CONSTRAINT ticketworkflowapp_sl_request_id_35076ba2_fk_ticketwor FOREIGN KEY (request_id) REFERENCES public.ticketworkflowapp_slaextensionrequest(id) DEFERRABLE INITIALLY DEFERRED;


--
-- Name: ticketworkflowapp_slaextensionrequest ticketworkflowapp_sl_requested_by_id_9a7aa88f_fk_configapp; Type: FK CONSTRAINT; Schema: public; Owner: postgres
--

ALTER TABLE ONLY public.ticketworkflowapp_slaextensionrequest
    ADD CONSTRAINT ticketworkflowapp_sl_requested_by_id_9a7aa88f_fk_configapp FOREIGN KEY (requested_by_id) REFERENCES public.configapp_employee(user_id) DEFERRABLE INITIALLY DEFERRED;


--
-- Name: ticketworkflowapp_slaextensionsignature ticketworkflowapp_sl_signed_by_id_63da2fc0_fk_configapp; Type: FK CONSTRAINT; Schema: public; Owner: postgres
--

ALTER TABLE ONLY public.ticketworkflowapp_slaextensionsignature
    ADD CONSTRAINT ticketworkflowapp_sl_signed_by_id_63da2fc0_fk_configapp FOREIGN KEY (signed_by_id) REFERENCES public.configapp_employee(user_id) DEFERRABLE INITIALLY DEFERRED;


--
-- Name: ticketworkflowapp_slaextensionrequest ticketworkflowapp_sl_stage_id_31c448f0_fk_ticketwor; Type: FK CONSTRAINT; Schema: public; Owner: postgres
--

ALTER TABLE ONLY public.ticketworkflowapp_slaextensionrequest
    ADD CONSTRAINT ticketworkflowapp_sl_stage_id_31c448f0_fk_ticketwor FOREIGN KEY (stage_id) REFERENCES public.ticketworkflowapp_workflowstage(id) DEFERRABLE INITIALLY DEFERRED;


--
-- Name: ticketworkflowapp_slaextensionsignature ticketworkflowapp_sl_stage_id_32e652c3_fk_ticketwor; Type: FK CONSTRAINT; Schema: public; Owner: postgres
--

ALTER TABLE ONLY public.ticketworkflowapp_slaextensionsignature
    ADD CONSTRAINT ticketworkflowapp_sl_stage_id_32e652c3_fk_ticketwor FOREIGN KEY (stage_id) REFERENCES public.ticketworkflowapp_workflowstage(id) DEFERRABLE INITIALLY DEFERRED;


--
-- Name: ticketworkflowapp_slaextensionsignature ticketworkflowapp_sl_ticket_id_4afdb2b3_fk_ticketwor; Type: FK CONSTRAINT; Schema: public; Owner: postgres
--

ALTER TABLE ONLY public.ticketworkflowapp_slaextensionsignature
    ADD CONSTRAINT ticketworkflowapp_sl_ticket_id_4afdb2b3_fk_ticketwor FOREIGN KEY (ticket_id) REFERENCES public.ticketworkflowapp_ticketdetails(id) DEFERRABLE INITIALLY DEFERRED;


--
-- Name: ticketworkflowapp_slaextensionrequest ticketworkflowapp_sl_ticket_id_9339b6de_fk_ticketwor; Type: FK CONSTRAINT; Schema: public; Owner: postgres
--

ALTER TABLE ONLY public.ticketworkflowapp_slaextensionrequest
    ADD CONSTRAINT ticketworkflowapp_sl_ticket_id_9339b6de_fk_ticketwor FOREIGN KEY (ticket_id) REFERENCES public.ticketworkflowapp_ticketdetails(id) DEFERRABLE INITIALLY DEFERRED;


--
-- Name: ticketworkflowapp_stageflowremark ticketworkflowapp_st_created_by_id_b7870b2b_fk_configapp; Type: FK CONSTRAINT; Schema: public; Owner: postgres
--

ALTER TABLE ONLY public.ticketworkflowapp_stageflowremark
    ADD CONSTRAINT ticketworkflowapp_st_created_by_id_b7870b2b_fk_configapp FOREIGN KEY (created_by_id) REFERENCES public.configapp_employee(user_id) DEFERRABLE INITIALLY DEFERRED;


--
-- Name: ticketworkflowapp_stageflowremark ticketworkflowapp_st_track_id_9f409e93_fk_ticketwor; Type: FK CONSTRAINT; Schema: public; Owner: postgres
--

ALTER TABLE ONLY public.ticketworkflowapp_stageflowremark
    ADD CONSTRAINT ticketworkflowapp_st_track_id_9f409e93_fk_ticketwor FOREIGN KEY (track_id) REFERENCES public.ticketworkflowapp_ticketstagetracking(id) DEFERRABLE INITIALLY DEFERRED;


--
-- Name: ticketworkflowapp_temperoryworkflow ticketworkflowapp_te_workflow_id_a477d197_fk_ticketwor; Type: FK CONSTRAINT; Schema: public; Owner: postgres
--

ALTER TABLE ONLY public.ticketworkflowapp_temperoryworkflow
    ADD CONSTRAINT ticketworkflowapp_te_workflow_id_a477d197_fk_ticketwor FOREIGN KEY (workflow_id) REFERENCES public.ticketworkflowapp_workflow(id) DEFERRABLE INITIALLY DEFERRED;


--
-- Name: ticketworkflowapp_ticketstagetracking ticketworkflowapp_ti_actions_id_90948bba_fk_ticketwor; Type: FK CONSTRAINT; Schema: public; Owner: postgres
--

ALTER TABLE ONLY public.ticketworkflowapp_ticketstagetracking
    ADD CONSTRAINT ticketworkflowapp_ti_actions_id_90948bba_fk_ticketwor FOREIGN KEY (actions_id) REFERENCES public.ticketworkflowapp_workflowstageactions(id) DEFERRABLE INITIALLY DEFERRED;


--
-- Name: ticketworkflowapp_ticketchecklistvalue ticketworkflowapp_ti_checklist_id_fdae9b19_fk_formsapp_; Type: FK CONSTRAINT; Schema: public; Owner: postgres
--

ALTER TABLE ONLY public.ticketworkflowapp_ticketchecklistvalue
    ADD CONSTRAINT ticketworkflowapp_ti_checklist_id_fdae9b19_fk_formsapp_ FOREIGN KEY (checklist_id) REFERENCES public.formsapp_form(id) DEFERRABLE INITIALLY DEFERRED;


--
-- Name: ticketworkflowapp_ticketcomment ticketworkflowapp_ti_commented_by_id_6885034a_fk_configapp; Type: FK CONSTRAINT; Schema: public; Owner: postgres
--

ALTER TABLE ONLY public.ticketworkflowapp_ticketcomment
    ADD CONSTRAINT ticketworkflowapp_ti_commented_by_id_6885034a_fk_configapp FOREIGN KEY (commented_by_id) REFERENCES public.configapp_employee(user_id) DEFERRABLE INITIALLY DEFERRED;


--
-- Name: ticketworkflowapp_ticketdetails ticketworkflowapp_ti_created_by_id_04552351_fk_configapp; Type: FK CONSTRAINT; Schema: public; Owner: postgres
--

ALTER TABLE ONLY public.ticketworkflowapp_ticketdetails
    ADD CONSTRAINT ticketworkflowapp_ti_created_by_id_04552351_fk_configapp FOREIGN KEY (created_by_id) REFERENCES public.configapp_employee(user_id) DEFERRABLE INITIALLY DEFERRED;


--
-- Name: ticketworkflowapp_ticketdetails ticketworkflowapp_ti_department_id_ff00fe78_fk_configapp; Type: FK CONSTRAINT; Schema: public; Owner: postgres
--

ALTER TABLE ONLY public.ticketworkflowapp_ticketdetails
    ADD CONSTRAINT ticketworkflowapp_ti_department_id_ff00fe78_fk_configapp FOREIGN KEY (department_id) REFERENCES public.configapp_department(id) DEFERRABLE INITIALLY DEFERRED;


--
-- Name: ticketworkflowapp_ticketstageaccess_allowed_users ticketworkflowapp_ti_employee_id_e9cd6010_fk_configapp; Type: FK CONSTRAINT; Schema: public; Owner: postgres
--

ALTER TABLE ONLY public.ticketworkflowapp_ticketstageaccess_allowed_users
    ADD CONSTRAINT ticketworkflowapp_ti_employee_id_e9cd6010_fk_configapp FOREIGN KEY (employee_id) REFERENCES public.configapp_employee(user_id) DEFERRABLE INITIALLY DEFERRED;


--
-- Name: ticketworkflowapp_ticketstagetracking ticketworkflowapp_ti_invalidated_by_id_a10a93b1_fk_configapp; Type: FK CONSTRAINT; Schema: public; Owner: postgres
--

ALTER TABLE ONLY public.ticketworkflowapp_ticketstagetracking
    ADD CONSTRAINT ticketworkflowapp_ti_invalidated_by_id_a10a93b1_fk_configapp FOREIGN KEY (invalidated_by_id) REFERENCES public.configapp_employee(user_id) DEFERRABLE INITIALLY DEFERRED;


--
-- Name: ticketworkflowapp_ticketdetails ticketworkflowapp_ti_location_id_150a3308_fk_configapp; Type: FK CONSTRAINT; Schema: public; Owner: postgres
--

ALTER TABLE ONLY public.ticketworkflowapp_ticketdetails
    ADD CONSTRAINT ticketworkflowapp_ti_location_id_150a3308_fk_configapp FOREIGN KEY (location_id) REFERENCES public.configapp_location(id) DEFERRABLE INITIALLY DEFERRED;


--
-- Name: ticketworkflowapp_ticketparameter ticketworkflowapp_ti_parameter_data_id_33ec5d99_fk_formsapp_; Type: FK CONSTRAINT; Schema: public; Owner: postgres
--

ALTER TABLE ONLY public.ticketworkflowapp_ticketparameter
    ADD CONSTRAINT ticketworkflowapp_ti_parameter_data_id_33ec5d99_fk_formsapp_ FOREIGN KEY (parameter_data_id) REFERENCES public.formsapp_parameterdata(id) DEFERRABLE INITIALLY DEFERRED;


--
-- Name: ticketworkflowapp_ticketdetails ticketworkflowapp_ti_parent_ticket_id_f487f7c5_fk_ticketwor; Type: FK CONSTRAINT; Schema: public; Owner: postgres
--

ALTER TABLE ONLY public.ticketworkflowapp_ticketdetails
    ADD CONSTRAINT ticketworkflowapp_ti_parent_ticket_id_f487f7c5_fk_ticketwor FOREIGN KEY (parent_ticket_id) REFERENCES public.ticketworkflowapp_ticketdetails(id) DEFERRABLE INITIALLY DEFERRED;


--
-- Name: ticketworkflowapp_ticketstagetracking ticketworkflowapp_ti_performed_by_id_8cce3549_fk_configapp; Type: FK CONSTRAINT; Schema: public; Owner: postgres
--

ALTER TABLE ONLY public.ticketworkflowapp_ticketstagetracking
    ADD CONSTRAINT ticketworkflowapp_ti_performed_by_id_8cce3549_fk_configapp FOREIGN KEY (performed_by_id) REFERENCES public.configapp_employee(user_id) DEFERRABLE INITIALLY DEFERRED;


--
-- Name: ticketworkflowapp_ticketstagetracking ticketworkflowapp_ti_post_actions_id_4de13bbd_fk_ticketwor; Type: FK CONSTRAINT; Schema: public; Owner: postgres
--

ALTER TABLE ONLY public.ticketworkflowapp_ticketstagetracking
    ADD CONSTRAINT ticketworkflowapp_ti_post_actions_id_4de13bbd_fk_ticketwor FOREIGN KEY (post_actions_id) REFERENCES public.ticketworkflowapp_workflowstageactions(id) DEFERRABLE INITIALLY DEFERRED;


--
-- Name: ticketworkflowapp_ticketstagetracking ticketworkflowapp_ti_pre_actions_id_4eaed34b_fk_ticketwor; Type: FK CONSTRAINT; Schema: public; Owner: postgres
--

ALTER TABLE ONLY public.ticketworkflowapp_ticketstagetracking
    ADD CONSTRAINT ticketworkflowapp_ti_pre_actions_id_4eaed34b_fk_ticketwor FOREIGN KEY (pre_actions_id) REFERENCES public.ticketworkflowapp_workflowstageactions(id) DEFERRABLE INITIALLY DEFERRED;


--
-- Name: ticketworkflowapp_ticketdetails ticketworkflowapp_ti_priority_id_274401d2_fk_ticketwor; Type: FK CONSTRAINT; Schema: public; Owner: postgres
--

ALTER TABLE ONLY public.ticketworkflowapp_ticketdetails
    ADD CONSTRAINT ticketworkflowapp_ti_priority_id_274401d2_fk_ticketwor FOREIGN KEY (priority_id) REFERENCES public.ticketworkflowapp_priority(id) DEFERRABLE INITIALLY DEFERRED;


--
-- Name: ticketworkflowapp_ticketstagetracking ticketworkflowapp_ti_returned_from_id_db59fb04_fk_ticketwor; Type: FK CONSTRAINT; Schema: public; Owner: postgres
--

ALTER TABLE ONLY public.ticketworkflowapp_ticketstagetracking
    ADD CONSTRAINT ticketworkflowapp_ti_returned_from_id_db59fb04_fk_ticketwor FOREIGN KEY (returned_from_id) REFERENCES public.ticketworkflowapp_workflowstage(id) DEFERRABLE INITIALLY DEFERRED;


--
-- Name: ticketworkflowapp_ticketstageaccess_allowed_roles ticketworkflowapp_ti_role_id_063c2413_fk_configapp; Type: FK CONSTRAINT; Schema: public; Owner: postgres
--

ALTER TABLE ONLY public.ticketworkflowapp_ticketstageaccess_allowed_roles
    ADD CONSTRAINT ticketworkflowapp_ti_role_id_063c2413_fk_configapp FOREIGN KEY (role_id) REFERENCES public.configapp_role(id) DEFERRABLE INITIALLY DEFERRED;


--
-- Name: ticketworkflowapp_ticketchecklistvalue ticketworkflowapp_ti_section_id_3c3f820f_fk_formsapp_; Type: FK CONSTRAINT; Schema: public; Owner: postgres
--

ALTER TABLE ONLY public.ticketworkflowapp_ticketchecklistvalue
    ADD CONSTRAINT ticketworkflowapp_ti_section_id_3c3f820f_fk_formsapp_ FOREIGN KEY (section_id) REFERENCES public.formsapp_section(id) DEFERRABLE INITIALLY DEFERRED;


--
-- Name: ticketworkflowapp_ticketstagetracking ticketworkflowapp_ti_stage_id_724c1104_fk_ticketwor; Type: FK CONSTRAINT; Schema: public; Owner: postgres
--

ALTER TABLE ONLY public.ticketworkflowapp_ticketstagetracking
    ADD CONSTRAINT ticketworkflowapp_ti_stage_id_724c1104_fk_ticketwor FOREIGN KEY (stage_id) REFERENCES public.ticketworkflowapp_workflowstage(id) DEFERRABLE INITIALLY DEFERRED;


--
-- Name: ticketworkflowapp_ticketchecklistvalue ticketworkflowapp_ti_stage_id_87fff754_fk_ticketwor; Type: FK CONSTRAINT; Schema: public; Owner: postgres
--

ALTER TABLE ONLY public.ticketworkflowapp_ticketchecklistvalue
    ADD CONSTRAINT ticketworkflowapp_ti_stage_id_87fff754_fk_ticketwor FOREIGN KEY (stage_id) REFERENCES public.ticketworkflowapp_workflowstage(id) DEFERRABLE INITIALLY DEFERRED;


--
-- Name: ticketworkflowapp_ticketparameter ticketworkflowapp_ti_stage_id_cadd7f22_fk_ticketwor; Type: FK CONSTRAINT; Schema: public; Owner: postgres
--

ALTER TABLE ONLY public.ticketworkflowapp_ticketparameter
    ADD CONSTRAINT ticketworkflowapp_ti_stage_id_cadd7f22_fk_ticketwor FOREIGN KEY (stage_id) REFERENCES public.ticketworkflowapp_workflowstage(id) DEFERRABLE INITIALLY DEFERRED;


--
-- Name: ticketworkflowapp_ticketstageaccess ticketworkflowapp_ti_stage_id_fa2e38b6_fk_ticketwor; Type: FK CONSTRAINT; Schema: public; Owner: postgres
--

ALTER TABLE ONLY public.ticketworkflowapp_ticketstageaccess
    ADD CONSTRAINT ticketworkflowapp_ti_stage_id_fa2e38b6_fk_ticketwor FOREIGN KEY (stage_id) REFERENCES public.ticketworkflowapp_workflowstage(id) DEFERRABLE INITIALLY DEFERRED;


--
-- Name: ticketworkflowapp_ticketparameter ticketworkflowapp_ti_ticket_details_id_3d5eddde_fk_ticketwor; Type: FK CONSTRAINT; Schema: public; Owner: postgres
--

ALTER TABLE ONLY public.ticketworkflowapp_ticketparameter
    ADD CONSTRAINT ticketworkflowapp_ti_ticket_details_id_3d5eddde_fk_ticketwor FOREIGN KEY (ticket_details_id) REFERENCES public.ticketworkflowapp_ticketdetails(id) DEFERRABLE INITIALLY DEFERRED;


--
-- Name: ticketworkflowapp_ticketstagetracking ticketworkflowapp_ti_ticket_id_4b124c6f_fk_ticketwor; Type: FK CONSTRAINT; Schema: public; Owner: postgres
--

ALTER TABLE ONLY public.ticketworkflowapp_ticketstagetracking
    ADD CONSTRAINT ticketworkflowapp_ti_ticket_id_4b124c6f_fk_ticketwor FOREIGN KEY (ticket_id) REFERENCES public.ticketworkflowapp_ticketdetails(id) DEFERRABLE INITIALLY DEFERRED;


--
-- Name: ticketworkflowapp_ticketchecklistvalue ticketworkflowapp_ti_ticket_id_84b98e17_fk_ticketwor; Type: FK CONSTRAINT; Schema: public; Owner: postgres
--

ALTER TABLE ONLY public.ticketworkflowapp_ticketchecklistvalue
    ADD CONSTRAINT ticketworkflowapp_ti_ticket_id_84b98e17_fk_ticketwor FOREIGN KEY (ticket_id) REFERENCES public.ticketworkflowapp_ticketdetails(id) DEFERRABLE INITIALLY DEFERRED;


--
-- Name: ticketworkflowapp_ticketstageaccess ticketworkflowapp_ti_ticket_id_8850ae4f_fk_ticketwor; Type: FK CONSTRAINT; Schema: public; Owner: postgres
--

ALTER TABLE ONLY public.ticketworkflowapp_ticketstageaccess
    ADD CONSTRAINT ticketworkflowapp_ti_ticket_id_8850ae4f_fk_ticketwor FOREIGN KEY (ticket_id) REFERENCES public.ticketworkflowapp_ticketdetails(id) DEFERRABLE INITIALLY DEFERRED;


--
-- Name: ticketworkflowapp_ticketdocs ticketworkflowapp_ti_ticket_id_a7ef7ab6_fk_ticketwor; Type: FK CONSTRAINT; Schema: public; Owner: postgres
--

ALTER TABLE ONLY public.ticketworkflowapp_ticketdocs
    ADD CONSTRAINT ticketworkflowapp_ti_ticket_id_a7ef7ab6_fk_ticketwor FOREIGN KEY (ticket_id) REFERENCES public.ticketworkflowapp_ticketdetails(id) DEFERRABLE INITIALLY DEFERRED;


--
-- Name: ticketworkflowapp_ticketflow ticketworkflowapp_ti_ticket_id_cb49a6d2_fk_ticketwor; Type: FK CONSTRAINT; Schema: public; Owner: postgres
--

ALTER TABLE ONLY public.ticketworkflowapp_ticketflow
    ADD CONSTRAINT ticketworkflowapp_ti_ticket_id_cb49a6d2_fk_ticketwor FOREIGN KEY (ticket_id) REFERENCES public.ticketworkflowapp_ticketdetails(id) DEFERRABLE INITIALLY DEFERRED;


--
-- Name: ticketworkflowapp_ticketcomment ticketworkflowapp_ti_ticket_id_f2b185ec_fk_ticketwor; Type: FK CONSTRAINT; Schema: public; Owner: postgres
--

ALTER TABLE ONLY public.ticketworkflowapp_ticketcomment
    ADD CONSTRAINT ticketworkflowapp_ti_ticket_id_f2b185ec_fk_ticketwor FOREIGN KEY (ticket_id) REFERENCES public.ticketworkflowapp_ticketdetails(id) DEFERRABLE INITIALLY DEFERRED;


--
-- Name: ticketworkflowapp_ticketflow_current_stage ticketworkflowapp_ti_ticketflow_id_8d93cfc8_fk_ticketwor; Type: FK CONSTRAINT; Schema: public; Owner: postgres
--

ALTER TABLE ONLY public.ticketworkflowapp_ticketflow_current_stage
    ADD CONSTRAINT ticketworkflowapp_ti_ticketflow_id_8d93cfc8_fk_ticketwor FOREIGN KEY (ticketflow_id) REFERENCES public.ticketworkflowapp_ticketflow(id) DEFERRABLE INITIALLY DEFERRED;


--
-- Name: ticketworkflowapp_ticketstageaccess_allowed_roles ticketworkflowapp_ti_ticketstageaccess_id_0cda57a1_fk_ticketwor; Type: FK CONSTRAINT; Schema: public; Owner: postgres
--

ALTER TABLE ONLY public.ticketworkflowapp_ticketstageaccess_allowed_roles
    ADD CONSTRAINT ticketworkflowapp_ti_ticketstageaccess_id_0cda57a1_fk_ticketwor FOREIGN KEY (ticketstageaccess_id) REFERENCES public.ticketworkflowapp_ticketstageaccess(id) DEFERRABLE INITIALLY DEFERRED;


--
-- Name: ticketworkflowapp_ticketstageaccess_allowed_users ticketworkflowapp_ti_ticketstageaccess_id_b100270a_fk_ticketwor; Type: FK CONSTRAINT; Schema: public; Owner: postgres
--

ALTER TABLE ONLY public.ticketworkflowapp_ticketstageaccess_allowed_users
    ADD CONSTRAINT ticketworkflowapp_ti_ticketstageaccess_id_b100270a_fk_ticketwor FOREIGN KEY (ticketstageaccess_id) REFERENCES public.ticketworkflowapp_ticketstageaccess(id) DEFERRABLE INITIALLY DEFERRED;


--
-- Name: ticketworkflowapp_ticketflow ticketworkflowapp_ti_workflow_id_bbdae225_fk_ticketwor; Type: FK CONSTRAINT; Schema: public; Owner: postgres
--

ALTER TABLE ONLY public.ticketworkflowapp_ticketflow
    ADD CONSTRAINT ticketworkflowapp_ti_workflow_id_bbdae225_fk_ticketwor FOREIGN KEY (workflow_id) REFERENCES public.ticketworkflowapp_workflow(id) DEFERRABLE INITIALLY DEFERRED;


--
-- Name: ticketworkflowapp_ticketflow_current_stage ticketworkflowapp_ti_workflowstage_id_cd4045fa_fk_ticketwor; Type: FK CONSTRAINT; Schema: public; Owner: postgres
--

ALTER TABLE ONLY public.ticketworkflowapp_ticketflow_current_stage
    ADD CONSTRAINT ticketworkflowapp_ti_workflowstage_id_cd4045fa_fk_ticketwor FOREIGN KEY (workflowstage_id) REFERENCES public.ticketworkflowapp_workflowstage(id) DEFERRABLE INITIALLY DEFERRED;


--
-- Name: ticketworkflowapp_workflowstagesignature ticketworkflowapp_wo_action_id_27649c76_fk_ticketwor; Type: FK CONSTRAINT; Schema: public; Owner: postgres
--

ALTER TABLE ONLY public.ticketworkflowapp_workflowstagesignature
    ADD CONSTRAINT ticketworkflowapp_wo_action_id_27649c76_fk_ticketwor FOREIGN KEY (action_id) REFERENCES public.ticketworkflowapp_workflowstageactions(id) DEFERRABLE INITIALLY DEFERRED;


--
-- Name: ticketworkflowapp_workflowchecklist ticketworkflowapp_wo_assign_access_from_i_1a4f6101_fk_ticketwor; Type: FK CONSTRAINT; Schema: public; Owner: postgres
--

ALTER TABLE ONLY public.ticketworkflowapp_workflowchecklist
    ADD CONSTRAINT ticketworkflowapp_wo_assign_access_from_i_1a4f6101_fk_ticketwor FOREIGN KEY (assign_access_from_id) REFERENCES public.ticketworkflowapp_workflowstage(id) DEFERRABLE INITIALLY DEFERRED;


--
-- Name: ticketworkflowapp_workflowchecklist ticketworkflowapp_wo_checklist_id_492767ed_fk_formsapp_; Type: FK CONSTRAINT; Schema: public; Owner: postgres
--

ALTER TABLE ONLY public.ticketworkflowapp_workflowchecklist
    ADD CONSTRAINT ticketworkflowapp_wo_checklist_id_492767ed_fk_formsapp_ FOREIGN KEY (checklist_id) REFERENCES public.formsapp_form(id) DEFERRABLE INITIALLY DEFERRED;


--
-- Name: ticketworkflowapp_workflowchecklist ticketworkflowapp_wo_criteria_id_101f3689_fk_ticketwor; Type: FK CONSTRAINT; Schema: public; Owner: postgres
--

ALTER TABLE ONLY public.ticketworkflowapp_workflowchecklist
    ADD CONSTRAINT ticketworkflowapp_wo_criteria_id_101f3689_fk_ticketwor FOREIGN KEY (criteria_id) REFERENCES public.ticketworkflowapp_actioncriteria(id) DEFERRABLE INITIALLY DEFERRED;


--
-- Name: ticketworkflowapp_workflowstageactions ticketworkflowapp_wo_criteria_id_5173ba95_fk_ticketwor; Type: FK CONSTRAINT; Schema: public; Owner: postgres
--

ALTER TABLE ONLY public.ticketworkflowapp_workflowstageactions
    ADD CONSTRAINT ticketworkflowapp_wo_criteria_id_5173ba95_fk_ticketwor FOREIGN KEY (criteria_id) REFERENCES public.ticketworkflowapp_actioncriteria(id) DEFERRABLE INITIALLY DEFERRED;


--
-- Name: ticketworkflowapp_workflowdependency ticketworkflowapp_wo_dependent_stage_id_17bcc51f_fk_ticketwor; Type: FK CONSTRAINT; Schema: public; Owner: postgres
--

ALTER TABLE ONLY public.ticketworkflowapp_workflowdependency
    ADD CONSTRAINT ticketworkflowapp_wo_dependent_stage_id_17bcc51f_fk_ticketwor FOREIGN KEY (dependent_stage_id) REFERENCES public.ticketworkflowapp_workflowstage(id) DEFERRABLE INITIALLY DEFERRED;


--
-- Name: ticketworkflowapp_workflowstageactions_allowed_users ticketworkflowapp_wo_employee_id_11593ab0_fk_configapp; Type: FK CONSTRAINT; Schema: public; Owner: postgres
--

ALTER TABLE ONLY public.ticketworkflowapp_workflowstageactions_allowed_users
    ADD CONSTRAINT ticketworkflowapp_wo_employee_id_11593ab0_fk_configapp FOREIGN KEY (employee_id) REFERENCES public.configapp_employee(user_id) DEFERRABLE INITIALLY DEFERRED;


--
-- Name: ticketworkflowapp_workflowsla_users ticketworkflowapp_wo_employee_id_65c8a52e_fk_configapp; Type: FK CONSTRAINT; Schema: public; Owner: postgres
--

ALTER TABLE ONLY public.ticketworkflowapp_workflowsla_users
    ADD CONSTRAINT ticketworkflowapp_wo_employee_id_65c8a52e_fk_configapp FOREIGN KEY (employee_id) REFERENCES public.configapp_employee(user_id) DEFERRABLE INITIALLY DEFERRED;


--
-- Name: ticketworkflowapp_workflowchecklist_section ticketworkflowapp_wo_formsections_id_a6d8137a_fk_formsapp_; Type: FK CONSTRAINT; Schema: public; Owner: postgres
--

ALTER TABLE ONLY public.ticketworkflowapp_workflowchecklist_section
    ADD CONSTRAINT ticketworkflowapp_wo_formsections_id_a6d8137a_fk_formsapp_ FOREIGN KEY (formsections_id) REFERENCES public.formsapp_formsections(id) DEFERRABLE INITIALLY DEFERRED;


--
-- Name: ticketworkflowapp_workflowtransition ticketworkflowapp_wo_from_stage_id_55af58c8_fk_ticketwor; Type: FK CONSTRAINT; Schema: public; Owner: postgres
--

ALTER TABLE ONLY public.ticketworkflowapp_workflowtransition
    ADD CONSTRAINT ticketworkflowapp_wo_from_stage_id_55af58c8_fk_ticketwor FOREIGN KEY (from_stage_id) REFERENCES public.ticketworkflowapp_workflowstage(id) DEFERRABLE INITIALLY DEFERRED;


--
-- Name: ticketworkflowapp_workflowstagesignature ticketworkflowapp_wo_invalidated_by_id_9d62a2a9_fk_configapp; Type: FK CONSTRAINT; Schema: public; Owner: postgres
--

ALTER TABLE ONLY public.ticketworkflowapp_workflowstagesignature
    ADD CONSTRAINT ticketworkflowapp_wo_invalidated_by_id_9d62a2a9_fk_configapp FOREIGN KEY (invalidated_by_id) REFERENCES public.configapp_employee(user_id) DEFERRABLE INITIALLY DEFERRED;


--
-- Name: ticketworkflowapp_workflowdependency ticketworkflowapp_wo_prerequisite_action__d7f19eab_fk_ticketwor; Type: FK CONSTRAINT; Schema: public; Owner: postgres
--

ALTER TABLE ONLY public.ticketworkflowapp_workflowdependency
    ADD CONSTRAINT ticketworkflowapp_wo_prerequisite_action__d7f19eab_fk_ticketwor FOREIGN KEY (prerequisite_action_id) REFERENCES public.ticketworkflowapp_workflowstageactions(id) DEFERRABLE INITIALLY DEFERRED;


--
-- Name: ticketworkflowapp_workflowstage ticketworkflowapp_wo_required_previous_st_ef7c56a3_fk_ticketwor; Type: FK CONSTRAINT; Schema: public; Owner: postgres
--

ALTER TABLE ONLY public.ticketworkflowapp_workflowstage
    ADD CONSTRAINT ticketworkflowapp_wo_required_previous_st_ef7c56a3_fk_ticketwor FOREIGN KEY (required_previous_stage_id) REFERENCES public.ticketworkflowapp_workflowstage(id) DEFERRABLE INITIALLY DEFERRED;


--
-- Name: ticketworkflowapp_workflowchecklist_reader_roles ticketworkflowapp_wo_role_id_0eb3fd9c_fk_configapp; Type: FK CONSTRAINT; Schema: public; Owner: postgres
--

ALTER TABLE ONLY public.ticketworkflowapp_workflowchecklist_reader_roles
    ADD CONSTRAINT ticketworkflowapp_wo_role_id_0eb3fd9c_fk_configapp FOREIGN KEY (role_id) REFERENCES public.configapp_role(id) DEFERRABLE INITIALLY DEFERRED;


--
-- Name: ticketworkflowapp_workflowstageactions_allowed_roles ticketworkflowapp_wo_role_id_c776abf6_fk_configapp; Type: FK CONSTRAINT; Schema: public; Owner: postgres
--

ALTER TABLE ONLY public.ticketworkflowapp_workflowstageactions_allowed_roles
    ADD CONSTRAINT ticketworkflowapp_wo_role_id_c776abf6_fk_configapp FOREIGN KEY (role_id) REFERENCES public.configapp_role(id) DEFERRABLE INITIALLY DEFERRED;


--
-- Name: ticketworkflowapp_workflowchecklist_writer_roles ticketworkflowapp_wo_role_id_ce5f61a1_fk_configapp; Type: FK CONSTRAINT; Schema: public; Owner: postgres
--

ALTER TABLE ONLY public.ticketworkflowapp_workflowchecklist_writer_roles
    ADD CONSTRAINT ticketworkflowapp_wo_role_id_ce5f61a1_fk_configapp FOREIGN KEY (role_id) REFERENCES public.configapp_role(id) DEFERRABLE INITIALLY DEFERRED;


--
-- Name: ticketworkflowapp_workflowsla_roles ticketworkflowapp_wo_role_id_e57fef54_fk_configapp; Type: FK CONSTRAINT; Schema: public; Owner: postgres
--

ALTER TABLE ONLY public.ticketworkflowapp_workflowsla_roles
    ADD CONSTRAINT ticketworkflowapp_wo_role_id_e57fef54_fk_configapp FOREIGN KEY (role_id) REFERENCES public.configapp_role(id) DEFERRABLE INITIALLY DEFERRED;


--
-- Name: ticketworkflowapp_workflowstagesignature ticketworkflowapp_wo_signed_by_id_7eae1337_fk_configapp; Type: FK CONSTRAINT; Schema: public; Owner: postgres
--

ALTER TABLE ONLY public.ticketworkflowapp_workflowstagesignature
    ADD CONSTRAINT ticketworkflowapp_wo_signed_by_id_7eae1337_fk_configapp FOREIGN KEY (signed_by_id) REFERENCES public.configapp_employee(user_id) DEFERRABLE INITIALLY DEFERRED;


--
-- Name: ticketworkflowapp_workflowstagesignature ticketworkflowapp_wo_stage_id_b8b32cdb_fk_ticketwor; Type: FK CONSTRAINT; Schema: public; Owner: postgres
--

ALTER TABLE ONLY public.ticketworkflowapp_workflowstagesignature
    ADD CONSTRAINT ticketworkflowapp_wo_stage_id_b8b32cdb_fk_ticketwor FOREIGN KEY (stage_id) REFERENCES public.ticketworkflowapp_workflowstage(id) DEFERRABLE INITIALLY DEFERRED;


--
-- Name: ticketworkflowapp_workflowstagesignature ticketworkflowapp_wo_ticket_id_0e50e5d3_fk_ticketwor; Type: FK CONSTRAINT; Schema: public; Owner: postgres
--

ALTER TABLE ONLY public.ticketworkflowapp_workflowstagesignature
    ADD CONSTRAINT ticketworkflowapp_wo_ticket_id_0e50e5d3_fk_ticketwor FOREIGN KEY (ticket_id) REFERENCES public.ticketworkflowapp_ticketdetails(id) DEFERRABLE INITIALLY DEFERRED;


--
-- Name: ticketworkflowapp_workflowticketapprovalrequest ticketworkflowapp_wo_ticket_id_6c6d1bca_fk_ticketwor; Type: FK CONSTRAINT; Schema: public; Owner: postgres
--

ALTER TABLE ONLY public.ticketworkflowapp_workflowticketapprovalrequest
    ADD CONSTRAINT ticketworkflowapp_wo_ticket_id_6c6d1bca_fk_ticketwor FOREIGN KEY (ticket_id) REFERENCES public.ticketworkflowapp_ticketdetails(id) DEFERRABLE INITIALLY DEFERRED;


--
-- Name: ticketworkflowapp_workflowtransition ticketworkflowapp_wo_to_stage_id_16937cbd_fk_ticketwor; Type: FK CONSTRAINT; Schema: public; Owner: postgres
--

ALTER TABLE ONLY public.ticketworkflowapp_workflowtransition
    ADD CONSTRAINT ticketworkflowapp_wo_to_stage_id_16937cbd_fk_ticketwor FOREIGN KEY (to_stage_id) REFERENCES public.ticketworkflowapp_workflowstage(id) DEFERRABLE INITIALLY DEFERRED;


--
-- Name: ticketworkflowapp_workflow ticketworkflowapp_wo_type_id_d3d13711_fk_ticketwor; Type: FK CONSTRAINT; Schema: public; Owner: postgres
--

ALTER TABLE ONLY public.ticketworkflowapp_workflow
    ADD CONSTRAINT ticketworkflowapp_wo_type_id_d3d13711_fk_ticketwor FOREIGN KEY (type_id) REFERENCES public.ticketworkflowapp_workflowtype(id) DEFERRABLE INITIALLY DEFERRED;


--
-- Name: ticketworkflowapp_workflowstageactions ticketworkflowapp_wo_workflow_action_id_7d646509_fk_ticketwor; Type: FK CONSTRAINT; Schema: public; Owner: postgres
--

ALTER TABLE ONLY public.ticketworkflowapp_workflowstageactions
    ADD CONSTRAINT ticketworkflowapp_wo_workflow_action_id_7d646509_fk_ticketwor FOREIGN KEY (workflow_action_id) REFERENCES public.ticketworkflowapp_workflowstagestatus(id) DEFERRABLE INITIALLY DEFERRED;


--
-- Name: ticketworkflowapp_workflowstage ticketworkflowapp_wo_workflow_id_298583d2_fk_ticketwor; Type: FK CONSTRAINT; Schema: public; Owner: postgres
--

ALTER TABLE ONLY public.ticketworkflowapp_workflowstage
    ADD CONSTRAINT ticketworkflowapp_wo_workflow_id_298583d2_fk_ticketwor FOREIGN KEY (workflow_id) REFERENCES public.ticketworkflowapp_workflow(id) DEFERRABLE INITIALLY DEFERRED;


--
-- Name: ticketworkflowapp_workflowchecklisttemp ticketworkflowapp_wo_workflow_id_81a3e495_fk_ticketwor; Type: FK CONSTRAINT; Schema: public; Owner: postgres
--

ALTER TABLE ONLY public.ticketworkflowapp_workflowchecklisttemp
    ADD CONSTRAINT ticketworkflowapp_wo_workflow_id_81a3e495_fk_ticketwor FOREIGN KEY (workflow_id) REFERENCES public.ticketworkflowapp_workflow(id) DEFERRABLE INITIALLY DEFERRED;


--
-- Name: ticketworkflowapp_workflowtransition ticketworkflowapp_wo_workflow_id_95f7b222_fk_ticketwor; Type: FK CONSTRAINT; Schema: public; Owner: postgres
--

ALTER TABLE ONLY public.ticketworkflowapp_workflowtransition
    ADD CONSTRAINT ticketworkflowapp_wo_workflow_id_95f7b222_fk_ticketwor FOREIGN KEY (workflow_id) REFERENCES public.ticketworkflowapp_workflow(id) DEFERRABLE INITIALLY DEFERRED;


--
-- Name: ticketworkflowapp_workflowticketapprovalrequest ticketworkflowapp_wo_workflow_id_e728272c_fk_ticketwor; Type: FK CONSTRAINT; Schema: public; Owner: postgres
--

ALTER TABLE ONLY public.ticketworkflowapp_workflowticketapprovalrequest
    ADD CONSTRAINT ticketworkflowapp_wo_workflow_id_e728272c_fk_ticketwor FOREIGN KEY (workflow_id) REFERENCES public.ticketworkflowapp_workflow(id) DEFERRABLE INITIALLY DEFERRED;


--
-- Name: ticketworkflowapp_workflowstageactions ticketworkflowapp_wo_workflow_stage_id_229bc5c5_fk_ticketwor; Type: FK CONSTRAINT; Schema: public; Owner: postgres
--

ALTER TABLE ONLY public.ticketworkflowapp_workflowstageactions
    ADD CONSTRAINT ticketworkflowapp_wo_workflow_stage_id_229bc5c5_fk_ticketwor FOREIGN KEY (workflow_stage_id) REFERENCES public.ticketworkflowapp_workflowstage(id) DEFERRABLE INITIALLY DEFERRED;


--
-- Name: ticketworkflowapp_workflowchecklist ticketworkflowapp_wo_workflow_stage_id_aebb4639_fk_ticketwor; Type: FK CONSTRAINT; Schema: public; Owner: postgres
--

ALTER TABLE ONLY public.ticketworkflowapp_workflowchecklist
    ADD CONSTRAINT ticketworkflowapp_wo_workflow_stage_id_aebb4639_fk_ticketwor FOREIGN KEY (workflow_stage_id) REFERENCES public.ticketworkflowapp_workflowstage(id) DEFERRABLE INITIALLY DEFERRED;


--
-- Name: ticketworkflowapp_workflowchecklist_writer_roles ticketworkflowapp_wo_workflowchecklist_id_1c42bb5e_fk_ticketwor; Type: FK CONSTRAINT; Schema: public; Owner: postgres
--

ALTER TABLE ONLY public.ticketworkflowapp_workflowchecklist_writer_roles
    ADD CONSTRAINT ticketworkflowapp_wo_workflowchecklist_id_1c42bb5e_fk_ticketwor FOREIGN KEY (workflowchecklist_id) REFERENCES public.ticketworkflowapp_workflowchecklist(id) DEFERRABLE INITIALLY DEFERRED;


--
-- Name: ticketworkflowapp_workflowchecklist_reader_roles ticketworkflowapp_wo_workflowchecklist_id_b9827449_fk_ticketwor; Type: FK CONSTRAINT; Schema: public; Owner: postgres
--

ALTER TABLE ONLY public.ticketworkflowapp_workflowchecklist_reader_roles
    ADD CONSTRAINT ticketworkflowapp_wo_workflowchecklist_id_b9827449_fk_ticketwor FOREIGN KEY (workflowchecklist_id) REFERENCES public.ticketworkflowapp_workflowchecklist(id) DEFERRABLE INITIALLY DEFERRED;


--
-- Name: ticketworkflowapp_workflowchecklist_section ticketworkflowapp_wo_workflowchecklist_id_e2b71ab0_fk_ticketwor; Type: FK CONSTRAINT; Schema: public; Owner: postgres
--

ALTER TABLE ONLY public.ticketworkflowapp_workflowchecklist_section
    ADD CONSTRAINT ticketworkflowapp_wo_workflowchecklist_id_e2b71ab0_fk_ticketwor FOREIGN KEY (workflowchecklist_id) REFERENCES public.ticketworkflowapp_workflowchecklist(id) DEFERRABLE INITIALLY DEFERRED;


--
-- Name: ticketworkflowapp_workflowsla_roles ticketworkflowapp_wo_workflowsla_id_21a8826d_fk_ticketwor; Type: FK CONSTRAINT; Schema: public; Owner: postgres
--

ALTER TABLE ONLY public.ticketworkflowapp_workflowsla_roles
    ADD CONSTRAINT ticketworkflowapp_wo_workflowsla_id_21a8826d_fk_ticketwor FOREIGN KEY (workflowsla_id) REFERENCES public.ticketworkflowapp_workflowsla(id) DEFERRABLE INITIALLY DEFERRED;


--
-- Name: ticketworkflowapp_workflowsla_users ticketworkflowapp_wo_workflowsla_id_3dab031b_fk_ticketwor; Type: FK CONSTRAINT; Schema: public; Owner: postgres
--

ALTER TABLE ONLY public.ticketworkflowapp_workflowsla_users
    ADD CONSTRAINT ticketworkflowapp_wo_workflowsla_id_3dab031b_fk_ticketwor FOREIGN KEY (workflowsla_id) REFERENCES public.ticketworkflowapp_workflowsla(id) DEFERRABLE INITIALLY DEFERRED;


--
-- Name: ticketworkflowapp_workflowsla ticketworkflowapp_wo_workflowstage_id_45c18c0d_fk_ticketwor; Type: FK CONSTRAINT; Schema: public; Owner: postgres
--

ALTER TABLE ONLY public.ticketworkflowapp_workflowsla
    ADD CONSTRAINT ticketworkflowapp_wo_workflowstage_id_45c18c0d_fk_ticketwor FOREIGN KEY (workflowstage_id) REFERENCES public.ticketworkflowapp_workflowstage(id) DEFERRABLE INITIALLY DEFERRED;


--
-- Name: ticketworkflowapp_workflowstageactions_allowed_roles ticketworkflowapp_wo_workflowstageactions_34452f64_fk_ticketwor; Type: FK CONSTRAINT; Schema: public; Owner: postgres
--

ALTER TABLE ONLY public.ticketworkflowapp_workflowstageactions_allowed_roles
    ADD CONSTRAINT ticketworkflowapp_wo_workflowstageactions_34452f64_fk_ticketwor FOREIGN KEY (workflowstageactions_id) REFERENCES public.ticketworkflowapp_workflowstageactions(id) DEFERRABLE INITIALLY DEFERRED;


--
-- Name: ticketworkflowapp_workflowstageactions_allowed_users ticketworkflowapp_wo_workflowstageactions_5b6f20a2_fk_ticketwor; Type: FK CONSTRAINT; Schema: public; Owner: postgres
--

ALTER TABLE ONLY public.ticketworkflowapp_workflowstageactions_allowed_users
    ADD CONSTRAINT ticketworkflowapp_wo_workflowstageactions_5b6f20a2_fk_ticketwor FOREIGN KEY (workflowstageactions_id) REFERENCES public.ticketworkflowapp_workflowstageactions(id) DEFERRABLE INITIALLY DEFERRED;


--
-- Name: tms_option tms_option_question_id_49b6b29a_fk_tms_question_id; Type: FK CONSTRAINT; Schema: public; Owner: postgres
--

ALTER TABLE ONLY public.tms_option
    ADD CONSTRAINT tms_option_question_id_49b6b29a_fk_tms_question_id FOREIGN KEY (question_id) REFERENCES public.tms_question(id) DEFERRABLE INITIALLY DEFERRED;


--
-- Name: tms_question tms_question_quiz_id_652c6adf_fk_tms_quiz_id; Type: FK CONSTRAINT; Schema: public; Owner: postgres
--

ALTER TABLE ONLY public.tms_question
    ADD CONSTRAINT tms_question_quiz_id_652c6adf_fk_tms_quiz_id FOREIGN KEY (quiz_id) REFERENCES public.tms_quiz(id) DEFERRABLE INITIALLY DEFERRED;


--
-- Name: tms_submittedanswer tms_submittedanswer_option_id_4c4994f3_fk_tms_option_id; Type: FK CONSTRAINT; Schema: public; Owner: postgres
--

ALTER TABLE ONLY public.tms_submittedanswer
    ADD CONSTRAINT tms_submittedanswer_option_id_4c4994f3_fk_tms_option_id FOREIGN KEY (option_id) REFERENCES public.tms_option(id) DEFERRABLE INITIALLY DEFERRED;


--
-- Name: tms_submittedanswer tms_submittedanswer_question_id_d8370817_fk_tms_question_id; Type: FK CONSTRAINT; Schema: public; Owner: postgres
--

ALTER TABLE ONLY public.tms_submittedanswer
    ADD CONSTRAINT tms_submittedanswer_question_id_d8370817_fk_tms_question_id FOREIGN KEY (question_id) REFERENCES public.tms_question(id) DEFERRABLE INITIALLY DEFERRED;


--
-- Name: tms_submittedanswer tms_submittedanswer_ticket_id_77ab88a7_fk_ticketwor; Type: FK CONSTRAINT; Schema: public; Owner: postgres
--

ALTER TABLE ONLY public.tms_submittedanswer
    ADD CONSTRAINT tms_submittedanswer_ticket_id_77ab88a7_fk_ticketwor FOREIGN KEY (ticket_id) REFERENCES public.ticketworkflowapp_ticketdetails(id) DEFERRABLE INITIALLY DEFERRED;


--
-- Name: tms_submittedanswer tms_submittedanswer_user_id_c9911c31_fk_configapp; Type: FK CONSTRAINT; Schema: public; Owner: postgres
--

ALTER TABLE ONLY public.tms_submittedanswer
    ADD CONSTRAINT tms_submittedanswer_user_id_c9911c31_fk_configapp FOREIGN KEY (user_id) REFERENCES public.configapp_employee(user_id) DEFERRABLE INITIALLY DEFERRED;


--
-- Name: tms_trainingassign tms_trainingassign_assigned_by_id_dc4dce95_fk_configapp; Type: FK CONSTRAINT; Schema: public; Owner: postgres
--

ALTER TABLE ONLY public.tms_trainingassign
    ADD CONSTRAINT tms_trainingassign_assigned_by_id_dc4dce95_fk_configapp FOREIGN KEY (assigned_by_id) REFERENCES public.configapp_employee(user_id) DEFERRABLE INITIALLY DEFERRED;


--
-- Name: tms_trainingassign tms_trainingassign_assigned_to_id_e319a137_fk_configapp; Type: FK CONSTRAINT; Schema: public; Owner: postgres
--

ALTER TABLE ONLY public.tms_trainingassign
    ADD CONSTRAINT tms_trainingassign_assigned_to_id_e319a137_fk_configapp FOREIGN KEY (assigned_to_id) REFERENCES public.configapp_employee(user_id) DEFERRABLE INITIALLY DEFERRED;


--
-- Name: tms_trainingassign_course tms_trainingassign_c_trainingassign_id_ce8bff98_fk_tms_train; Type: FK CONSTRAINT; Schema: public; Owner: postgres
--

ALTER TABLE ONLY public.tms_trainingassign_course
    ADD CONSTRAINT tms_trainingassign_c_trainingassign_id_ce8bff98_fk_tms_train FOREIGN KEY (trainingassign_id) REFERENCES public.tms_trainingassign(id) DEFERRABLE INITIALLY DEFERRED;


--
-- Name: tms_trainingassign_course tms_trainingassign_c_trainingcourse_id_ca5afb8e_fk_tms_train; Type: FK CONSTRAINT; Schema: public; Owner: postgres
--

ALTER TABLE ONLY public.tms_trainingassign_course
    ADD CONSTRAINT tms_trainingassign_c_trainingcourse_id_ca5afb8e_fk_tms_train FOREIGN KEY (trainingcourse_id) REFERENCES public.tms_trainingcourse(id) DEFERRABLE INITIALLY DEFERRED;


--
-- Name: tms_trainingassign tms_trainingassign_module_id_d16c45d3_fk_tms_trainingmodules_id; Type: FK CONSTRAINT; Schema: public; Owner: postgres
--

ALTER TABLE ONLY public.tms_trainingassign
    ADD CONSTRAINT tms_trainingassign_module_id_d16c45d3_fk_tms_trainingmodules_id FOREIGN KEY (module_id) REFERENCES public.tms_trainingmodules(id) DEFERRABLE INITIALLY DEFERRED;


--
-- Name: tms_trainingassign tms_trainingassign_ticket_id_c1dee0f2_fk_ticketwor; Type: FK CONSTRAINT; Schema: public; Owner: postgres
--

ALTER TABLE ONLY public.tms_trainingassign
    ADD CONSTRAINT tms_trainingassign_ticket_id_c1dee0f2_fk_ticketwor FOREIGN KEY (ticket_id) REFERENCES public.ticketworkflowapp_ticketdetails(id) DEFERRABLE INITIALLY DEFERRED;


--
-- Name: tms_trainingchapters tms_trainingchapters_course_id_4a877f73_fk_tms_train; Type: FK CONSTRAINT; Schema: public; Owner: postgres
--

ALTER TABLE ONLY public.tms_trainingchapters
    ADD CONSTRAINT tms_trainingchapters_course_id_4a877f73_fk_tms_train FOREIGN KEY (course_id) REFERENCES public.tms_trainingcourse(id) DEFERRABLE INITIALLY DEFERRED;


--
-- Name: tms_trainingchapters_tag tms_trainingchapters_tag_tags_id_0e12ea31_fk_tms_tags_id; Type: FK CONSTRAINT; Schema: public; Owner: postgres
--

ALTER TABLE ONLY public.tms_trainingchapters_tag
    ADD CONSTRAINT tms_trainingchapters_tag_tags_id_0e12ea31_fk_tms_tags_id FOREIGN KEY (tags_id) REFERENCES public.tms_tags(id) DEFERRABLE INITIALLY DEFERRED;


--
-- Name: tms_trainingchapters_tag tms_trainingchapters_trainingchapters_id_01ae0019_fk_tms_train; Type: FK CONSTRAINT; Schema: public; Owner: postgres
--

ALTER TABLE ONLY public.tms_trainingchapters_tag
    ADD CONSTRAINT tms_trainingchapters_trainingchapters_id_01ae0019_fk_tms_train FOREIGN KEY (trainingchapters_id) REFERENCES public.tms_trainingchapters(id) DEFERRABLE INITIALLY DEFERRED;


--
-- Name: tms_trainingcourse tms_trainingcourse_module_id_aab464dc_fk_tms_trainingmodules_id; Type: FK CONSTRAINT; Schema: public; Owner: postgres
--

ALTER TABLE ONLY public.tms_trainingcourse
    ADD CONSTRAINT tms_trainingcourse_module_id_aab464dc_fk_tms_trainingmodules_id FOREIGN KEY (module_id) REFERENCES public.tms_trainingmodules(id) DEFERRABLE INITIALLY DEFERRED;


--
-- Name: tms_trainingcourse tms_trainingcourse_quiz_id_bd0b78ad_fk_tms_quiz_id; Type: FK CONSTRAINT; Schema: public; Owner: postgres
--

ALTER TABLE ONLY public.tms_trainingcourse
    ADD CONSTRAINT tms_trainingcourse_quiz_id_bd0b78ad_fk_tms_quiz_id FOREIGN KEY (quiz_id) REFERENCES public.tms_quiz(id) DEFERRABLE INITIALLY DEFERRED;


--
-- Name: tms_trainingcourse_tag tms_trainingcourse_t_trainingcourse_id_4d439b8e_fk_tms_train; Type: FK CONSTRAINT; Schema: public; Owner: postgres
--

ALTER TABLE ONLY public.tms_trainingcourse_tag
    ADD CONSTRAINT tms_trainingcourse_t_trainingcourse_id_4d439b8e_fk_tms_train FOREIGN KEY (trainingcourse_id) REFERENCES public.tms_trainingcourse(id) DEFERRABLE INITIALLY DEFERRED;


--
-- Name: tms_trainingcourse_tag tms_trainingcourse_tag_tags_id_dfcd2259_fk_tms_tags_id; Type: FK CONSTRAINT; Schema: public; Owner: postgres
--

ALTER TABLE ONLY public.tms_trainingcourse_tag
    ADD CONSTRAINT tms_trainingcourse_tag_tags_id_dfcd2259_fk_tms_tags_id FOREIGN KEY (tags_id) REFERENCES public.tms_tags(id) DEFERRABLE INITIALLY DEFERRED;


--
-- Name: tms_trainingmodules tms_trainingmodules_category_id_14888541_fk_tms_train; Type: FK CONSTRAINT; Schema: public; Owner: postgres
--

ALTER TABLE ONLY public.tms_trainingmodules
    ADD CONSTRAINT tms_trainingmodules_category_id_14888541_fk_tms_train FOREIGN KEY (category_id) REFERENCES public.tms_trainingcategory(id) DEFERRABLE INITIALLY DEFERRED;


--
-- Name: tms_trainingresources tms_trainingresource_chapter_id_230ffb62_fk_tms_train; Type: FK CONSTRAINT; Schema: public; Owner: postgres
--

ALTER TABLE ONLY public.tms_trainingresources
    ADD CONSTRAINT tms_trainingresource_chapter_id_230ffb62_fk_tms_train FOREIGN KEY (chapter_id) REFERENCES public.tms_trainingchapters(id) DEFERRABLE INITIALLY DEFERRED;


--
-- Name: tms_trainingvideos tms_trainingvideos_chapter_id_18ec5584_fk_tms_train; Type: FK CONSTRAINT; Schema: public; Owner: postgres
--

ALTER TABLE ONLY public.tms_trainingvideos
    ADD CONSTRAINT tms_trainingvideos_chapter_id_18ec5584_fk_tms_train FOREIGN KEY (chapter_id) REFERENCES public.tms_trainingchapters(id) DEFERRABLE INITIALLY DEFERRED;


--
-- Name: tms_videoprogress tms_videoprogress_ticket_id_536a37c8_fk_ticketwor; Type: FK CONSTRAINT; Schema: public; Owner: postgres
--

ALTER TABLE ONLY public.tms_videoprogress
    ADD CONSTRAINT tms_videoprogress_ticket_id_536a37c8_fk_ticketwor FOREIGN KEY (ticket_id) REFERENCES public.ticketworkflowapp_ticketdetails(id) DEFERRABLE INITIALLY DEFERRED;


--
-- Name: tms_videoprogress tms_videoprogress_user_id_f735907a_fk_configapp; Type: FK CONSTRAINT; Schema: public; Owner: postgres
--

ALTER TABLE ONLY public.tms_videoprogress
    ADD CONSTRAINT tms_videoprogress_user_id_f735907a_fk_configapp FOREIGN KEY (user_id) REFERENCES public.configapp_employee(user_id) DEFERRABLE INITIALLY DEFERRED;


--
-- Name: tms_videoprogress tms_videoprogress_video_id_e5df2984_fk_tms_trainingvideos_id; Type: FK CONSTRAINT; Schema: public; Owner: postgres
--

ALTER TABLE ONLY public.tms_videoprogress
    ADD CONSTRAINT tms_videoprogress_video_id_e5df2984_fk_tms_trainingvideos_id FOREIGN KEY (video_id) REFERENCES public.tms_trainingvideos(id) DEFERRABLE INITIALLY DEFERRED;


--
-- Name: SCHEMA public; Type: ACL; Schema: -; Owner: postgres
--

REVOKE USAGE ON SCHEMA public FROM PUBLIC;
GRANT ALL ON SCHEMA public TO PUBLIC;


--
-- PostgreSQL database dump complete
--

\unrestrict bpNFZbTW6mFcASyPLcLO3wgdgas6UgopgTmGFMmeFOZZlBbiCYoqwuNp6LGyGMI

